t,tpcc_warehouse_count,tpcc_warehouse_affinity,c_tag,c_mutex,c_worker_threads,c_pin_threads,c_smt,c_free_pct,c_cool_pct,c_pp_threads,c_partition_bits,c_dram_gib,c_target_gib,c_run_for_seconds,c_fs,c_bstar,c_bulk_insert,c_backoff_strategy,c_cm_split,c_cm_update_on,c_cm_period,c_cm_slowpath_threshold,c_su_kwaymerge,c_su_merge,c_su_target_pct,c_zipf_factor,c_backoff,c_hash,space_usage_gib,consumed_pages,p1_pct,p2_pct,p3_pct,poll_pct,find_parent_pct,iterate_children_pct,pc1,pc2,pc3,free_pct,cool_pct,cool_pct_should,evicted_mib,rounds,touches,unswizzled,submit_ms,async_mb_ws,w_mib,allocate_ops,r_mib,tx
0,100,0,arm-ubuntu18,1,1,0,1,1,20,0,6,80.00,0.00,10,0,0,0,0,0,7,14,1,5,0,80.00,0.00,512,4060952843860606973,18.25,1195938,nan,nan,nan,nan,nan,nan,0,0,0,76.48,0.00,0,0.00,0,0,0,nan,0,0.00,1195938,0.00,3
1,100,0,arm-ubuntu18,1,1,0,1,1,20,0,6,80.00,0.00,10,0,0,0,0,0,7,14,1,5,0,80.00,0.00,512,4060952843860606973,18.27,1197481,nan,nan,nan,nan,nan,nan,0,0,0,76.45,0.00,0,0.00,0,0,0,nan,0,0.00,1552,0.00,32780
2,100,0,arm-ubuntu18,1,1,0,1,1,20,0,6,80.00,0.00,10,0,0,0,0,0,7,14,1,5,0,80.00,0.00,512,4060952843860606973,18.30,1199613,nan,nan,nan,nan,nan,nan,0,0,0,76.40,0.00,0,0.00,0,0,0,nan,0,0.00,2133,0.00,34165
3,100,0,arm-ubuntu18,1,1,0,1,1,20,0,6,80.00,0.00,10,0,0,0,0,0,7,14,1,5,0,80.00,0.00,512,4060952843860606973,18.34,1201682,nan,nan,nan,nan,nan,nan,0,0,0,76.36,0.00,0,0.00,0,0,0,nan,0,0.00,2070,0.00,33751
4,100,0,arm-ubuntu18,1,1,0,1,1,20,0,6,80.00,0.00,10,0,0,0,0,0,7,14,1,5,0,80.00,0.00,512,4060952843860606973,18.37,1203783,nan,nan,nan,nan,nan,nan,0,0,0,76.32,0.00,0,0.00,0,0,0,nan,0,0.00,2103,0.00,33739
5,100,0,arm-ubuntu18,1,1,0,1,1,20,0,6,80.00,0.00,10,0,0,0,0,0,7,14,1,5,0,80.00,0.00,512,4060952843860606973,18.40,1205867,nan,nan,nan,nan,nan,nan,0,0,0,76.28,0.00,0,0.00,0,0,0,nan,0,0.00,2089,0.00,33649
6,100,0,arm-ubuntu18,1,1,0,1,1,20,0,6,80.00,0.00,10,0,0,0,0,0,7,14,1,5,0,80.00,0.00,512,4060952843860606973,18.43,1207989,nan,nan,nan,nan,nan,nan,0,0,0,76.24,0.00,0,0.00,0,0,0,nan,0,0.00,2130,0.00,33687
7,100,0,arm-ubuntu18,1,1,0,1,1,20,0,6,80.00,0.00,10,0,0,0,0,0,7,14,1,5,0,80.00,0.00,512,4060952843860606973,18.46,1210082,nan,nan,nan,nan,nan,nan,0,0,0,76.20,0.00,0,0.00,0,0,0,nan,0,0.00,2099,0.00,33764
8,100,0,arm-ubuntu18,1,1,0,1,1,20,0,6,80.00,0.00,10,0,0,0,0,0,7,14,1,5,0,80.00,0.00,512,4060952843860606973,18.50,1212283,nan,nan,nan,nan,nan,nan,0,0,0,76.15,0.00,0,0.00,0,0,0,nan,0,0.00,2205,0.00,33391
9,100,0,arm-ubuntu18,1,1,0,1,1,20,0,6,80.00,0.00,10,0,0,0,0,0,7,14,1,5,0,80.00,0.00,512,4060952843860606973,18.54,1214825,nan,nan,nan,nan,nan,nan,0,0,0,76.10,0.00,0,0.00,0,0,0,nan,0,0.00,2544,0.00,33494
0,100,0,arm-ubuntu18,1,1,0,1,1,20,0,6,80.00,0.00,10,0,0,0,0,1,7,14,1,5,0,80.00,0.00,512,10143592741971188246,18.25,1196097,nan,nan,nan,nan,nan,nan,0,0,0,76.47,0.00,0,0.00,0,0,0,nan,0,0.00,1196097,0.00,0
1,100,0,arm-ubuntu18,1,1,0,1,1,20,0,6,80.00,0.00,10,0,0,0,0,1,7,14,1,5,0,80.00,0.00,512,10143592741971188246,18.27,1197642,nan,nan,nan,nan,nan,nan,0,0,0,76.44,0.00,0,0.00,0,0,0,nan,0,0.00,1560,0.00,32638
2,100,0,arm-ubuntu18,1,1,0,1,1,20,0,6,80.00,0.00,10,0,0,0,0,1,7,14,1,5,0,80.00,0.00,512,10143592741971188246,18.31,1199737,nan,nan,nan,nan,nan,nan,0,0,0,76.40,0.00,0,0.00,0,0,0,nan,0,0.00,2096,0.00,34004
3,100,0,arm-ubuntu18,1,1,0,1,1,20,0,6,80.00,0.00,10,0,0,0,0,1,7,14,1,5,0,80.00,0.00,512,10143592741971188246,18.34,1201808,nan,nan,nan,nan,nan,nan,0,0,0,76.36,0.00,0,0.00,0,0,0,nan,0,0.00,2073,0.00,33646
4,100,0,arm-ubuntu18,1,1,0,1,1,20,0,6,80.00,0.00,10,0,0,0,0,1,7,14,1,5,0,80.00,0.00,512,10143592741971188246,18.37,1203887,nan,nan,nan,nan,nan,nan,0,0,0,76.32,0.00,0,0.00,0,0,0,nan,0,0.00,2084,0.00,33510
5,100,0,arm-ubuntu18,1,1,0,1,1,20,0,6,80.00,0.00,10,0,0,0,0,1,7,14,1,5,0,80.00,0.00,512,10143592741971188246,18.40,1205951,nan,nan,nan,nan,nan,nan,0,0,0,76.28,0.00,0,0.00,0,0,0,nan,0,0.00,2065,0.00,33582
6,100,0,arm-ubuntu18,1,1,0,1,1,20,0,6,80.00,0.00,10,0,0,0,0,1,7,14,1,5,0,80.00,0.00,512,10143592741971188246,18.43,1208051,nan,nan,nan,nan,nan,nan,0,0,0,76.24,0.00,0,0.00,0,0,0,nan,0,0.00,2107,0.00,33554
7,100,0,arm-ubuntu18,1,1,0,1,1,20,0,6,80.00,0.00,10,0,0,0,0,1,7,14,1,5,0,80.00,0.00,512,10143592741971188246,18.47,1210163,nan,nan,nan,nan,nan,nan,0,0,0,76.20,0.00,0,0.00,0,0,0,nan,0,0.00,2113,0.00,33587
8,100,0,arm-ubuntu18,1,1,0,1,1,20,0,6,80.00,0.00,10,0,0,0,0,1,7,14,1,5,0,80.00,0.00,512,10143592741971188246,18.50,1212349,nan,nan,nan,nan,nan,nan,0,0,0,76.15,0.00,0,0.00,0,0,0,nan,0,0.00,2190,0.00,33203
9,100,0,arm-ubuntu18,1,1,0,1,1,20,0,6,80.00,0.00,10,0,0,0,0,1,7,14,1,5,0,80.00,0.00,512,10143592741971188246,18.54,1214829,nan,nan,nan,nan,nan,nan,0,0,0,76.10,0.00,0,0.00,0,0,0,nan,0,0.00,2482,0.00,33404
0,100,0,arm-ubuntu18,1,8,0,1,1,20,0,6,80.00,0.00,10,0,0,0,0,0,7,14,1,5,0,80.00,0.00,512,16873104788869051131,18.25,1195888,nan,nan,nan,nan,nan,nan,0,0,0,76.48,0.00,0,0.00,0,0,0,nan,0,0.00,1195888,0.00,0
1,100,0,arm-ubuntu18,1,8,0,1,1,20,0,6,80.00,0.00,10,0,0,0,0,0,7,14,1,5,0,80.00,0.00,512,16873104788869051131,18.49,1211584,nan,nan,nan,nan,nan,nan,0,0,0,76.17,0.00,0,0.00,0,0,0,nan,0,0.00,15721,0.00,258907
2,100,0,arm-ubuntu18,1,8,0,1,1,20,0,6,80.00,0.00,10,0,0,0,0,0,7,14,1,5,0,80.00,0.00,512,16873104788869051131,18.75,1228549,nan,nan,nan,nan,nan,nan,0,0,0,75.84,0.00,0,0.00,0,0,0,nan,0,0.00,17006,0.00,259290
3,100,0,arm-ubuntu18,1,8,0,1,1,20,0,6,80.00,0.00,10,0,0,0,0,0,7,14,1,5,0,80.00,0.00,512,16873104788869051131,19.00,1245187,nan,nan,nan,nan,nan,nan,0,0,0,75.51,0.00,0,0.00,0,0,0,nan,0,0.00,16962,0.00,256442
4,100,0,arm-ubuntu18,1,8,0,1,1,20,0,6,80.00,0.00,10,0,0,0,0,0,7,14,1,5,0,80.00,0.00,512,16873104788869051131,19.26,1262156,nan,nan,nan,nan,nan,nan,0,0,0,75.17,0.00,0,0.00,0,0,0,nan,0,0.00,17406,0.00,257750
5,100,0,arm-ubuntu18,1,8,0,1,1,20,0,6,80.00,0.00,10,0,0,0,0,0,7,14,1,5,0,80.00,0.00,512,16873104788869051131,19.51,1278913,nan,nan,nan,nan,nan,nan,0,0,0,74.84,0.00,0,0.00,0,0,0,nan,0,0.00,17218,0.00,256025
6,100,0,arm-ubuntu18,1,8,0,1,1,20,0,6,80.00,0.00,10,0,0,0,0,0,7,14,1,5,0,80.00,0.00,512,16873104788869051131,19.77,1295792,nan,nan,nan,nan,nan,nan,0,0,0,74.51,0.00,0,0.00,0,0,0,nan,0,0.00,17274,0.00,256478
7,100,0,arm-ubuntu18,1,8,0,1,1,20,0,6,80.00,0.00,10,0,0,0,0,0,7,14,1,5,0,80.00,0.00,512,16873104788869051131,20.03,1312592,nan,nan,nan,nan,nan,nan,0,0,0,74.18,0.00,0,0.00,0,0,0,nan,0,0.00,17173,0.00,255452
8,100,0,arm-ubuntu18,1,8,0,1,1,20,0,6,80.00,0.00,10,0,0,0,0,0,7,14,1,5,0,80.00,0.00,512,16873104788869051131,20.29,1329476,nan,nan,nan,nan,nan,nan,0,0,0,73.85,0.00,0,0.00,0,0,0,nan,0,0.00,17290,0.00,256300
9,100,0,arm-ubuntu18,1,8,0,1,1,20,0,6,80.00,0.00,10,0,0,0,0,0,7,14,1,5,0,80.00,0.00,512,16873104788869051131,20.54,1346036,nan,nan,nan,nan,nan,nan,0,0,0,73.52,0.00,0,0.00,0,0,0,nan,0,0.00,16981,0.00,253987
0,100,0,arm-ubuntu18,1,8,0,1,1,20,0,6,80.00,0.00,10,0,0,0,0,1,7,14,1,5,0,80.00,0.00,512,1920029383029246669,18.25,1196080,nan,nan,nan,nan,nan,nan,0,0,0,76.47,0.00,0,0.00,0,0,0,nan,0,0.00,1196080,0.00,0
1,100,0,arm-ubuntu18,1,8,0,1,1,20,0,6,80.00,0.00,10,0,0,0,0,1,7,14,1,5,0,80.00,0.00,512,1920029383029246669,18.49,1211783,nan,nan,nan,nan,nan,nan,0,0,0,76.16,0.00,0,0.00,0,0,0,nan,0,0.00,15741,0.00,259786
2,100,0,arm-ubuntu18,1,8,0,1,1,20,0,6,80.00,0.00,10,0,0,0,0,1,7,14,1,5,0,80.00,0.00,512,1920029383029246669,18.75,1228824,nan,nan,nan,nan,nan,nan,0,0,0,75.83,0.00,0,0.00,0,0,0,nan,0,0.00,17065,0.00,259330
3,100,0,arm-ubuntu18,1,8,0,1,1,20,0,6,80.00,0.00,10,0,0,0,0,1,7,14,1,5,0,80.00,0.00,512,1920029383029246669,19.00,1245395,nan,nan,nan,nan,nan,nan,0,0,0,75.50,0.00,0,0.00,0,0,0,nan,0,0.00,16899,0.00,256818
4,100,0,arm-ubuntu18,1,8,0,1,1,20,0,6,80.00,0.00,10,0,0,0,0,1,7,14,1,5,0,80.00,0.00,512,1920029383029246669,19.26,1262310,nan,nan,nan,nan,nan,nan,0,0,0,75.17,0.00,0,0.00,0,0,0,nan,0,0.00,17375,0.00,258189
5,100,0,arm-ubuntu18,1,8,0,1,1,20,0,6,80.00,0.00,10,0,0,0,0,1,7,14,1,5,0,80.00,0.00,512,1920029383029246669,19.52,1279124,nan,nan,nan,nan,nan,nan,0,0,0,74.84,0.00,0,0.00,0,0,0,nan,0,0.00,17268,0.00,256700
6,100,0,arm-ubuntu18,1,8,0,1,1,20,0,6,80.00,0.00,10,0,0,0,0,1,7,14,1,5,0,80.00,0.00,512,1920029383029246669,19.78,1296045,nan,nan,nan,nan,nan,nan,0,0,0,74.51,0.00,0,0.00,0,0,0,nan,0,0.00,17309,0.00,257347
7,100,0,arm-ubuntu18,1,8,0,1,1,20,0,6,80.00,0.00,10,0,0,0,0,1,7,14,1,5,0,80.00,0.00,512,1920029383029246669,20.03,1312983,nan,nan,nan,nan,nan,nan,0,0,0,74.17,0.00,0,0.00,0,0,0,nan,0,0.00,17307,0.00,255999
8,100,0,arm-ubuntu18,1,8,0,1,1,20,0,6,80.00,0.00,10,0,0,0,0,1,7,14,1,5,0,80.00,0.00,512,1920029383029246669,20.29,1329844,nan,nan,nan,nan,nan,nan,0,0,0,73.84,0.00,0,0.00,0,0,0,nan,0,0.00,17276,0.00,257141
9,100,0,arm-ubuntu18,1,8,0,1,1,20,0,6,80.00,0.00,10,0,0,0,0,1,7,14,1,5,0,80.00,0.00,512,1920029383029246669,20.55,1346514,nan,nan,nan,nan,nan,nan,0,0,0,73.51,0.00,0,0.00,0,0,0,nan,0,0.00,17090,0.00,255146
0,100,0,arm-ubuntu18,1,10,0,1,1,20,0,6,80.00,0.00,10,0,0,0,0,0,7,14,1,5,0,80.00,0.00,512,16702049684808707985,18.25,1196276,nan,nan,nan,nan,nan,nan,0,0,0,76.47,0.00,0,0.00,0,0,0,nan,0,0.00,1196276,0.00,0
1,100,0,arm-ubuntu18,1,10,0,1,1,20,0,6,80.00,0.00,10,0,0,0,0,0,7,14,1,5,0,80.00,0.00,512,16702049684808707985,18.57,1216799,nan,nan,nan,nan,nan,nan,0,0,0,76.07,0.00,0,0.00,0,0,0,nan,0,0.00,20550,0.00,324842
2,100,0,arm-ubuntu18,1,10,0,1,1,20,0,6,80.00,0.00,10,0,0,0,0,0,7,14,1,5,0,80.00,0.00,512,16702049684808707985,18.89,1237851,nan,nan,nan,nan,nan,nan,0,0,0,75.65,0.00,0,0.00,0,0,0,nan,0,0.00,21145,0.00,323564
3,100,0,arm-ubuntu18,1,10,0,1,1,20,0,6,80.00,0.00,10,0,0,0,0,0,7,14,1,5,0,80.00,0.00,512,16702049684808707985,19.21,1258620,nan,nan,nan,nan,nan,nan,0,0,0,75.24,0.00,0,0.00,0,0,0,nan,0,0.00,21358,0.00,322200
4,100,0,arm-ubuntu18,1,10,0,1,1,20,0,6,80.00,0.00,10,0,0,0,0,0,7,14,1,5,0,80.00,0.00,512,16702049684808707985,19.53,1279619,nan,nan,nan,nan,nan,nan,0,0,0,74.83,0.00,0,0.00,0,0,0,nan,0,0.00,21583,0.00,322899
5,100,0,arm-ubuntu18,1,10,0,1,1,20,0,6,80.00,0.00,10,0,0,0,0,0,7,14,1,5,0,80.00,0.00,512,16702049684808707985,19.85,1300745,nan,nan,nan,nan,nan,nan,0,0,0,74.41,0.00,0,0.00,0,0,0,nan,0,0.00,21573,0.00,322880
6,100,0,arm-ubuntu18,1,10,0,1,1,20,0,6,80.00,0.00,10,0,0,0,0,0,7,14,1,5,0,80.00,0.00,512,16702049684808707985,20.17,1321894,nan,nan,nan,nan,nan,nan,0,0,0,74.00,0.00,0,0.00,0,0,0,nan,0,0.00,21679,0.00,322183
7,100,0,arm-ubuntu18,1,10,0,1,1,20,0,6,80.00,0.00,10,0,0,0,0,0,7,14,1,5,0,80.00,0.00,512,16702049684808707985,20.49,1342863,nan,nan,nan,nan,nan,nan,0,0,0,73.59,0.00,0,0.00,0,0,0,nan,0,0.00,21492,0.00,320953
8,100,0,arm-ubuntu18,1,10,0,1,1,20,0,6,80.00,0.00,10,0,0,0,0,0,7,14,1,5,0,80.00,0.00,512,16702049684808707985,20.81,1363913,nan,nan,nan,nan,nan,nan,0,0,0,73.17,0.00,0,0.00,0,0,0,nan,0,0.00,21549,0.00,320538
9,100,0,arm-ubuntu18,1,10,0,1,1,20,0,6,80.00,0.00,10,0,0,0,0,0,7,14,1,5,0,80.00,0.00,512,16702049684808707985,21.13,1384786,nan,nan,nan,nan,nan,nan,0,0,0,72.76,0.00,0,0.00,0,0,0,nan,0,0.00,21409,0.00,319800
0,100,0,arm-ubuntu18,1,10,0,1,1,20,0,6,80.00,0.00,10,0,0,0,0,1,7,14,1,5,0,80.00,0.00,512,2445357664372596361,18.25,1196015,nan,nan,nan,nan,nan,nan,0,0,0,76.47,0.00,0,0.00,0,0,0,nan,0,0.00,1196015,0.00,0
1,100,0,arm-ubuntu18,1,10,0,1,1,20,0,6,80.00,0.00,10,0,0,0,0,1,7,14,1,5,0,80.00,0.00,512,2445357664372596361,18.56,1216465,nan,nan,nan,nan,nan,nan,0,0,0,76.07,0.00,0,0.00,0,0,0,nan,0,0.00,20522,0.00,323996
2,100,0,arm-ubuntu18,1,10,0,1,1,20,0,6,80.00,0.00,10,0,0,0,0,1,7,14,1,5,0,80.00,0.00,512,2445357664372596361,18.88,1237424,nan,nan,nan,nan,nan,nan,0,0,0,75.66,0.00,0,0.00,0,0,0,nan,0,0.00,21044,0.00,322183
3,100,0,arm-ubuntu18,1,10,0,1,1,20,0,6,80.00,0.00,10,0,0,0,0,1,7,14,1,5,0,80.00,0.00,512,2445357664372596361,19.20,1258101,nan,nan,nan,nan,nan,nan,0,0,0,75.25,0.00,0,0.00,0,0,0,nan,0,0.00,21261,0.00,320600
4,100,0,arm-ubuntu18,1,10,0,1,1,20,0,6,80.00,0.00,10,0,0,0,0,1,7,14,1,5,0,80.00,0.00,512,2445357664372596361,19.52,1279088,nan,nan,nan,nan,nan,nan,0,0,0,74.84,0.00,0,0.00,0,0,0,nan,0,0.00,21554,0.00,321123
5,100,0,arm-ubuntu18,1,10,0,1,1,20,0,6,80.00,0.00,10,0,0,0,0,1,7,14,1,5,0,80.00,0.00,512,2445357664372596361,19.84,1300081,nan,nan,nan,nan,nan,nan,0,0,0,74.43,0.00,0,0.00,0,0,0,nan,0,0.00,21430,0.00,320735
6,100,0,arm-ubuntu18,1,10,0,1,1,20,0,6,80.00,0.00,10,0,0,0,0,1,7,14,1,5,0,80.00,0.00,512,2445357664372596361,20.16,1321088,nan,nan,nan,nan,nan,nan,0,0,0,74.01,0.00,0,0.00,0,0,0,nan,0,0.00,21534,0.00,319690
7,100,0,arm-ubuntu18,1,10,0,1,1,20,0,6,80.00,0.00,10,0,0,0,0,1,7,14,1,5,0,80.00,0.00,512,2445357664372596361,20.48,1341956,nan,nan,nan,nan,nan,nan,0,0,0,73.60,0.00,0,0.00,0,0,0,nan,0,0.00,21386,0.00,319097
8,100,0,arm-ubuntu18,1,10,0,1,1,20,0,6,80.00,0.00,10,0,0,0,0,1,7,14,1,5,0,80.00,0.00,512,2445357664372596361,20.80,1362876,nan,nan,nan,nan,nan,nan,0,0,0,73.19,0.00,0,0.00,0,0,0,nan,0,0.00,21410,0.00,318322
9,100,0,arm-ubuntu18,1,10,0,1,1,20,0,6,80.00,0.00,10,0,0,0,0,1,7,14,1,5,0,80.00,0.00,512,2445357664372596361,21.11,1383545,nan,nan,nan,nan,nan,nan,0,0,0,72.79,0.00,0,0.00,0,0,0,nan,0,0.00,21211,0.00,317630
0,100,0,arm-ubuntu18,1,16,0,1,1,20,0,6,80.00,0.00,10,0,0,0,0,0,7,14,1,5,0,80.00,0.00,512,12717702769618946921,18.25,1196200,nan,nan,nan,nan,nan,nan,0,0,0,76.47,0.00,0,0.00,0,0,0,nan,0,0.00,1196200,0.00,0
1,100,0,arm-ubuntu18,1,16,0,1,1,20,0,6,80.00,0.00,10,0,0,0,0,0,7,14,1,5,0,80.00,0.00,512,12717702769618946921,18.75,1228773,nan,nan,nan,nan,nan,nan,0,0,0,75.83,0.00,0,0.00,0,0,0,nan,0,0.00,32672,0.00,515891
2,100,0,arm-ubuntu18,1,16,0,1,1,20,0,6,80.00,0.00,10,0,0,0,0,0,7,14,1,5,0,80.00,0.00,512,12717702769618946921,19.26,1262381,nan,nan,nan,nan,nan,nan,0,0,0,75.17,0.00,0,0.00,0,0,0,nan,0,0.00,34363,0.00,514654
3,100,0,arm-ubuntu18,1,16,0,1,1,20,0,6,80.00,0.00,10,0,0,0,0,0,7,14,1,5,0,80.00,0.00,512,12717702769618946921,19.78,1296057,nan,nan,nan,nan,nan,nan,0,0,0,74.51,0.00,0,0.00,0,0,0,nan,0,0.00,34509,0.00,513462
4,100,0,arm-ubuntu18,1,16,0,1,1,20,0,6,80.00,0.00,10,0,0,0,0,0,7,14,1,5,0,80.00,0.00,512,12717702769618946921,20.29,1329720,nan,nan,nan,nan,nan,nan,0,0,0,73.85,0.00,0,0.00,0,0,0,nan,0,0.00,34451,0.00,513128
5,100,0,arm-ubuntu18,1,16,0,1,1,20,0,6,80.00,0.00,10,0,0,0,0,0,7,14,1,5,0,80.00,0.00,512,12717702769618946921,20.80,1362995,nan,nan,nan,nan,nan,nan,0,0,0,73.19,0.00,0,0.00,0,0,0,nan,0,0.00,34108,0.00,509795
6,100,0,arm-ubuntu18,1,16,0,1,1,20,0,6,80.00,0.00,10,0,0,0,0,0,7,14,1,5,0,80.00,0.00,512,12717702769618946921,21.30,1396195,nan,nan,nan,nan,nan,nan,0,0,0,72.54,0.00,0,0.00,0,0,0,nan,0,0.00,34026,0.00,508022
7,100,0,arm-ubuntu18,1,16,0,1,1,20,0,6,80.00,0.00,10,0,0,0,0,0,7,14,1,5,0,80.00,0.00,512,12717702769618946921,21.81,1429508,nan,nan,nan,nan,nan,nan,0,0,0,71.88,0.00,0,0.00,0,0,0,nan,0,0.00,34139,0.00,509379
8,100,0,arm-ubuntu18,1,16,0,1,1,20,0,6,80.00,0.00,10,0,0,0,0,0,7,14,1,5,0,80.00,0.00,512,12717702769618946921,22.32,1462762,nan,nan,nan,nan,nan,nan,0,0,0,71.23,0.00,0,0.00,0,0,0,nan,0,0.00,34068,0.00,509123
9,100,0,arm-ubuntu18,1,16,0,1,1,20,0,6,80.00,0.00,10,0,0,0,0,0,7,14,1,5,0,80.00,0.00,512,12717702769618946921,22.83,1496126,nan,nan,nan,nan,nan,nan,0,0,0,70.57,0.00,0,0.00,0,0,0,nan,0,0.00,34204,0.00,510059
0,100,0,arm-ubuntu18,1,16,0,1,1,20,0,6,80.00,0.00,10,0,0,0,0,1,7,14,1,5,0,80.00,0.00,512,2064084042802003667,18.25,1196316,nan,nan,nan,nan,nan,nan,0,0,0,76.47,0.00,0,0.00,0,0,0,nan,0,0.00,1196316,0.00,0
1,100,0,arm-ubuntu18,1,16,0,1,1,20,0,6,80.00,0.00,10,0,0,0,0,1,7,14,1,5,0,80.00,0.00,512,2064084042802003667,18.75,1228876,nan,nan,nan,nan,nan,nan,0,0,0,75.83,0.00,0,0.00,0,0,0,nan,0,0.00,32694,0.00,515873
2,100,0,arm-ubuntu18,1,16,0,1,1,20,0,6,80.00,0.00,10,0,0,0,0,1,7,14,1,5,0,80.00,0.00,512,2064084042802003667,19.26,1262529,nan,nan,nan,nan,nan,nan,0,0,0,75.17,0.00,0,0.00,0,0,0,nan,0,0.00,34400,0.00,513696
3,100,0,arm-ubuntu18,1,16,0,1,1,20,0,6,80.00,0.00,10,0,0,0,0,1,7,14,1,5,0,80.00,0.00,512,2064084042802003667,19.78,1296307,nan,nan,nan,nan,nan,nan,0,0,0,74.50,0.00,0,0.00,0,0,0,nan,0,0.00,34604,0.00,513625
4,100,0,arm-ubuntu18,1,16,0,1,1,20,0,6,80.00,0.00,10,0,0,0,0,1,7,14,1,5,0,80.00,0.00,512,2064084042802003667,20.30,1330086,nan,nan,nan,nan,nan,nan,0,0,0,73.84,0.00,0,0.00,0,0,0,nan,0,0.00,34539,0.00,513293
5,100,0,arm-ubuntu18,1,16,0,1,1,20,0,6,80.00,0.00,10,0,0,0,0,1,7,14,1,5,0,80.00,0.00,512,2064084042802003667,20.80,1363412,nan,nan,nan,nan,nan,nan,0,0,0,73.18,0.00,0,0.00,0,0,0,nan,0,0.00,34168,0.00,510409
6,100,0,arm-ubuntu18,1,16,0,1,1,20,0,6,80.00,0.00,10,0,0,0,0,1,7,14,1,5,0,80.00,0.00,512,2064084042802003667,21.31,1396738,nan,nan,nan,nan,nan,nan,0,0,0,72.53,0.00,0,0.00,0,0,0,nan,0,0.00,34150,0.00,510856
7,100,0,arm-ubuntu18,1,16,0,1,1,20,0,6,80.00,0.00,10,0,0,0,0,1,7,14,1,5,0,80.00,0.00,512,2064084042802003667,21.82,1429993,nan,nan,nan,nan,nan,nan,0,0,0,71.87,0.00,0,0.00,0,0,0,nan,0,0.00,34105,0.00,510386
8,100,0,arm-ubuntu18,1,16,0,1,1,20,0,6,80.00,0.00,10,0,0,0,0,1,7,14,1,5,0,80.00,0.00,512,2064084042802003667,22.33,1463279,nan,nan,nan,nan,nan,nan,0,0,0,71.22,0.00,0,0.00,0,0,0,nan,0,0.00,34111,0.00,509478
9,100,0,arm-ubuntu18,1,16,0,1,1,20,0,6,80.00,0.00,10,0,0,0,0,1,7,14,1,5,0,80.00,0.00,512,2064084042802003667,22.84,1496632,nan,nan,nan,nan,nan,nan,0,0,0,70.56,0.00,0,0.00,0,0,0,nan,0,0.00,34160,0.00,509930
0,100,0,arm-ubuntu18,1,20,0,1,1,20,0,6,80.00,0.00,10,0,0,0,0,0,7,14,1,5,0,80.00,0.00,512,2405229927099804671,18.25,1196153,nan,nan,nan,nan,nan,nan,0,0,0,76.47,0.00,0,0.00,0,0,0,nan,0,0.00,1196153,0.00,0
1,100,0,arm-ubuntu18,1,20,0,1,1,20,0,6,80.00,0.00,10,0,0,0,0,0,7,14,1,5,0,80.00,0.00,512,2405229927099804671,18.88,1237042,nan,nan,nan,nan,nan,nan,0,0,0,75.67,0.00,0,0.00,0,0,0,nan,0,0.00,41064,0.00,640130
2,100,0,arm-ubuntu18,1,20,0,1,1,20,0,6,80.00,0.00,10,0,0,0,0,0,7,14,1,5,0,80.00,0.00,512,2405229927099804671,19.51,1278569,nan,nan,nan,nan,nan,nan,0,0,0,74.85,0.00,0,0.00,0,0,0,nan,0,0.00,42673,0.00,638435
3,100,0,arm-ubuntu18,1,20,0,1,1,20,0,6,80.00,0.00,10,0,0,0,0,0,7,14,1,5,0,80.00,0.00,512,2405229927099804671,20.15,1320328,nan,nan,nan,nan,nan,nan,0,0,0,74.03,0.00,0,0.00,0,0,0,nan,0,0.00,42705,0.00,638808
4,100,0,arm-ubuntu18,1,20,0,1,1,20,0,6,80.00,0.00,10,0,0,0,0,0,7,14,1,5,0,80.00,0.00,512,2405229927099804671,20.78,1362037,nan,nan,nan,nan,nan,nan,0,0,0,73.21,0.00,0,0.00,0,0,0,nan,0,0.00,42730,0.00,635681
5,100,0,arm-ubuntu18,1,20,0,1,1,20,0,6,80.00,0.00,10,0,0,0,0,0,7,14,1,5,0,80.00,0.00,512,2405229927099804671,21.42,1403470,nan,nan,nan,nan,nan,nan,0,0,0,72.39,0.00,0,0.00,0,0,0,nan,0,0.00,42466,0.00,633550
6,100,0,arm-ubuntu18,1,20,0,1,1,20,0,6,80.00,0.00,10,0,0,0,0,0,7,14,1,5,0,80.00,0.00,512,2405229927099804671,22.05,1444874,nan,nan,nan,nan,nan,nan,0,0,0,71.58,0.00,0,0.00,0,0,0,nan,0,0.00,42421,0.00,631655
7,100,0,arm-ubuntu18,1,20,0,1,1,20,0,6,80.00,0.00,10,0,0,0,0,0,7,14,1,5,0,80.00,0.00,512,2405229927099804671,22.68,1486208,nan,nan,nan,nan,nan,nan,0,0,0,70.77,0.00,0,0.00,0,0,0,nan,0,0.00,42354,0.00,632008
8,100,0,arm-ubuntu18,1,20,0,1,1,20,0,6,80.00,0.00,10,0,0,0,0,0,7,14,1,5,0,80.00,0.00,512,2405229927099804671,23.31,1527602,nan,nan,nan,nan,nan,nan,0,0,0,69.95,0.00,0,0.00,0,0,0,nan,0,0.00,42426,0.00,632372
9,100,0,arm-ubuntu18,1,20,0,1,1,20,0,6,80.00,0.00,10,0,0,0,0,0,7,14,1,5,0,80.00,0.00,512,2405229927099804671,23.94,1569013,nan,nan,nan,nan,nan,nan,0,0,0,69.14,0.00,0,0.00,0,0,0,nan,0,0.00,42409,0.00,633609
0,100,0,arm-ubuntu18,1,20,0,1,1,20,0,6,80.00,0.00,10,0,0,0,0,1,7,14,1,5,0,80.00,0.00,512,8110793693378624448,18.24,1195570,nan,nan,nan,nan,nan,nan,0,0,0,76.48,0.00,0,0.00,0,0,0,nan,0,0.00,1195570,0.00,0
1,100,0,arm-ubuntu18,1,20,0,1,1,20,0,6,80.00,0.00,10,0,0,0,0,1,7,14,1,5,0,80.00,0.00,512,8110793693378624448,18.87,1236396,nan,nan,nan,nan,nan,nan,0,0,0,75.68,0.00,0,0.00,0,0,0,nan,0,0.00,41005,0.00,638423
2,100,0,arm-ubuntu18,1,20,0,1,1,20,0,6,80.00,0.00,10,0,0,0,0,1,7,14,1,5,0,80.00,0.00,512,8110793693378624448,19.50,1277731,nan,nan,nan,nan,nan,nan,0,0,0,74.87,0.00,0,0.00,0,0,0,nan,0,0.00,42431,0.00,636549
3,100,0,arm-ubuntu18,1,20,0,1,1,20,0,6,80.00,0.00,10,0,0,0,0,1,7,14,1,5,0,80.00,0.00,512,8110793693378624448,20.13,1319256,nan,nan,nan,nan,nan,nan,0,0,0,74.05,0.00,0,0.00,0,0,0,nan,0,0.00,42492,0.00,635647
4,100,0,arm-ubuntu18,1,20,0,1,1,20,0,6,80.00,0.00,10,0,0,0,0,1,7,14,1,5,0,80.00,0.00,512,8110793693378624448,20.76,1360824,nan,nan,nan,nan,nan,nan,0,0,0,73.23,0.00,0,0.00,0,0,0,nan,0,0.00,42586,0.00,634234
5,100,0,arm-ubuntu18,1,20,0,1,1,20,0,6,80.00,0.00,10,0,0,0,0,1,7,14,1,5,0,80.00,0.00,512,8110793693378624448,21.39,1402117,nan,nan,nan,nan,nan,nan,0,0,0,72.42,0.00,0,0.00,0,0,0,nan,0,0.00,42319,0.00,631575
6,100,0,arm-ubuntu18,1,20,0,1,1,20,0,6,80.00,0.00,10,0,0,0,0,1,7,14,1,5,0,80.00,0.00,512,8110793693378624448,22.02,1443365,nan,nan,nan,nan,nan,nan,0,0,0,71.61,0.00,0,0.00,0,0,0,nan,0,0.00,42268,0.00,631121
7,100,0,arm-ubuntu18,1,20,0,1,1,20,0,6,80.00,0.00,10,0,0,0,0,1,7,14,1,5,0,80.00,0.00,512,8110793693378624448,22.66,1484736,nan,nan,nan,nan,nan,nan,0,0,0,70.80,0.00,0,0.00,0,0,0,nan,0,0.00,42411,0.00,631493
8,100,0,arm-ubuntu18,1,20,0,1,1,20,0,6,80.00,0.00,10,0,0,0,0,1,7,14,1,5,0,80.00,0.00,512,8110793693378624448,23.29,1526018,nan,nan,nan,nan,nan,nan,0,0,0,69.98,0.00,0,0.00,0,0,0,nan,0,0.00,42281,0.00,631900
9,100,0,arm-ubuntu18,1,20,0,1,1,20,0,6,80.00,0.00,10,0,0,0,0,1,7,14,1,5,0,80.00,0.00,512,8110793693378624448,23.91,1567290,nan,nan,nan,nan,nan,nan,0,0,0,69.17,0.00,0,0.00,0,0,0,nan,0,0.00,42277,0.00,630800
0,100,0,arm-ubuntu18,1,30,0,1,1,20,0,6,80.00,0.00,10,0,0,0,0,0,7,14,1,5,0,80.00,0.00,512,6446175612131711725,18.24,1195665,nan,nan,nan,nan,nan,nan,0,0,0,76.48,0.00,0,0.00,0,0,0,nan,0,0.00,1195665,0.00,0
1,100,0,arm-ubuntu18,1,30,0,1,1,20,0,6,80.00,0.00,10,0,0,0,0,0,7,14,1,5,0,80.00,0.00,512,6446175612131711725,19.18,1256799,nan,nan,nan,nan,nan,nan,0,0,0,75.28,0.00,0,0.00,0,0,0,nan,0,0.00,61882,0.00,952415
2,100,0,arm-ubuntu18,1,30,0,1,1,20,0,6,80.00,0.00,10,0,0,0,0,0,7,14,1,5,0,80.00,0.00,512,6446175612131711725,20.13,1319123,nan,nan,nan,nan,nan,nan,0,0,0,74.05,0.00,0,0.00,0,0,0,nan,0,0.00,63806,0.00,951925
3,100,0,arm-ubuntu18,1,30,0,1,1,20,0,6,80.00,0.00,10,0,0,0,0,0,7,14,1,5,0,80.00,0.00,512,6446175612131711725,21.07,1381059,nan,nan,nan,nan,nan,nan,0,0,0,72.84,0.00,0,0.00,0,0,0,nan,0,0.00,63501,0.00,947191
4,100,0,arm-ubuntu18,1,30,0,1,1,20,0,6,80.00,0.00,10,0,0,0,0,0,7,14,1,5,0,80.00,0.00,512,6446175612131711725,22.02,1443083,nan,nan,nan,nan,nan,nan,0,0,0,71.62,0.00,0,0.00,0,0,0,nan,0,0.00,63509,0.00,947093
5,100,0,arm-ubuntu18,1,30,0,1,1,20,0,6,80.00,0.00,10,0,0,0,0,0,7,14,1,5,0,80.00,0.00,512,6446175612131711725,22.96,1504799,nan,nan,nan,nan,nan,nan,0,0,0,70.40,0.00,0,0.00,0,0,0,nan,0,0.00,63283,0.00,944759
6,100,0,arm-ubuntu18,1,30,0,1,1,20,0,6,80.00,0.00,10,0,0,0,0,0,7,14,1,5,0,80.00,0.00,512,6446175612131711725,23.90,1566516,nan,nan,nan,nan,nan,nan,0,0,0,69.19,0.00,0,0.00,0,0,0,nan,0,0.00,63215,0.00,943289
7,100,0,arm-ubuntu18,1,30,0,1,1,20,0,6,80.00,0.00,10,0,0,0,0,0,7,14,1,5,0,80.00,0.00,512,6446175612131711725,24.84,1628003,nan,nan,nan,nan,nan,nan,0,0,0,67.98,0.00,0,0.00,0,0,0,nan,0,0.00,63049,0.00,942934
8,100,0,arm-ubuntu18,1,30,0,1,1,20,0,6,80.00,0.00,10,0,0,0,0,0,7,14,1,5,0,80.00,0.00,512,6446175612131711725,25.78,1689630,nan,nan,nan,nan,nan,nan,0,0,0,66.77,0.00,0,0.00,0,0,0,nan,0,0.00,63122,0.00,942602
9,100,0,arm-ubuntu18,1,30,0,1,1,20,0,6,80.00,0.00,10,0,0,0,0,0,7,14,1,5,0,80.00,0.00,512,6446175612131711725,26.73,1751680,nan,nan,nan,nan,nan,nan,0,0,0,65.55,0.00,0,0.00,0,0,0,nan,0,0.00,63570,0.00,935201
0,100,0,arm-ubuntu18,1,30,0,1,1,20,0,6,80.00,0.00,10,0,0,0,0,1,7,14,1,5,0,80.00,0.00,512,7780907095004764497,18.26,1196983,nan,nan,nan,nan,nan,nan,0,0,0,76.46,0.00,0,0.00,0,0,0,nan,0,0.00,1196983,0.00,0
1,100,0,arm-ubuntu18,1,30,0,1,1,20,0,6,80.00,0.00,10,0,0,0,0,1,7,14,1,5,0,80.00,0.00,512,7780907095004764497,19.19,1257846,nan,nan,nan,nan,nan,nan,0,0,0,75.26,0.00,0,0.00,0,0,0,nan,0,0.00,61600,0.00,946666
2,100,0,arm-ubuntu18,1,30,0,1,1,20,0,6,80.00,0.00,10,0,0,0,0,1,7,14,1,5,0,80.00,0.00,512,7780907095004764497,20.14,1319842,nan,nan,nan,nan,nan,nan,0,0,0,74.04,0.00,0,0.00,0,0,0,nan,0,0.00,63486,0.00,948282
3,100,0,arm-ubuntu18,1,30,0,1,1,20,0,6,80.00,0.00,10,0,0,0,0,1,7,14,1,5,0,80.00,0.00,512,7780907095004764497,21.08,1381630,nan,nan,nan,nan,nan,nan,0,0,0,72.82,0.00,0,0.00,0,0,0,nan,0,0.00,63351,0.00,945493
4,100,0,arm-ubuntu18,1,30,0,1,1,20,0,6,80.00,0.00,10,0,0,0,0,1,7,14,1,5,0,80.00,0.00,512,7780907095004764497,22.02,1443321,nan,nan,nan,nan,nan,nan,0,0,0,71.61,0.00,0,0.00,0,0,0,nan,0,0.00,63153,0.00,944281
5,100,0,arm-ubuntu18,1,30,0,1,1,20,0,6,80.00,0.00,10,0,0,0,0,1,7,14,1,5,0,80.00,0.00,512,7780907095004764497,22.96,1504720,nan,nan,nan,nan,nan,nan,0,0,0,70.40,0.00,0,0.00,0,0,0,nan,0,0.00,62982,0.00,942652
6,100,0,arm-ubuntu18,1,30,0,1,1,20,0,6,80.00,0.00,10,0,0,0,0,1,7,14,1,5,0,80.00,0.00,512,7780907095004764497,23.90,1566450,nan,nan,nan,nan,nan,nan,0,0,0,69.19,0.00,0,0.00,0,0,0,nan,0,0.00,63201,0.00,942726
7,100,0,arm-ubuntu18,1,30,0,1,1,20,0,6,80.00,0.00,10,0,0,0,0,1,7,14,1,5,0,80.00,0.00,512,7780907095004764497,24.84,1627923,nan,nan,nan,nan,nan,nan,0,0,0,67.98,0.00,0,0.00,0,0,0,nan,0,0.00,63025,0.00,940986
8,100,0,arm-ubuntu18,1,30,0,1,1,20,0,6,80.00,0.00,10,0,0,0,0,1,7,14,1,5,0,80.00,0.00,512,7780907095004764497,25.78,1689424,nan,nan,nan,nan,nan,nan,0,0,0,66.77,0.00,0,0.00,0,0,0,nan,0,0.00,63001,0.00,941925
9,100,0,arm-ubuntu18,1,30,0,1,1,20,0,6,80.00,0.00,10,0,0,0,0,1,7,14,1,5,0,80.00,0.00,512,7780907095004764497,26.72,1751260,nan,nan,nan,nan,nan,nan,0,0,0,65.55,0.00,0,0.00,0,0,0,nan,0,0.00,63372,0.00,933178
0,100,0,arm-ubuntu18,1,32,0,1,1,20,0,6,80.00,0.00,10,0,0,0,0,0,7,14,1,5,0,80.00,0.00,512,14276186946040029277,18.25,1196000,nan,nan,nan,nan,nan,nan,0,0,0,76.48,0.00,0,0.00,0,0,0,nan,0,0.00,1196000,0.00,0
1,100,0,arm-ubuntu18,1,32,0,1,1,20,0,6,80.00,0.00,10,0,0,0,0,0,7,14,1,5,0,80.00,0.00,512,14276186946040029277,19.24,1261104,nan,nan,nan,nan,nan,nan,0,0,0,75.19,0.00,0,0.00,0,0,0,nan,0,0.00,65935,0.00,1013938
2,100,0,arm-ubuntu18,1,32,0,1,1,20,0,6,80.00,0.00,10,0,0,0,0,0,7,14,1,5,0,80.00,0.00,512,14276186946040029277,20.26,1327700,nan,nan,nan,nan,nan,nan,0,0,0,73.88,0.00,0,0.00,0,0,0,nan,0,0.00,68183,0.00,1011382
3,100,0,arm-ubuntu18,1,32,0,1,1,20,0,6,80.00,0.00,10,0,0,0,0,0,7,14,1,5,0,80.00,0.00,512,14276186946040029277,21.26,1393179,nan,nan,nan,nan,nan,nan,0,0,0,72.60,0.00,0,0.00,0,0,0,nan,0,0.00,67132,0.00,1006676
4,100,0,arm-ubuntu18,1,32,0,1,1,20,0,6,80.00,0.00,10,0,0,0,0,0,7,14,1,5,0,80.00,0.00,512,14276186946040029277,22.26,1458890,nan,nan,nan,nan,nan,nan,0,0,0,71.30,0.00,0,0.00,0,0,0,nan,0,0.00,67347,0.00,1005579
5,100,0,arm-ubuntu18,1,32,0,1,1,20,0,6,80.00,0.00,10,0,0,0,0,0,7,14,1,5,0,80.00,0.00,512,14276186946040029277,23.26,1524631,nan,nan,nan,nan,nan,nan,0,0,0,70.01,0.00,0,0.00,0,0,0,nan,0,0.00,67319,0.00,1004648
6,100,0,arm-ubuntu18,1,32,0,1,1,20,0,6,80.00,0.00,10,0,0,0,0,0,7,14,1,5,0,80.00,0.00,512,14276186946040029277,24.26,1590137,nan,nan,nan,nan,nan,nan,0,0,0,68.72,0.00,0,0.00,0,0,0,nan,0,0.00,67139,0.00,1002623
7,100,0,arm-ubuntu18,1,32,0,1,1,20,0,6,80.00,0.00,10,0,0,0,0,0,7,14,1,5,0,80.00,0.00,512,14276186946040029277,25.26,1655531,nan,nan,nan,nan,nan,nan,0,0,0,67.44,0.00,0,0.00,0,0,0,nan,0,0.00,67030,0.00,1001709
8,100,0,arm-ubuntu18,1,32,0,1,1,20,0,6,80.00,0.00,10,0,0,0,0,0,7,14,1,5,0,80.00,0.00,512,14276186946040029277,26.26,1721068,nan,nan,nan,nan,nan,nan,0,0,0,66.15,0.00,0,0.00,0,0,0,nan,0,0.00,67137,0.00,1000220
9,100,0,arm-ubuntu18,1,32,0,1,1,20,0,6,80.00,0.00,10,0,0,0,0,0,7,14,1,5,0,80.00,0.00,512,14276186946040029277,27.26,1786704,nan,nan,nan,nan,nan,nan,0,0,0,64.86,0.00,0,0.00,0,0,0,nan,0,0.00,67254,0.00,993149
0,100,0,arm-ubuntu18,1,32,0,1,1,20,0,6,80.00,0.00,10,0,0,0,0,1,7,14,1,5,0,80.00,0.00,512,7883407804054669667,18.25,1196050,nan,nan,nan,nan,nan,nan,0,0,0,76.47,0.00,0,0.00,0,0,0,nan,0,0.00,1196050,0.00,0
1,100,0,arm-ubuntu18,1,32,0,1,1,20,0,6,80.00,0.00,10,0,0,0,0,1,7,14,1,5,0,80.00,0.00,512,7883407804054669667,19.24,1260951,nan,nan,nan,nan,nan,nan,0,0,0,75.20,0.00,0,0.00,0,0,0,nan,0,0.00,65729,0.00,1011674
2,100,0,arm-ubuntu18,1,32,0,1,1,20,0,6,80.00,0.00,10,0,0,0,0,1,7,14,1,5,0,80.00,0.00,512,7883407804054669667,20.26,1327515,nan,nan,nan,nan,nan,nan,0,0,0,73.89,0.00,0,0.00,0,0,0,nan,0,0.00,68148,0.00,1012963
3,100,0,arm-ubuntu18,1,32,0,1,1,20,0,6,80.00,0.00,10,0,0,0,0,1,7,14,1,5,0,80.00,0.00,512,7883407804054669667,21.26,1393103,nan,nan,nan,nan,nan,nan,0,0,0,72.60,0.00,0,0.00,0,0,0,nan,0,0.00,67247,0.00,1008479
4,100,0,arm-ubuntu18,1,32,0,1,1,20,0,6,80.00,0.00,10,0,0,0,0,1,7,14,1,5,0,80.00,0.00,512,7883407804054669667,22.26,1459061,nan,nan,nan,nan,nan,nan,0,0,0,71.30,0.00,0,0.00,0,0,0,nan,0,0.00,67585,0.00,1007455
5,100,0,arm-ubuntu18,1,32,0,1,1,20,0,6,80.00,0.00,10,0,0,0,0,1,7,14,1,5,0,80.00,0.00,512,7883407804054669667,23.27,1524939,nan,nan,nan,nan,nan,nan,0,0,0,70.01,0.00,0,0.00,0,0,0,nan,0,0.00,67482,0.00,1007292
6,100,0,arm-ubuntu18,1,32,0,1,1,20,0,6,80.00,0.00,10,0,0,0,0,1,7,14,1,5,0,80.00,0.00,512,7883407804054669667,24.27,1590596,nan,nan,nan,nan,nan,nan,0,0,0,68.71,0.00,0,0.00,0,0,0,nan,0,0.00,67273,0.00,1005177
7,100,0,arm-ubuntu18,1,32,0,1,1,20,0,6,80.00,0.00,10,0,0,0,0,1,7,14,1,5,0,80.00,0.00,512,7883407804054669667,25.27,1656166,nan,nan,nan,nan,nan,nan,0,0,0,67.42,0.00,0,0.00,0,0,0,nan,0,0.00,67213,0.00,1004042
8,100,0,arm-ubuntu18,1,32,0,1,1,20,0,6,80.00,0.00,10,0,0,0,0,1,7,14,1,5,0,80.00,0.00,512,7883407804054669667,26.27,1721817,nan,nan,nan,nan,nan,nan,0,0,0,66.13,0.00,0,0.00,0,0,0,nan,0,0.00,67264,0.00,1002283
9,100,0,arm-ubuntu18,1,32,0,1,1,20,0,6,80.00,0.00,10,0,0,0,0,1,7,14,1,5,0,80.00,0.00,512,7883407804054669667,27.27,1787492,nan,nan,nan,nan,nan,nan,0,0,0,64.84,0.00,0,0.00,0,0,0,nan,0,0.00,67288,0.00,994424
0,100,0,arm-ubuntu18,1,40,0,1,1,20,0,6,80.00,0.00,10,0,0,0,0,0,7,14,1,5,0,80.00,0.00,512,9454825503008093360,18.27,1197197,nan,nan,nan,nan,nan,nan,0,0,0,76.45,0.00,0,0.00,0,0,0,nan,0,0.00,1197197,0.00,0
1,100,0,arm-ubuntu18,1,40,0,1,1,20,0,6,80.00,0.00,10,0,0,0,0,0,7,14,1,5,0,80.00,0.00,512,9454825503008093360,19.50,1278086,nan,nan,nan,nan,nan,nan,0,0,0,74.86,0.00,0,0.00,0,0,0,nan,0,0.00,82147,0.00,1251909
2,100,0,arm-ubuntu18,1,40,0,1,1,20,0,6,80.00,0.00,10,0,0,0,0,0,7,14,1,5,0,80.00,0.00,512,9454825503008093360,20.75,1360130,nan,nan,nan,nan,nan,nan,0,0,0,73.25,0.00,0,0.00,0,0,0,nan,0,0.00,83994,0.00,1253073
3,100,0,arm-ubuntu18,1,40,0,1,1,20,0,6,80.00,0.00,10,0,0,0,0,0,7,14,1,5,0,80.00,0.00,512,9454825503008093360,22.00,1441604,nan,nan,nan,nan,nan,nan,0,0,0,71.64,0.00,0,0.00,0,0,0,nan,0,0.00,83500,0.00,1248091
4,100,0,arm-ubuntu18,1,40,0,1,1,20,0,6,80.00,0.00,10,0,0,0,0,0,7,14,1,5,0,80.00,0.00,512,9454825503008093360,23.24,1523049,nan,nan,nan,nan,nan,nan,0,0,0,70.04,0.00,0,0.00,0,0,0,nan,0,0.00,83438,0.00,1247195
5,100,0,arm-ubuntu18,1,40,0,1,1,20,0,6,80.00,0.00,10,0,0,0,0,0,7,14,1,5,0,80.00,0.00,512,9454825503008093360,24.48,1604126,nan,nan,nan,nan,nan,nan,0,0,0,68.45,0.00,0,0.00,0,0,0,nan,0,0.00,83081,0.00,1243996
6,100,0,arm-ubuntu18,1,40,0,1,1,20,0,6,80.00,0.00,10,0,0,0,0,0,7,14,1,5,0,80.00,0.00,512,9454825503008093360,25.72,1685351,nan,nan,nan,nan,nan,nan,0,0,0,66.85,0.00,0,0.00,0,0,0,nan,0,0.00,83246,0.00,1244668
7,100,0,arm-ubuntu18,1,40,0,1,1,20,0,6,80.00,0.00,10,0,0,0,0,0,7,14,1,5,0,80.00,0.00,512,9454825503008093360,26.96,1766778,nan,nan,nan,nan,nan,nan,0,0,0,65.25,0.00,0,0.00,0,0,0,nan,0,0.00,83430,0.00,1231518
8,100,0,arm-ubuntu18,1,40,0,1,1,20,0,6,80.00,0.00,10,0,0,0,0,0,7,14,1,5,0,80.00,0.00,512,9454825503008093360,28.19,1847734,nan,nan,nan,nan,nan,nan,0,0,0,63.66,0.00,0,0.00,0,0,0,nan,0,0.00,82942,0.00,1240261
9,100,0,arm-ubuntu18,1,40,0,1,1,20,0,6,80.00,0.00,10,0,0,0,0,0,7,14,1,5,0,80.00,0.00,512,9454825503008093360,29.43,1928765,nan,nan,nan,nan,nan,nan,0,0,0,62.06,0.00,0,0.00,0,0,0,nan,0,0.00,83022,0.00,1239832
0,100,0,arm-ubuntu18,1,40,0,1,1,20,0,6,80.00,0.00,10,0,0,0,0,1,7,14,1,5,0,80.00,0.00,512,441614751812856383,18.25,1196079,nan,nan,nan,nan,nan,nan,0,0,0,76.47,0.00,0,0.00,0,0,0,nan,0,0.00,1196079,0.00,0
1,100,0,arm-ubuntu18,1,40,0,1,1,20,0,6,80.00,0.00,10,0,0,0,0,1,7,14,1,5,0,80.00,0.00,512,441614751812856383,19.48,1276914,nan,nan,nan,nan,nan,nan,0,0,0,74.88,0.00,0,0.00,0,0,0,nan,0,0.00,82075,0.00,1254025
2,100,0,arm-ubuntu18,1,40,0,1,1,20,0,6,80.00,0.00,10,0,0,0,0,1,7,14,1,5,0,80.00,0.00,512,441614751812856383,20.74,1359303,nan,nan,nan,nan,nan,nan,0,0,0,73.26,0.00,0,0.00,0,0,0,nan,0,0.00,84369,0.00,1260536
3,100,0,arm-ubuntu18,1,40,0,1,1,20,0,6,80.00,0.00,10,0,0,0,0,1,7,14,1,5,0,80.00,0.00,512,441614751812856383,21.99,1441432,nan,nan,nan,nan,nan,nan,0,0,0,71.65,0.00,0,0.00,0,0,0,nan,0,0.00,84152,0.00,1257354
4,100,0,arm-ubuntu18,1,40,0,1,1,20,0,6,80.00,0.00,10,0,0,0,0,1,7,14,1,5,0,80.00,0.00,512,441614751812856383,23.24,1523338,nan,nan,nan,nan,nan,nan,0,0,0,70.04,0.00,0,0.00,0,0,0,nan,0,0.00,83914,0.00,1254154
5,100,0,arm-ubuntu18,1,40,0,1,1,20,0,6,80.00,0.00,10,0,0,0,0,1,7,14,1,5,0,80.00,0.00,512,441614751812856383,24.49,1605071,nan,nan,nan,nan,nan,nan,0,0,0,68.43,0.00,0,0.00,0,0,0,nan,0,0.00,83754,0.00,1253508
6,100,0,arm-ubuntu18,1,40,0,1,1,20,0,6,80.00,0.00,10,0,0,0,0,1,7,14,1,5,0,80.00,0.00,512,441614751812856383,25.74,1686864,nan,nan,nan,nan,nan,nan,0,0,0,66.82,0.00,0,0.00,0,0,0,nan,0,0.00,83859,0.00,1253845
7,100,0,arm-ubuntu18,1,40,0,1,1,20,0,6,80.00,0.00,10,0,0,0,0,1,7,14,1,5,0,80.00,0.00,512,441614751812856383,26.99,1768833,nan,nan,nan,nan,nan,nan,0,0,0,65.21,0.00,0,0.00,0,0,0,nan,0,0.00,83954,0.00,1239929
8,100,0,arm-ubuntu18,1,40,0,1,1,20,0,6,80.00,0.00,10,0,0,0,0,1,7,14,1,5,0,80.00,0.00,512,441614751812856383,28.24,1850800,nan,nan,nan,nan,nan,nan,0,0,0,63.60,0.00,0,0.00,0,0,0,nan,0,0.00,83971,0.00,1252652
9,100,0,arm-ubuntu18,1,40,0,1,1,20,0,6,80.00,0.00,10,0,0,0,0,1,7,14,1,5,0,80.00,0.00,512,441614751812856383,29.49,1932621,nan,nan,nan,nan,nan,nan,0,0,0,61.99,0.00,0,0.00,0,0,0,nan,0,0.00,83832,0.00,1251310
0,100,0,arm-ubuntu18,1,48,0,1,1,20,0,6,80.00,0.00,10,0,0,0,0,0,7,14,1,5,0,80.00,0.00,512,10420553602892877609,18.24,1195644,nan,nan,nan,nan,nan,nan,0,0,0,76.48,0.00,0,0.00,0,0,0,nan,0,0.00,1195644,0.00,0
1,100,0,arm-ubuntu18,1,48,0,1,1,20,0,6,80.00,0.00,10,0,0,0,0,0,7,14,1,5,0,80.00,0.00,512,10420553602892877609,19.71,1291633,nan,nan,nan,nan,nan,nan,0,0,0,74.59,0.00,0,0.00,0,0,0,nan,0,0.00,97599,0.00,1481235
2,100,0,arm-ubuntu18,1,48,0,1,1,20,0,6,80.00,0.00,10,0,0,0,0,0,7,14,1,5,0,80.00,0.00,512,10420553602892877609,21.18,1388271,nan,nan,nan,nan,nan,nan,0,0,0,72.69,0.00,0,0.00,0,0,0,nan,0,0.00,98986,0.00,1478231
3,100,0,arm-ubuntu18,1,48,0,1,1,20,0,6,80.00,0.00,10,0,0,0,0,0,7,14,1,5,0,80.00,0.00,512,10420553602892877609,22.66,1484796,nan,nan,nan,nan,nan,nan,0,0,0,70.79,0.00,0,0.00,0,0,0,nan,0,0.00,98870,0.00,1477758
4,100,0,arm-ubuntu18,1,48,0,1,1,20,0,6,80.00,0.00,10,0,0,0,0,0,7,14,1,5,0,80.00,0.00,512,10420553602892877609,24.12,1580969,nan,nan,nan,nan,nan,nan,0,0,0,68.90,0.00,0,0.00,0,0,0,nan,0,0.00,98589,0.00,1472277
5,100,0,arm-ubuntu18,1,48,0,1,1,20,0,6,80.00,0.00,10,0,0,0,0,0,7,14,1,5,0,80.00,0.00,512,10420553602892877609,25.59,1677233,nan,nan,nan,nan,nan,nan,0,0,0,67.01,0.00,0,0.00,0,0,0,nan,0,0.00,98613,0.00,1474048
6,100,0,arm-ubuntu18,1,48,0,1,1,20,0,6,80.00,0.00,10,0,0,0,0,0,7,14,1,5,0,80.00,0.00,512,10420553602892877609,27.06,1773131,nan,nan,nan,nan,nan,nan,0,0,0,65.12,0.00,0,0.00,0,0,0,nan,0,0.00,98263,0.00,1454940
7,100,0,arm-ubuntu18,1,48,0,1,1,20,0,6,80.00,0.00,10,0,0,0,0,0,7,14,1,5,0,80.00,0.00,512,10420553602892877609,28.52,1869281,nan,nan,nan,nan,nan,nan,0,0,0,63.23,0.00,0,0.00,0,0,0,nan,0,0.00,98524,0.00,1469849
8,100,0,arm-ubuntu18,1,48,0,1,1,20,0,6,80.00,0.00,10,0,0,0,0,0,7,14,1,5,0,80.00,0.00,512,10420553602892877609,29.99,1965266,nan,nan,nan,nan,nan,nan,0,0,0,61.34,0.00,0,0.00,0,0,0,nan,0,0.00,98362,0.00,1468116
9,100,0,arm-ubuntu18,1,48,0,1,1,20,0,6,80.00,0.00,10,0,0,0,0,0,7,14,1,5,0,80.00,0.00,512,10420553602892877609,31.46,2061443,nan,nan,nan,nan,nan,nan,0,0,0,59.45,0.00,0,0.00,0,0,0,nan,0,0.00,98523,0.00,1467456
0,100,0,arm-ubuntu18,1,48,0,1,1,20,0,6,80.00,0.00,10,0,0,0,0,1,7,14,1,5,0,80.00,0.00,512,6705164127558563722,18.24,1195574,nan,nan,nan,nan,nan,nan,0,0,0,76.48,0.00,0,0.00,0,0,0,nan,0,0.00,1195574,0.00,0
1,100,0,arm-ubuntu18,1,48,0,1,1,20,0,6,80.00,0.00,10,0,0,0,0,1,7,14,1,5,0,80.00,0.00,512,6705164127558563722,19.72,1292613,nan,nan,nan,nan,nan,nan,0,0,0,74.57,0.00,0,0.00,0,0,0,nan,0,0.00,98642,0.00,1500416
2,100,0,arm-ubuntu18,1,48,0,1,1,20,0,6,80.00,0.00,10,0,0,0,0,1,7,14,1,5,0,80.00,0.00,512,6705164127558563722,21.22,1390409,nan,nan,nan,nan,nan,nan,0,0,0,72.65,0.00,0,0.00,0,0,0,nan,0,0.00,100165,0.00,1498379
3,100,0,arm-ubuntu18,1,48,0,1,1,20,0,6,80.00,0.00,10,0,0,0,0,1,7,14,1,5,0,80.00,0.00,512,6705164127558563722,22.71,1488284,nan,nan,nan,nan,nan,nan,0,0,0,70.73,0.00,0,0.00,0,0,0,nan,0,0.00,100304,0.00,1499513
4,100,0,arm-ubuntu18,1,48,0,1,1,20,0,6,80.00,0.00,10,0,0,0,0,1,7,14,1,5,0,80.00,0.00,512,6705164127558563722,24.20,1586042,nan,nan,nan,nan,nan,nan,0,0,0,68.80,0.00,0,0.00,0,0,0,nan,0,0.00,100166,0.00,1496736
5,100,0,arm-ubuntu18,1,48,0,1,1,20,0,6,80.00,0.00,10,0,0,0,0,1,7,14,1,5,0,80.00,0.00,512,6705164127558563722,25.69,1683783,nan,nan,nan,nan,nan,nan,0,0,0,66.88,0.00,0,0.00,0,0,0,nan,0,0.00,100150,0.00,1495983
6,100,0,arm-ubuntu18,1,48,0,1,1,20,0,6,80.00,0.00,10,0,0,0,0,1,7,14,1,5,0,80.00,0.00,512,6705164127558563722,27.18,1781143,nan,nan,nan,nan,nan,nan,0,0,0,64.97,0.00,0,0.00,0,0,0,nan,0,0.00,99761,0.00,1475162
7,100,0,arm-ubuntu18,1,48,0,1,1,20,0,6,80.00,0.00,10,0,0,0,0,1,7,14,1,5,0,80.00,0.00,512,6705164127558563722,28.67,1878913,nan,nan,nan,nan,nan,nan,0,0,0,63.04,0.00,0,0.00,0,0,0,nan,0,0.00,100152,0.00,1493576
8,100,0,arm-ubuntu18,1,48,0,1,1,20,0,6,80.00,0.00,10,0,0,0,0,1,7,14,1,5,0,80.00,0.00,512,6705164127558563722,30.16,1976592,nan,nan,nan,nan,nan,nan,0,0,0,61.12,0.00,0,0.00,0,0,0,nan,0,0.00,100101,0.00,1492468
9,100,0,arm-ubuntu18,1,48,0,1,1,20,0,6,80.00,0.00,10,0,0,0,0,1,7,14,1,5,0,80.00,0.00,512,6705164127558563722,31.65,2074196,nan,nan,nan,nan,nan,nan,0,0,0,59.20,0.00,0,0.00,0,0,0,nan,0,0.00,100023,0.00,1492417
0,100,0,arm-ubuntu18,1,50,0,1,1,20,0,6,80.00,0.00,10,0,0,0,0,0,7,14,1,5,0,80.00,0.00,512,307387345222470626,18.25,1195972,nan,nan,nan,nan,nan,nan,0,0,0,76.48,0.00,0,0.00,0,0,0,nan,0,0.00,1195972,0.00,0
1,100,0,arm-ubuntu18,1,50,0,1,1,20,0,6,80.00,0.00,10,0,0,0,0,0,7,14,1,5,0,80.00,0.00,512,307387345222470626,19.75,1294107,nan,nan,nan,nan,nan,nan,0,0,0,74.55,0.00,0,0.00,0,0,0,nan,0,0.00,99785,0.00,1516643
2,100,0,arm-ubuntu18,1,50,0,1,1,20,0,6,80.00,0.00,10,0,0,0,0,0,7,14,1,5,0,80.00,0.00,512,307387345222470626,21.26,1393126,nan,nan,nan,nan,nan,nan,0,0,0,72.60,0.00,0,0.00,0,0,0,nan,0,0.00,101419,0.00,1516648
3,100,0,arm-ubuntu18,1,50,0,1,1,20,0,6,80.00,0.00,10,0,0,0,0,0,7,14,1,5,0,80.00,0.00,512,307387345222470626,22.77,1491969,nan,nan,nan,nan,nan,nan,0,0,0,70.65,0.00,0,0.00,0,0,0,nan,0,0.00,101315,0.00,1513525
4,100,0,arm-ubuntu18,1,50,0,1,1,20,0,6,80.00,0.00,10,0,0,0,0,0,7,14,1,5,0,80.00,0.00,512,307387345222470626,24.27,1590735,nan,nan,nan,nan,nan,nan,0,0,0,68.71,0.00,0,0.00,0,0,0,nan,0,0.00,101153,0.00,1511740
5,100,0,arm-ubuntu18,1,50,0,1,1,20,0,6,80.00,0.00,10,0,0,0,0,0,7,14,1,5,0,80.00,0.00,512,307387345222470626,25.78,1689316,nan,nan,nan,nan,nan,nan,0,0,0,66.77,0.00,0,0.00,0,0,0,nan,0,0.00,101024,0.00,1511328
6,100,0,arm-ubuntu18,1,50,0,1,1,20,0,6,80.00,0.00,10,0,0,0,0,0,7,14,1,5,0,80.00,0.00,512,307387345222470626,27.28,1788015,nan,nan,nan,nan,nan,nan,0,0,0,64.83,0.00,0,0.00,0,0,0,nan,0,0.00,101134,0.00,1497216
7,100,0,arm-ubuntu18,1,50,0,1,1,20,0,6,80.00,0.00,10,0,0,0,0,0,7,14,1,5,0,80.00,0.00,512,307387345222470626,28.79,1886722,nan,nan,nan,nan,nan,nan,0,0,0,62.89,0.00,0,0.00,0,0,0,nan,0,0.00,101120,0.00,1509859
8,100,0,arm-ubuntu18,1,50,0,1,1,20,0,6,80.00,0.00,10,0,0,0,0,0,7,14,1,5,0,80.00,0.00,512,307387345222470626,30.30,1985597,nan,nan,nan,nan,nan,nan,0,0,0,60.94,0.00,0,0.00,0,0,0,nan,0,0.00,101307,0.00,1512872
9,100,0,arm-ubuntu18,1,50,0,1,1,20,0,6,80.00,0.00,10,0,0,0,0,0,7,14,1,5,0,80.00,0.00,512,307387345222470626,31.80,2084120,nan,nan,nan,nan,nan,nan,0,0,0,59.01,0.00,0,0.00,0,0,0,nan,0,0.00,100950,0.00,1507894
0,100,0,arm-ubuntu18,1,50,0,1,1,20,0,6,80.00,0.00,10,0,0,0,0,1,7,14,1,5,0,80.00,0.00,512,17337081788761231164,18.26,1196657,nan,nan,nan,nan,nan,nan,0,0,0,76.46,0.00,0,0.00,0,0,0,nan,0,0.00,1196657,0.00,0
1,100,0,arm-ubuntu18,1,50,0,1,1,20,0,6,80.00,0.00,10,0,0,0,0,1,7,14,1,5,0,80.00,0.00,512,17337081788761231164,19.80,1297345,nan,nan,nan,nan,nan,nan,0,0,0,74.48,0.00,0,0.00,0,0,0,nan,0,0.00,102396,0.00,1557860
2,100,0,arm-ubuntu18,1,50,0,1,1,20,0,6,80.00,0.00,10,0,0,0,0,1,7,14,1,5,0,80.00,0.00,512,17337081788761231164,21.36,1399729,nan,nan,nan,nan,nan,nan,0,0,0,72.47,0.00,0,0.00,0,0,0,nan,0,0.00,104874,0.00,1565774
3,100,0,arm-ubuntu18,1,50,0,1,1,20,0,6,80.00,0.00,10,0,0,0,0,1,7,14,1,5,0,80.00,0.00,512,17337081788761231164,22.91,1501620,nan,nan,nan,nan,nan,nan,0,0,0,70.46,0.00,0,0.00,0,0,0,nan,0,0.00,104455,0.00,1561224
4,100,0,arm-ubuntu18,1,50,0,1,1,20,0,6,80.00,0.00,10,0,0,0,0,1,7,14,1,5,0,80.00,0.00,512,17337081788761231164,24.47,1603571,nan,nan,nan,nan,nan,nan,0,0,0,68.46,0.00,0,0.00,0,0,0,nan,0,0.00,104424,0.00,1560395
5,100,0,arm-ubuntu18,1,50,0,1,1,20,0,6,80.00,0.00,10,0,0,0,0,1,7,14,1,5,0,80.00,0.00,512,17337081788761231164,26.02,1705451,nan,nan,nan,nan,nan,nan,0,0,0,66.45,0.00,0,0.00,0,0,0,nan,0,0.00,104405,0.00,1561807
6,100,0,arm-ubuntu18,1,50,0,1,1,20,0,6,80.00,0.00,10,0,0,0,0,1,7,14,1,5,0,80.00,0.00,512,17337081788761231164,27.57,1806973,nan,nan,nan,nan,nan,nan,0,0,0,64.46,0.00,0,0.00,0,0,0,nan,0,0.00,104035,0.00,1541124
7,100,0,arm-ubuntu18,1,50,0,1,1,20,0,6,80.00,0.00,10,0,0,0,0,1,7,14,1,5,0,80.00,0.00,512,17337081788761231164,29.13,1908884,nan,nan,nan,nan,nan,nan,0,0,0,62.45,0.00,0,0.00,0,0,0,nan,0,0.00,104387,0.00,1559394
8,100,0,arm-ubuntu18,1,50,0,1,1,20,0,6,80.00,0.00,10,0,0,0,0,1,7,14,1,5,0,80.00,0.00,512,17337081788761231164,30.68,2010818,nan,nan,nan,nan,nan,nan,0,0,0,60.45,0.00,0,0.00,0,0,0,nan,0,0.00,104452,0.00,1557189
9,100,0,arm-ubuntu18,1,50,0,1,1,20,0,6,80.00,0.00,10,0,0,0,0,1,7,14,1,5,0,80.00,0.00,512,17337081788761231164,32.23,2112341,nan,nan,nan,nan,nan,nan,0,0,0,58.45,0.00,0,0.00,0,0,0,nan,0,0.00,104042,0.00,1556787
0,100,0,arm-ubuntu18,1,60,0,1,1,20,0,6,80.00,0.00,10,0,0,0,0,0,7,14,1,5,0,80.00,0.00,512,412298830208505717,18.25,1195910,nan,nan,nan,nan,nan,nan,0,0,0,76.48,0.00,0,0.00,0,0,0,nan,0,0.00,1195910,0.00,0
1,100,0,arm-ubuntu18,1,60,0,1,1,20,0,6,80.00,0.00,10,0,0,0,0,0,7,14,1,5,0,80.00,0.00,512,412298830208505717,19.60,1284830,nan,nan,nan,nan,nan,nan,0,0,0,74.73,0.00,0,0.00,0,0,0,nan,0,0.00,90331,0.00,1378263
2,100,0,arm-ubuntu18,1,60,0,1,1,20,0,6,80.00,0.00,10,0,0,0,0,0,7,14,1,5,0,80.00,0.00,512,412298830208505717,20.99,1375564,nan,nan,nan,nan,nan,nan,0,0,0,72.94,0.00,0,0.00,0,0,0,nan,0,0.00,92944,0.00,1384405
3,100,0,arm-ubuntu18,1,60,0,1,1,20,0,6,80.00,0.00,10,0,0,0,0,0,7,14,1,5,0,80.00,0.00,512,412298830208505717,22.46,1471858,nan,nan,nan,nan,nan,nan,0,0,0,71.05,0.00,0,0.00,0,0,0,nan,0,0.00,98653,0.00,1470100
4,100,0,arm-ubuntu18,1,60,0,1,1,20,0,6,80.00,0.00,10,0,0,0,0,0,7,14,1,5,0,80.00,0.00,512,412298830208505717,23.89,1565554,nan,nan,nan,nan,nan,nan,0,0,0,69.21,0.00,0,0.00,0,0,0,nan,0,0.00,95999,0.00,1437542
5,100,0,arm-ubuntu18,1,60,0,1,1,20,0,6,80.00,0.00,10,0,0,0,0,0,7,14,1,5,0,80.00,0.00,512,412298830208505717,25.36,1661930,nan,nan,nan,nan,nan,nan,0,0,0,67.31,0.00,0,0.00,0,0,0,nan,0,0.00,98791,0.00,1477518
6,100,0,arm-ubuntu18,1,60,0,1,1,20,0,6,80.00,0.00,10,0,0,0,0,0,7,14,1,5,0,80.00,0.00,512,412298830208505717,26.85,1759908,nan,nan,nan,nan,nan,nan,0,0,0,65.38,0.00,0,0.00,0,0,0,nan,0,0.00,100372,0.00,1487304
7,100,0,arm-ubuntu18,1,60,0,1,1,20,0,6,80.00,0.00,10,0,0,0,0,0,7,14,1,5,0,80.00,0.00,512,412298830208505717,28.30,1854624,nan,nan,nan,nan,nan,nan,0,0,0,63.52,0.00,0,0.00,0,0,0,nan,0,0.00,97038,0.00,1451395
8,100,0,arm-ubuntu18,1,60,0,1,1,20,0,6,80.00,0.00,10,0,0,0,0,0,7,14,1,5,0,80.00,0.00,512,412298830208505717,29.78,1951692,nan,nan,nan,nan,nan,nan,0,0,0,61.61,0.00,0,0.00,0,0,0,nan,0,0.00,99470,0.00,1483450
9,100,0,arm-ubuntu18,1,60,0,1,1,20,0,6,80.00,0.00,10,0,0,0,0,0,7,14,1,5,0,80.00,0.00,512,412298830208505717,31.25,2048112,nan,nan,nan,nan,nan,nan,0,0,0,59.71,0.00,0,0.00,0,0,0,nan,0,0.00,98768,0.00,1470070
0,100,0,arm-ubuntu18,1,60,0,1,1,20,0,6,80.00,0.00,10,0,0,0,0,1,7,14,1,5,0,80.00,0.00,512,6683841189127027869,18.26,1196515,nan,nan,nan,nan,nan,nan,0,0,0,76.47,0.00,0,0.00,0,0,0,nan,0,0.00,1196515,0.00,0
1,100,0,arm-ubuntu18,1,60,0,1,1,20,0,6,80.00,0.00,10,0,0,0,0,1,7,14,1,5,0,80.00,0.00,512,6683841189127027869,19.92,1305617,nan,nan,nan,nan,nan,nan,0,0,0,74.32,0.00,0,0.00,0,0,0,nan,0,0.00,111012,0.00,1682950
2,100,0,arm-ubuntu18,1,60,0,1,1,20,0,6,80.00,0.00,10,0,0,0,0,1,7,14,1,5,0,80.00,0.00,512,6683841189127027869,21.77,1426733,nan,nan,nan,nan,nan,nan,0,0,0,71.94,0.00,0,0.00,0,0,0,nan,0,0.00,124116,0.00,1853493
3,100,0,arm-ubuntu18,1,60,0,1,1,20,0,6,80.00,0.00,10,0,0,0,0,1,7,14,1,5,0,80.00,0.00,512,6683841189127027869,23.62,1547776,nan,nan,nan,nan,nan,nan,0,0,0,69.56,0.00,0,0.00,0,0,0,nan,0,0.00,124022,0.00,1852170
4,100,0,arm-ubuntu18,1,60,0,1,1,20,0,6,80.00,0.00,10,0,0,0,0,1,7,14,1,5,0,80.00,0.00,512,6683841189127027869,25.46,1668438,nan,nan,nan,nan,nan,nan,0,0,0,67.18,0.00,0,0.00,0,0,0,nan,0,0.00,123675,0.00,1850775
5,100,0,arm-ubuntu18,1,60,0,1,1,20,0,6,80.00,0.00,10,0,0,0,0,1,7,14,1,5,0,80.00,0.00,512,6683841189127027869,27.30,1789131,nan,nan,nan,nan,nan,nan,0,0,0,64.81,0.00,0,0.00,0,0,0,nan,0,0.00,123649,0.00,1833990
6,100,0,arm-ubuntu18,1,60,0,1,1,20,0,6,80.00,0.00,10,0,0,0,0,1,7,14,1,5,0,80.00,0.00,512,6683841189127027869,29.15,1910087,nan,nan,nan,nan,nan,nan,0,0,0,62.43,0.00,0,0.00,0,0,0,nan,0,0.00,123944,0.00,1852678
7,100,0,arm-ubuntu18,1,60,0,1,1,20,0,6,80.00,0.00,10,0,0,0,0,1,7,14,1,5,0,80.00,0.00,512,6683841189127027869,30.99,2031030,nan,nan,nan,nan,nan,nan,0,0,0,60.05,0.00,0,0.00,0,0,0,nan,0,0.00,123944,0.00,1848213
8,100,0,arm-ubuntu18,1,60,0,1,1,20,0,6,80.00,0.00,10,0,0,0,0,1,7,14,1,5,0,80.00,0.00,512,6683841189127027869,32.83,2151861,nan,nan,nan,nan,nan,nan,0,0,0,57.67,0.00,0,0.00,0,0,0,nan,0,0.00,123798,0.00,1850910
9,100,0,arm-ubuntu18,1,60,0,1,1,20,0,6,80.00,0.00,10,0,0,0,0,1,7,14,1,5,0,80.00,0.00,512,6683841189127027869,34.67,2272338,nan,nan,nan,nan,nan,nan,0,0,0,55.30,0.00,0,0.00,0,0,0,nan,0,0.00,123426,0.00,1836417
0,100,0,arm-ubuntu18,1,64,0,1,1,20,0,6,80.00,0.00,10,0,0,0,0,0,7,14,1,5,0,80.00,0.00,512,1157377320802986900,18.25,1195885,nan,nan,nan,nan,nan,nan,0,0,0,76.48,0.00,0,0.00,0,0,0,nan,0,0.00,1195885,0.00,0
1,100,0,arm-ubuntu18,1,64,0,1,1,20,0,6,80.00,0.00,10,0,0,0,0,0,7,14,1,5,0,80.00,0.00,512,1157377320802986900,19.26,1262098,nan,nan,nan,nan,nan,nan,0,0,0,75.18,0.00,0,0.00,0,0,0,nan,0,0.00,67074,0.00,1031445
2,100,0,arm-ubuntu18,1,64,0,1,1,20,0,6,80.00,0.00,10,0,0,0,0,0,7,14,1,5,0,80.00,0.00,512,1157377320802986900,20.28,1328807,nan,nan,nan,nan,nan,nan,0,0,0,73.86,0.00,0,0.00,0,0,0,nan,0,0.00,68301,0.00,1012894
3,100,0,arm-ubuntu18,1,64,0,1,1,20,0,6,80.00,0.00,10,0,0,0,0,0,7,14,1,5,0,80.00,0.00,512,1157377320802986900,21.30,1396008,nan,nan,nan,nan,nan,nan,0,0,0,72.54,0.00,0,0.00,0,0,0,nan,0,0.00,68847,0.00,1028445
4,100,0,arm-ubuntu18,1,64,0,1,1,20,0,6,80.00,0.00,10,0,0,0,0,0,7,14,1,5,0,80.00,0.00,512,1157377320802986900,22.33,1463413,nan,nan,nan,nan,nan,nan,0,0,0,71.22,0.00,0,0.00,0,0,0,nan,0,0.00,69092,0.00,1032683
5,100,0,arm-ubuntu18,1,64,0,1,1,20,0,6,80.00,0.00,10,0,0,0,0,0,7,14,1,5,0,80.00,0.00,512,1157377320802986900,23.36,1531144,nan,nan,nan,nan,nan,nan,0,0,0,69.88,0.00,0,0.00,0,0,0,nan,0,0.00,69428,0.00,1037121
6,100,0,arm-ubuntu18,1,64,0,1,1,20,0,6,80.00,0.00,10,0,0,0,0,0,7,14,1,5,0,80.00,0.00,512,1157377320802986900,24.39,1598169,nan,nan,nan,nan,nan,nan,0,0,0,68.56,0.00,0,0.00,0,0,0,nan,0,0.00,68628,0.00,1026779
7,100,0,arm-ubuntu18,1,64,0,1,1,20,0,6,80.00,0.00,10,0,0,0,0,0,7,14,1,5,0,80.00,0.00,512,1157377320802986900,25.43,1666371,nan,nan,nan,nan,nan,nan,0,0,0,67.22,0.00,0,0.00,0,0,0,nan,0,0.00,69902,0.00,1046001
8,100,0,arm-ubuntu18,1,64,0,1,1,20,0,6,80.00,0.00,10,0,0,0,0,0,7,14,1,5,0,80.00,0.00,512,1157377320802986900,26.52,1738268,nan,nan,nan,nan,nan,nan,0,0,0,65.81,0.00,0,0.00,0,0,0,nan,0,0.00,73681,0.00,1089483
9,100,0,arm-ubuntu18,1,64,0,1,1,20,0,6,80.00,0.00,10,0,0,0,0,0,7,14,1,5,0,80.00,0.00,512,1157377320802986900,27.57,1806865,nan,nan,nan,nan,nan,nan,0,0,0,64.46,0.00,0,0.00,0,0,0,nan,0,0.00,70280,0.00,1048758
0,100,0,arm-ubuntu18,1,64,0,1,1,20,0,6,80.00,0.00,10,0,0,0,0,1,7,14,1,5,0,80.00,0.00,512,8475199578292423648,18.25,1196204,nan,nan,nan,nan,nan,nan,0,0,0,76.47,0.00,0,0.00,0,0,0,nan,0,0.00,1196204,0.00,0
1,100,0,arm-ubuntu18,1,64,0,1,1,20,0,6,80.00,0.00,10,0,0,0,0,1,7,14,1,5,0,80.00,0.00,512,8475199578292423648,20.06,1314791,nan,nan,nan,nan,nan,nan,0,0,0,74.14,0.00,0,0.00,0,0,0,nan,0,0.00,120691,0.00,1829402
2,100,0,arm-ubuntu18,1,64,0,1,1,20,0,6,80.00,0.00,10,0,0,0,0,1,7,14,1,5,0,80.00,0.00,512,8475199578292423648,22.05,1444883,nan,nan,nan,nan,nan,nan,0,0,0,71.58,0.00,0,0.00,0,0,0,nan,0,0.00,133293,0.00,1990329
3,100,0,arm-ubuntu18,1,64,0,1,1,20,0,6,80.00,0.00,10,0,0,0,0,1,7,14,1,5,0,80.00,0.00,512,8475199578292423648,24.02,1574471,nan,nan,nan,nan,nan,nan,0,0,0,69.03,0.00,0,0.00,0,0,0,nan,0,0.00,132809,0.00,1986224
4,100,0,arm-ubuntu18,1,64,0,1,1,20,0,6,80.00,0.00,10,0,0,0,0,1,7,14,1,5,0,80.00,0.00,512,8475199578292423648,26.01,1704317,nan,nan,nan,nan,nan,nan,0,0,0,66.48,0.00,0,0.00,0,0,0,nan,0,0.00,133050,0.00,1984884
5,100,0,arm-ubuntu18,1,64,0,1,1,20,0,6,80.00,0.00,10,0,0,0,0,1,7,14,1,5,0,80.00,0.00,512,8475199578292423648,27.97,1832897,nan,nan,nan,nan,nan,nan,0,0,0,63.95,0.00,0,0.00,0,0,0,nan,0,0.00,131736,0.00,1954848
6,100,0,arm-ubuntu18,1,64,0,1,1,20,0,6,80.00,0.00,10,0,0,0,0,1,7,14,1,5,0,80.00,0.00,512,8475199578292423648,29.95,1962653,nan,nan,nan,nan,nan,nan,0,0,0,61.40,0.00,0,0.00,0,0,0,nan,0,0.00,132941,0.00,1984482
7,100,0,arm-ubuntu18,1,64,0,1,1,20,0,6,80.00,0.00,10,0,0,0,0,1,7,14,1,5,0,80.00,0.00,512,8475199578292423648,31.92,2092024,nan,nan,nan,nan,nan,nan,0,0,0,58.85,0.00,0,0.00,0,0,0,nan,0,0.00,132548,0.00,1979558
8,100,0,arm-ubuntu18,1,64,0,1,1,20,0,6,80.00,0.00,10,0,0,0,0,1,7,14,1,5,0,80.00,0.00,512,8475199578292423648,33.88,2220624,nan,nan,nan,nan,nan,nan,0,0,0,56.32,0.00,0,0.00,0,0,0,nan,0,0.00,131757,0.00,1961528
9,100,0,arm-ubuntu18,1,64,0,1,1,20,0,6,80.00,0.00,10,0,0,0,0,1,7,14,1,5,0,80.00,0.00,512,8475199578292423648,35.86,2349895,nan,nan,nan,nan,nan,nan,0,0,0,53.78,0.00,0,0.00,0,0,0,nan,0,0.00,132452,0.00,1978310
0,100,0,arm-ubuntu18,1,70,0,1,1,20,0,6,80.00,0.00,10,0,0,0,0,0,7,14,1,5,0,80.00,0.00,512,6880246443282609689,18.24,1195640,nan,nan,nan,nan,nan,nan,0,0,0,76.48,0.00,0,0.00,0,0,0,nan,0,0.00,1195640,0.00,0
1,100,0,arm-ubuntu18,1,70,0,1,1,20,0,6,80.00,0.00,10,0,0,0,0,0,7,14,1,5,0,80.00,0.00,512,6880246443282609689,19.49,1277464,nan,nan,nan,nan,nan,nan,0,0,0,74.87,0.00,0,0.00,0,0,0,nan,0,0.00,83118,0.00,1269133
2,100,0,arm-ubuntu18,1,70,0,1,1,20,0,6,80.00,0.00,10,0,0,0,0,0,7,14,1,5,0,80.00,0.00,512,6880246443282609689,20.75,1359636,nan,nan,nan,nan,nan,nan,0,0,0,73.26,0.00,0,0.00,0,0,0,nan,0,0.00,84108,0.00,1255030
3,100,0,arm-ubuntu18,1,70,0,1,1,20,0,6,80.00,0.00,10,0,0,0,0,0,7,14,1,5,0,80.00,0.00,512,6880246443282609689,22.00,1442036,nan,nan,nan,nan,nan,nan,0,0,0,71.64,0.00,0,0.00,0,0,0,nan,0,0.00,84437,0.00,1262111
4,100,0,arm-ubuntu18,1,70,0,1,1,20,0,6,80.00,0.00,10,0,0,0,0,0,7,14,1,5,0,80.00,0.00,512,6880246443282609689,23.29,1526422,nan,nan,nan,nan,nan,nan,0,0,0,69.98,0.00,0,0.00,0,0,0,nan,0,0.00,86468,0.00,1292719
5,100,0,arm-ubuntu18,1,70,0,1,1,20,0,6,80.00,0.00,10,0,0,0,0,0,7,14,1,5,0,80.00,0.00,512,6880246443282609689,24.57,1609938,nan,nan,nan,nan,nan,nan,0,0,0,68.33,0.00,0,0.00,0,0,0,nan,0,0.00,85602,0.00,1282348
6,100,0,arm-ubuntu18,1,70,0,1,1,20,0,6,80.00,0.00,10,0,0,0,0,0,7,14,1,5,0,80.00,0.00,512,6880246443282609689,25.84,1693640,nan,nan,nan,nan,nan,nan,0,0,0,66.69,0.00,0,0.00,0,0,0,nan,0,0.00,85776,0.00,1279585
7,100,0,arm-ubuntu18,1,70,0,1,1,20,0,6,80.00,0.00,10,0,0,0,0,0,7,14,1,5,0,80.00,0.00,512,6880246443282609689,27.17,1780690,nan,nan,nan,nan,nan,nan,0,0,0,64.97,0.00,0,0.00,0,0,0,nan,0,0.00,89183,0.00,1319789
8,100,0,arm-ubuntu18,1,70,0,1,1,20,0,6,80.00,0.00,10,0,0,0,0,0,7,14,1,5,0,80.00,0.00,512,6880246443282609689,28.45,1864462,nan,nan,nan,nan,nan,nan,0,0,0,63.33,0.00,0,0.00,0,0,0,nan,0,0.00,85836,0.00,1283474
9,100,0,arm-ubuntu18,1,70,0,1,1,20,0,6,80.00,0.00,10,0,0,0,0,0,7,14,1,5,0,80.00,0.00,512,6880246443282609689,29.72,1947920,nan,nan,nan,nan,nan,nan,0,0,0,61.69,0.00,0,0.00,0,0,0,nan,0,0.00,85533,0.00,1277399
0,100,0,arm-ubuntu18,1,70,0,1,1,20,0,6,80.00,0.00,10,0,0,0,0,1,7,14,1,5,0,80.00,0.00,512,15241817387979154709,18.25,1196227,nan,nan,nan,nan,nan,nan,0,0,0,76.47,0.00,0,0.00,0,0,0,nan,0,0.00,1196227,0.00,0
1,100,0,arm-ubuntu18,1,70,0,1,1,20,0,6,80.00,0.00,10,0,0,0,0,1,7,14,1,5,0,80.00,0.00,512,15241817387979154709,20.06,1314859,nan,nan,nan,nan,nan,nan,0,0,0,74.14,0.00,0,0.00,0,0,0,nan,0,0.00,120730,0.00,1831650
2,100,0,arm-ubuntu18,1,70,0,1,1,20,0,6,80.00,0.00,10,0,0,0,0,1,7,14,1,5,0,80.00,0.00,512,15241817387979154709,21.94,1437578,nan,nan,nan,nan,nan,nan,0,0,0,71.72,0.00,0,0.00,0,0,0,nan,0,0.00,125728,0.00,1876482
3,100,0,arm-ubuntu18,1,70,0,1,1,20,0,6,80.00,0.00,10,0,0,0,0,1,7,14,1,5,0,80.00,0.00,512,15241817387979154709,23.83,1561728,nan,nan,nan,nan,nan,nan,0,0,0,69.28,0.00,0,0.00,0,0,0,nan,0,0.00,127217,0.00,1901556
4,100,0,arm-ubuntu18,1,70,0,1,1,20,0,6,80.00,0.00,10,0,0,0,0,1,7,14,1,5,0,80.00,0.00,512,15241817387979154709,25.71,1685184,nan,nan,nan,nan,nan,nan,0,0,0,66.85,0.00,0,0.00,0,0,0,nan,0,0.00,126523,0.00,1888685
5,100,0,arm-ubuntu18,1,70,0,1,1,20,0,6,80.00,0.00,10,0,0,0,0,1,7,14,1,5,0,80.00,0.00,512,15241817387979154709,27.59,1808027,nan,nan,nan,nan,nan,nan,0,0,0,64.44,0.00,0,0.00,0,0,0,nan,0,0.00,125876,0.00,1867255
6,100,0,arm-ubuntu18,1,70,0,1,1,20,0,6,80.00,0.00,10,0,0,0,0,1,7,14,1,5,0,80.00,0.00,512,15241817387979154709,29.51,1934057,nan,nan,nan,nan,nan,nan,0,0,0,61.96,0.00,0,0.00,0,0,0,nan,0,0.00,129115,0.00,1928419
7,100,0,arm-ubuntu18,1,70,0,1,1,20,0,6,80.00,0.00,10,0,0,0,0,1,7,14,1,5,0,80.00,0.00,512,15241817387979154709,31.43,2060020,nan,nan,nan,nan,nan,nan,0,0,0,59.48,0.00,0,0.00,0,0,0,nan,0,0.00,129085,0.00,1926944
8,100,0,arm-ubuntu18,1,70,0,1,1,20,0,6,80.00,0.00,10,0,0,0,0,1,7,14,1,5,0,80.00,0.00,512,15241817387979154709,33.32,2183686,nan,nan,nan,nan,nan,nan,0,0,0,57.05,0.00,0,0.00,0,0,0,nan,0,0.00,126689,0.00,1892696
9,100,0,arm-ubuntu18,1,70,0,1,1,20,0,6,80.00,0.00,10,0,0,0,0,1,7,14,1,5,0,80.00,0.00,512,15241817387979154709,35.21,2307351,nan,nan,nan,nan,nan,nan,0,0,0,54.62,0.00,0,0.00,0,0,0,nan,0,0.00,126733,0.00,1887131
0,100,0,arm-ubuntu18,1,80,0,1,1,20,0,6,80.00,0.00,10,0,0,0,0,0,7,14,1,5,0,80.00,0.00,512,8793283690981586765,18.26,1196496,nan,nan,nan,nan,nan,nan,0,0,0,76.47,0.00,0,0.00,0,0,0,nan,0,0.00,1196496,0.00,0
1,100,0,arm-ubuntu18,1,80,0,1,1,20,0,6,80.00,0.00,10,0,0,0,0,0,7,14,1,5,0,80.00,0.00,512,8793283690981586765,19.38,1270137,nan,nan,nan,nan,nan,nan,0,0,0,75.02,0.00,0,0.00,0,0,0,nan,0,0.00,74712,0.00,1146255
2,100,0,arm-ubuntu18,1,80,0,1,1,20,0,6,80.00,0.00,10,0,0,0,0,0,7,14,1,5,0,80.00,0.00,512,8793283690981586765,20.53,1345507,nan,nan,nan,nan,nan,nan,0,0,0,73.53,0.00,0,0.00,0,0,0,nan,0,0.00,77150,0.00,1148588
3,100,0,arm-ubuntu18,1,80,0,1,1,20,0,6,80.00,0.00,10,0,0,0,0,0,7,14,1,5,0,80.00,0.00,512,8793283690981586765,21.67,1419937,nan,nan,nan,nan,nan,nan,0,0,0,72.07,0.00,0,0.00,0,0,0,nan,0,0.00,76277,0.00,1135754
4,100,0,arm-ubuntu18,1,80,0,1,1,20,0,6,80.00,0.00,10,0,0,0,0,0,7,14,1,5,0,80.00,0.00,512,8793283690981586765,22.86,1498288,nan,nan,nan,nan,nan,nan,0,0,0,70.53,0.00,0,0.00,0,0,0,nan,0,0.00,80300,0.00,1198925
5,100,0,arm-ubuntu18,1,80,0,1,1,20,0,6,80.00,0.00,10,0,0,0,0,0,7,14,1,5,0,80.00,0.00,512,8793283690981586765,24.03,1574524,nan,nan,nan,nan,nan,nan,0,0,0,69.03,0.00,0,0.00,0,0,0,nan,0,0.00,78076,0.00,1166142
6,100,0,arm-ubuntu18,1,80,0,1,1,20,0,6,80.00,0.00,10,0,0,0,0,0,7,14,1,5,0,80.00,0.00,512,8793283690981586765,25.18,1650510,nan,nan,nan,nan,nan,nan,0,0,0,67.54,0.00,0,0.00,0,0,0,nan,0,0.00,77856,0.00,1165615
7,100,0,arm-ubuntu18,1,80,0,1,1,20,0,6,80.00,0.00,10,0,0,0,0,0,7,14,1,5,0,80.00,0.00,512,8793283690981586765,26.40,1729829,nan,nan,nan,nan,nan,nan,0,0,0,65.98,0.00,0,0.00,0,0,0,nan,0,0.00,81268,0.00,1205968
8,100,0,arm-ubuntu18,1,80,0,1,1,20,0,6,80.00,0.00,10,0,0,0,0,0,7,14,1,5,0,80.00,0.00,512,8793283690981586765,27.60,1808987,nan,nan,nan,nan,nan,nan,0,0,0,64.42,0.00,0,0.00,0,0,0,nan,0,0.00,81128,0.00,1203912
9,100,0,arm-ubuntu18,1,80,0,1,1,20,0,6,80.00,0.00,10,0,0,0,0,0,7,14,1,5,0,80.00,0.00,512,8793283690981586765,28.73,1883091,nan,nan,nan,nan,nan,nan,0,0,0,62.96,0.00,0,0.00,0,0,0,nan,0,0.00,75939,0.00,1136171
0,100,0,arm-ubuntu18,1,80,0,1,1,20,0,6,80.00,0.00,10,0,0,0,0,1,7,14,1,5,0,80.00,0.00,512,2971214314871502776,18.26,1196373,nan,nan,nan,nan,nan,nan,0,0,0,76.47,0.00,0,0.00,0,0,0,nan,0,0.00,1196373,0.00,0
1,100,0,arm-ubuntu18,1,80,0,1,1,20,0,6,80.00,0.00,10,0,0,0,0,1,7,14,1,5,0,80.00,0.00,512,2971214314871502776,19.95,1307238,nan,nan,nan,nan,nan,nan,0,0,0,74.29,0.00,0,0.00,0,0,0,nan,0,0.00,112774,0.00,1711200
2,100,0,arm-ubuntu18,1,80,0,1,1,20,0,6,80.00,0.00,10,0,0,0,0,1,7,14,1,5,0,80.00,0.00,512,2971214314871502776,21.76,1426276,nan,nan,nan,nan,nan,nan,0,0,0,71.95,0.00,0,0.00,0,0,0,nan,0,0.00,121996,0.00,1820670
3,100,0,arm-ubuntu18,1,80,0,1,1,20,0,6,80.00,0.00,10,0,0,0,0,1,7,14,1,5,0,80.00,0.00,512,2971214314871502776,23.55,1543698,nan,nan,nan,nan,nan,nan,0,0,0,69.64,0.00,0,0.00,0,0,0,nan,0,0.00,120338,0.00,1798182
4,100,0,arm-ubuntu18,1,80,0,1,1,20,0,6,80.00,0.00,10,0,0,0,0,1,7,14,1,5,0,80.00,0.00,512,2971214314871502776,25.36,1661753,nan,nan,nan,nan,nan,nan,0,0,0,67.31,0.00,0,0.00,0,0,0,nan,0,0.00,120961,0.00,1809978
5,100,0,arm-ubuntu18,1,80,0,1,1,20,0,6,80.00,0.00,10,0,0,0,0,1,7,14,1,5,0,80.00,0.00,512,2971214314871502776,27.25,1785775,nan,nan,nan,nan,nan,nan,0,0,0,64.87,0.00,0,0.00,0,0,0,nan,0,0.00,127074,0.00,1884999
6,100,0,arm-ubuntu18,1,80,0,1,1,20,0,6,80.00,0.00,10,0,0,0,0,1,7,14,1,5,0,80.00,0.00,512,2971214314871502776,29.14,1909764,nan,nan,nan,nan,nan,nan,0,0,0,62.44,0.00,0,0.00,0,0,0,nan,0,0.00,127070,0.00,1901978
7,100,0,arm-ubuntu18,1,80,0,1,1,20,0,6,80.00,0.00,10,0,0,0,0,1,7,14,1,5,0,80.00,0.00,512,2971214314871502776,31.02,2033221,nan,nan,nan,nan,nan,nan,0,0,0,60.01,0.00,0,0.00,0,0,0,nan,0,0.00,126536,0.00,1893308
8,100,0,arm-ubuntu18,1,80,0,1,1,20,0,6,80.00,0.00,10,0,0,0,0,1,7,14,1,5,0,80.00,0.00,512,2971214314871502776,32.84,2152388,nan,nan,nan,nan,nan,nan,0,0,0,57.66,0.00,0,0.00,0,0,0,nan,0,0.00,122101,0.00,1827340
9,100,0,arm-ubuntu18,1,80,0,1,1,20,0,6,80.00,0.00,10,0,0,0,0,1,7,14,1,5,0,80.00,0.00,512,2971214314871502776,34.67,2272255,nan,nan,nan,nan,nan,nan,0,0,0,55.31,0.00,0,0.00,0,0,0,nan,0,0.00,122797,0.00,1823161
0,100,0,arm-ubuntu18,1,90,0,1,1,20,0,6,80.00,0.00,10,0,0,0,0,0,7,14,1,5,0,80.00,0.00,512,1023867139787013336,18.25,1195730,nan,nan,nan,nan,nan,nan,0,0,0,76.48,0.00,0,0.00,0,0,0,nan,0,0.00,1195730,0.00,0
1,100,0,arm-ubuntu18,1,90,0,1,1,20,0,6,80.00,0.00,10,0,0,0,0,0,7,14,1,5,0,80.00,0.00,512,1023867139787013336,19.26,1262531,nan,nan,nan,nan,nan,nan,0,0,0,75.17,0.00,0,0.00,0,0,0,nan,0,0.00,67706,0.00,1041150
2,100,0,arm-ubuntu18,1,90,0,1,1,20,0,6,80.00,0.00,10,0,0,0,0,0,7,14,1,5,0,80.00,0.00,512,1023867139787013336,20.31,1331160,nan,nan,nan,nan,nan,nan,0,0,0,73.82,0.00,0,0.00,0,0,0,nan,0,0.00,70282,0.00,1045233
3,100,0,arm-ubuntu18,1,90,0,1,1,20,0,6,80.00,0.00,10,0,0,0,0,0,7,14,1,5,0,80.00,0.00,512,1023867139787013336,21.38,1401189,nan,nan,nan,nan,nan,nan,0,0,0,72.44,0.00,0,0.00,0,0,0,nan,0,0.00,71753,0.00,1073146
4,100,0,arm-ubuntu18,1,90,0,1,1,20,0,6,80.00,0.00,10,0,0,0,0,0,7,14,1,5,0,80.00,0.00,512,1023867139787013336,22.44,1470795,nan,nan,nan,nan,nan,nan,0,0,0,71.07,0.00,0,0.00,0,0,0,nan,0,0.00,71312,0.00,1064003
5,100,0,arm-ubuntu18,1,90,0,1,1,20,0,6,80.00,0.00,10,0,0,0,0,0,7,14,1,5,0,80.00,0.00,512,1023867139787013336,23.43,1535696,nan,nan,nan,nan,nan,nan,0,0,0,69.79,0.00,0,0.00,0,0,0,nan,0,0.00,66511,0.00,994500
6,100,0,arm-ubuntu18,1,90,0,1,1,20,0,6,80.00,0.00,10,0,0,0,0,0,7,14,1,5,0,80.00,0.00,512,1023867139787013336,24.48,1604118,nan,nan,nan,nan,nan,nan,0,0,0,68.45,0.00,0,0.00,0,0,0,nan,0,0.00,70088,0.00,1047466
7,100,0,arm-ubuntu18,1,90,0,1,1,20,0,6,80.00,0.00,10,0,0,0,0,0,7,14,1,5,0,80.00,0.00,512,1023867139787013336,25.54,1673949,nan,nan,nan,nan,nan,nan,0,0,0,67.07,0.00,0,0.00,0,0,0,nan,0,0.00,71589,0.00,1072690
8,100,0,arm-ubuntu18,1,90,0,1,1,20,0,6,80.00,0.00,10,0,0,0,0,0,7,14,1,5,0,80.00,0.00,512,1023867139787013336,26.63,1745220,nan,nan,nan,nan,nan,nan,0,0,0,65.67,0.00,0,0.00,0,0,0,nan,0,0.00,73022,0.00,1077314
9,100,0,arm-ubuntu18,1,90,0,1,1,20,0,6,80.00,0.00,10,0,0,0,0,0,7,14,1,5,0,80.00,0.00,512,1023867139787013336,27.68,1814120,nan,nan,nan,nan,nan,nan,0,0,0,64.32,0.00,0,0.00,0,0,0,nan,0,0.00,70610,0.00,1054158
0,100,0,arm-ubuntu18,1,90,0,1,1,20,0,6,80.00,0.00,10,0,0,0,0,1,7,14,1,5,0,80.00,0.00,512,7746187478606509335,18.24,1195674,nan,nan,nan,nan,nan,nan,0,0,0,76.48,0.00,0,0.00,0,0,0,nan,0,0.00,1195674,0.00,0
1,100,0,arm-ubuntu18,1,90,0,1,1,20,0,6,80.00,0.00,10,0,0,0,0,1,7,14,1,5,0,80.00,0.00,512,7746187478606509335,19.87,1301954,nan,nan,nan,nan,nan,nan,0,0,0,74.39,0.00,0,0.00,0,0,0,nan,0,0.00,108080,0.00,1646036
2,100,0,arm-ubuntu18,1,90,0,1,1,20,0,6,80.00,0.00,10,0,0,0,0,1,7,14,1,5,0,80.00,0.00,512,7746187478606509335,21.53,1410723,nan,nan,nan,nan,nan,nan,0,0,0,72.25,0.00,0,0.00,0,0,0,nan,0,0.00,111448,0.00,1661088
3,100,0,arm-ubuntu18,1,90,0,1,1,20,0,6,80.00,0.00,10,0,0,0,0,1,7,14,1,5,0,80.00,0.00,512,7746187478606509335,23.31,1527332,nan,nan,nan,nan,nan,nan,0,0,0,69.96,0.00,0,0.00,0,0,0,nan,0,0.00,119473,0.00,1782456
4,100,0,arm-ubuntu18,1,90,0,1,1,20,0,6,80.00,0.00,10,0,0,0,0,1,7,14,1,5,0,80.00,0.00,512,7746187478606509335,25.00,1638573,nan,nan,nan,nan,nan,nan,0,0,0,67.77,0.00,0,0.00,0,0,0,nan,0,0.00,114004,0.00,1707836
5,100,0,arm-ubuntu18,1,90,0,1,1,20,0,6,80.00,0.00,10,0,0,0,0,1,7,14,1,5,0,80.00,0.00,512,7746187478606509335,26.76,1753626,nan,nan,nan,nan,nan,nan,0,0,0,65.51,0.00,0,0.00,0,0,0,nan,0,0.00,117886,0.00,1749838
6,100,0,arm-ubuntu18,1,90,0,1,1,20,0,6,80.00,0.00,10,0,0,0,0,1,7,14,1,5,0,80.00,0.00,512,7746187478606509335,28.50,1867574,nan,nan,nan,nan,nan,nan,0,0,0,63.27,0.00,0,0.00,0,0,0,nan,0,0.00,116757,0.00,1743114
7,100,0,arm-ubuntu18,1,90,0,1,1,20,0,6,80.00,0.00,10,0,0,0,0,1,7,14,1,5,0,80.00,0.00,512,7746187478606509335,30.18,1978200,nan,nan,nan,nan,nan,nan,0,0,0,61.09,0.00,0,0.00,0,0,0,nan,0,0.00,113334,0.00,1694632
8,100,0,arm-ubuntu18,1,90,0,1,1,20,0,6,80.00,0.00,10,0,0,0,0,1,7,14,1,5,0,80.00,0.00,512,7746187478606509335,31.95,2093852,nan,nan,nan,nan,nan,nan,0,0,0,58.82,0.00,0,0.00,0,0,0,nan,0,0.00,118536,0.00,1774425
9,100,0,arm-ubuntu18,1,90,0,1,1,20,0,6,80.00,0.00,10,0,0,0,0,1,7,14,1,5,0,80.00,0.00,512,7746187478606509335,33.78,2213605,nan,nan,nan,nan,nan,nan,0,0,0,56.46,0.00,0,0.00,0,0,0,nan,0,0.00,122697,0.00,1824895
0,100,0,arm-ubuntu18,1,96,0,1,1,20,0,6,80.00,0.00,10,0,0,0,0,0,7,14,1,5,0,80.00,0.00,512,14940251583710342051,18.25,1195726,nan,nan,nan,nan,nan,nan,0,0,0,76.48,0.00,0,0.00,0,0,0,nan,0,0.00,1195726,0.00,0
1,100,0,arm-ubuntu18,1,96,0,1,1,20,0,6,80.00,0.00,10,0,0,0,0,0,7,14,1,5,0,80.00,0.00,512,14940251583710342051,19.33,1266951,nan,nan,nan,nan,nan,nan,0,0,0,75.08,0.00,0,0.00,0,0,0,nan,0,0.00,72326,0.00,1111918
2,100,0,arm-ubuntu18,1,96,0,1,1,20,0,6,80.00,0.00,10,0,0,0,0,0,7,14,1,5,0,80.00,0.00,512,14940251583710342051,20.37,1334673,nan,nan,nan,nan,nan,nan,0,0,0,73.75,0.00,0,0.00,0,0,0,nan,0,0.00,69302,0.00,1030241
3,100,0,arm-ubuntu18,1,96,0,1,1,20,0,6,80.00,0.00,10,0,0,0,0,0,7,14,1,5,0,80.00,0.00,512,14940251583710342051,21.48,1407629,nan,nan,nan,nan,nan,nan,0,0,0,72.31,0.00,0,0.00,0,0,0,nan,0,0.00,74715,0.00,1112764
4,100,0,arm-ubuntu18,1,96,0,1,1,20,0,6,80.00,0.00,10,0,0,0,0,0,7,14,1,5,0,80.00,0.00,512,14940251583710342051,22.51,1475114,nan,nan,nan,nan,nan,nan,0,0,0,70.99,0.00,0,0.00,0,0,0,nan,0,0.00,69160,0.00,1033276
5,100,0,arm-ubuntu18,1,96,0,1,1,20,0,6,80.00,0.00,10,0,0,0,0,0,7,14,1,5,0,80.00,0.00,512,14940251583710342051,23.47,1537829,nan,nan,nan,nan,nan,nan,0,0,0,69.75,0.00,0,0.00,0,0,0,nan,0,0.00,64289,0.00,960190
6,100,0,arm-ubuntu18,1,96,0,1,1,20,0,6,80.00,0.00,10,0,0,0,0,0,7,14,1,5,0,80.00,0.00,512,14940251583710342051,24.59,1611815,nan,nan,nan,nan,nan,nan,0,0,0,68.30,0.00,0,0.00,0,0,0,nan,0,0.00,75788,0.00,1135540
7,100,0,arm-ubuntu18,1,96,0,1,1,20,0,6,80.00,0.00,10,0,0,0,0,0,7,14,1,5,0,80.00,0.00,512,14940251583710342051,25.70,1684032,nan,nan,nan,nan,nan,nan,0,0,0,66.88,0.00,0,0.00,0,0,0,nan,0,0.00,74032,0.00,1109245
8,100,0,arm-ubuntu18,1,96,0,1,1,20,0,6,80.00,0.00,10,0,0,0,0,0,7,14,1,5,0,80.00,0.00,512,14940251583710342051,26.71,1750236,nan,nan,nan,nan,nan,nan,0,0,0,65.57,0.00,0,0.00,0,0,0,nan,0,0.00,67800,0.00,1003630
9,100,0,arm-ubuntu18,1,96,0,1,1,20,0,6,80.00,0.00,10,0,0,0,0,0,7,14,1,5,0,80.00,0.00,512,14940251583710342051,27.72,1816604,nan,nan,nan,nan,nan,nan,0,0,0,64.27,0.00,0,0.00,0,0,0,nan,0,0.00,68026,0.00,1015606
0,100,0,arm-ubuntu18,1,96,0,1,1,20,0,6,80.00,0.00,10,0,0,0,0,1,7,14,1,5,0,80.00,0.00,512,11421162801429523065,18.25,1195762,nan,nan,nan,nan,nan,nan,0,0,0,76.48,0.00,0,0.00,0,0,0,nan,0,0.00,1195762,0.00,0
1,100,0,arm-ubuntu18,1,96,0,1,1,20,0,6,80.00,0.00,10,0,0,0,0,1,7,14,1,5,0,80.00,0.00,512,11421162801429523065,19.79,1296697,nan,nan,nan,nan,nan,nan,0,0,0,74.49,0.00,0,0.00,0,0,0,nan,0,0.00,102640,0.00,1564304
2,100,0,arm-ubuntu18,1,96,0,1,1,20,0,6,80.00,0.00,10,0,0,0,0,1,7,14,1,5,0,80.00,0.00,512,11421162801429523065,21.56,1412938,nan,nan,nan,nan,nan,nan,0,0,0,72.21,0.00,0,0.00,0,0,0,nan,0,0.00,119088,0.00,1777291
3,100,0,arm-ubuntu18,1,96,0,1,1,20,0,6,80.00,0.00,10,0,0,0,0,1,7,14,1,5,0,80.00,0.00,512,11421162801429523065,23.23,1522364,nan,nan,nan,nan,nan,nan,0,0,0,70.06,0.00,0,0.00,0,0,0,nan,0,0.00,112082,0.00,1673540
4,100,0,arm-ubuntu18,1,96,0,1,1,20,0,6,80.00,0.00,10,0,0,0,0,1,7,14,1,5,0,80.00,0.00,512,11421162801429523065,24.87,1629855,nan,nan,nan,nan,nan,nan,0,0,0,67.94,0.00,0,0.00,0,0,0,nan,0,0.00,110193,0.00,1649226
5,100,0,arm-ubuntu18,1,96,0,1,1,20,0,6,80.00,0.00,10,0,0,0,0,1,7,14,1,5,0,80.00,0.00,512,11421162801429523065,26.64,1745893,nan,nan,nan,nan,nan,nan,0,0,0,65.66,0.00,0,0.00,0,0,0,nan,0,0.00,118892,0.00,1768281
6,100,0,arm-ubuntu18,1,96,0,1,1,20,0,6,80.00,0.00,10,0,0,0,0,1,7,14,1,5,0,80.00,0.00,512,11421162801429523065,28.46,1865117,nan,nan,nan,nan,nan,nan,0,0,0,63.31,0.00,0,0.00,0,0,0,nan,0,0.00,122167,0.00,1827080
7,100,0,arm-ubuntu18,1,96,0,1,1,20,0,6,80.00,0.00,10,0,0,0,0,1,7,14,1,5,0,80.00,0.00,512,11421162801429523065,30.05,1969128,nan,nan,nan,nan,nan,nan,0,0,0,61.27,0.00,0,0.00,0,0,0,nan,0,0.00,106554,0.00,1590357
8,100,0,arm-ubuntu18,1,96,0,1,1,20,0,6,80.00,0.00,10,0,0,0,0,1,7,14,1,5,0,80.00,0.00,512,11421162801429523065,31.74,2080140,nan,nan,nan,nan,nan,nan,0,0,0,59.08,0.00,0,0.00,0,0,0,nan,0,0.00,113761,0.00,1698007
9,100,0,arm-ubuntu18,1,96,0,1,1,20,0,6,80.00,0.00,10,0,0,0,0,1,7,14,1,5,0,80.00,0.00,512,11421162801429523065,33.46,2192774,nan,nan,nan,nan,nan,nan,0,0,0,56.87,0.00,0,0.00,0,0,0,nan,0,0.00,115407,0.00,1722932
0,100,0,arm-ubuntu18,1,100,0,1,1,20,0,6,80.00,0.00,10,0,0,0,0,0,7,14,1,5,0,80.00,0.00,512,17513776809325011428,18.25,1196228,nan,nan,nan,nan,nan,nan,0,0,0,76.47,0.00,0,0.00,0,0,0,nan,0,0.00,1196228,0.00,0
1,100,0,arm-ubuntu18,1,100,0,1,1,20,0,6,80.00,0.00,10,0,0,0,0,0,7,14,1,5,0,80.00,0.00,512,17513776809325011428,19.44,1274211,nan,nan,nan,nan,nan,nan,0,0,0,74.94,0.00,0,0.00,0,0,0,nan,0,0.00,79165,0.00,1207501
2,100,0,arm-ubuntu18,1,100,0,1,1,20,0,6,80.00,0.00,10,0,0,0,0,0,7,14,1,5,0,80.00,0.00,512,17513776809325011428,20.65,1353233,nan,nan,nan,nan,nan,nan,0,0,0,73.38,0.00,0,0.00,0,0,0,nan,0,0.00,80929,0.00,1208569
3,100,0,arm-ubuntu18,1,100,0,1,1,20,0,6,80.00,0.00,10,0,0,0,0,0,7,14,1,5,0,80.00,0.00,512,17513776809325011428,21.85,1432151,nan,nan,nan,nan,nan,nan,0,0,0,71.83,0.00,0,0.00,0,0,0,nan,0,0.00,80881,0.00,1206113
4,100,0,arm-ubuntu18,1,100,0,1,1,20,0,6,80.00,0.00,10,0,0,0,0,0,7,14,1,5,0,80.00,0.00,512,17513776809325011428,22.90,1501039,nan,nan,nan,nan,nan,nan,0,0,0,70.48,0.00,0,0.00,0,0,0,nan,0,0.00,70601,0.00,1054485
5,100,0,arm-ubuntu18,1,100,0,1,1,20,0,6,80.00,0.00,10,0,0,0,0,0,7,14,1,5,0,80.00,0.00,512,17513776809325011428,24.16,1583434,nan,nan,nan,nan,nan,nan,0,0,0,68.85,0.00,0,0.00,0,0,0,nan,0,0.00,84399,0.00,1262174
6,100,0,arm-ubuntu18,1,100,0,1,1,20,0,6,80.00,0.00,10,0,0,0,0,0,7,14,1,5,0,80.00,0.00,512,17513776809325011428,25.40,1664499,nan,nan,nan,nan,nan,nan,0,0,0,67.26,0.00,0,0.00,0,0,0,nan,0,0.00,83065,0.00,1242755
7,100,0,arm-ubuntu18,1,100,0,1,1,20,0,6,80.00,0.00,10,0,0,0,0,0,7,14,1,5,0,80.00,0.00,512,17513776809325011428,26.64,1746049,nan,nan,nan,nan,nan,nan,0,0,0,65.66,0.00,0,0.00,0,0,0,nan,0,0.00,83550,0.00,1237408
8,100,0,arm-ubuntu18,1,100,0,1,1,20,0,6,80.00,0.00,10,0,0,0,0,0,7,14,1,5,0,80.00,0.00,512,17513776809325011428,27.92,1829622,nan,nan,nan,nan,nan,nan,0,0,0,64.01,0.00,0,0.00,0,0,0,nan,0,0.00,85637,0.00,1279621
9,100,0,arm-ubuntu18,1,100,0,1,1,20,0,6,80.00,0.00,10,0,0,0,0,0,7,14,1,5,0,80.00,0.00,512,17513776809325011428,29.06,1904801,nan,nan,nan,nan,nan,nan,0,0,0,62.53,0.00,0,0.00,0,0,0,nan,0,0.00,77041,0.00,1150253
0,100,0,arm-ubuntu18,1,100,0,1,1,20,0,6,80.00,0.00,10,0,0,0,0,1,7,14,1,5,0,80.00,0.00,512,1206986975434237257,18.25,1196021,nan,nan,nan,nan,nan,nan,0,0,0,76.47,0.00,0,0.00,0,0,0,nan,0,0.00,1196021,0.00,0
1,100,0,arm-ubuntu18,1,100,0,1,1,20,0,6,80.00,0.00,10,0,0,0,0,1,7,14,1,5,0,80.00,0.00,512,1206986975434237257,19.73,1292716,nan,nan,nan,nan,nan,nan,0,0,0,74.57,0.00,0,0.00,0,0,0,nan,0,0.00,98348,0.00,1495000
2,100,0,arm-ubuntu18,1,100,0,1,1,20,0,6,80.00,0.00,10,0,0,0,0,1,7,14,1,5,0,80.00,0.00,512,1206986975434237257,21.30,1396161,nan,nan,nan,nan,nan,nan,0,0,0,72.54,0.00,0,0.00,0,0,0,nan,0,0.00,105926,0.00,1583254
3,100,0,arm-ubuntu18,1,100,0,1,1,20,0,6,80.00,0.00,10,0,0,0,0,1,7,14,1,5,0,80.00,0.00,512,1206986975434237257,22.97,1505097,nan,nan,nan,nan,nan,nan,0,0,0,70.40,0.00,0,0.00,0,0,0,nan,0,0.00,111628,0.00,1666294
4,100,0,arm-ubuntu18,1,100,0,1,1,20,0,6,80.00,0.00,10,0,0,0,0,1,7,14,1,5,0,80.00,0.00,512,1206986975434237257,24.79,1624558,nan,nan,nan,nan,nan,nan,0,0,0,68.05,0.00,0,0.00,0,0,0,nan,0,0.00,122404,0.00,1830316
5,100,0,arm-ubuntu18,1,100,0,1,1,20,0,6,80.00,0.00,10,0,0,0,0,1,7,14,1,5,0,80.00,0.00,512,1206986975434237257,26.48,1735289,nan,nan,nan,nan,nan,nan,0,0,0,65.87,0.00,0,0.00,0,0,0,nan,0,0.00,113459,0.00,1690135
6,100,0,arm-ubuntu18,1,100,0,1,1,20,0,6,80.00,0.00,10,0,0,0,0,1,7,14,1,5,0,80.00,0.00,512,1206986975434237257,28.17,1845986,nan,nan,nan,nan,nan,nan,0,0,0,63.69,0.00,0,0.00,0,0,0,nan,0,0.00,113417,0.00,1694112
7,100,0,arm-ubuntu18,1,100,0,1,1,20,0,6,80.00,0.00,10,0,0,0,0,1,7,14,1,5,0,80.00,0.00,512,1206986975434237257,29.87,1957877,nan,nan,nan,nan,nan,nan,0,0,0,61.49,0.00,0,0.00,0,0,0,nan,0,0.00,114663,0.00,1713447
8,100,0,arm-ubuntu18,1,100,0,1,1,20,0,6,80.00,0.00,10,0,0,0,0,1,7,14,1,5,0,80.00,0.00,512,1206986975434237257,31.54,2066709,nan,nan,nan,nan,nan,nan,0,0,0,59.35,0.00,0,0.00,0,0,0,nan,0,0.00,111509,0.00,1667645
9,100,0,arm-ubuntu18,1,100,0,1,1,20,0,6,80.00,0.00,10,0,0,0,0,1,7,14,1,5,0,80.00,0.00,512,1206986975434237257,33.28,2181229,nan,nan,nan,nan,nan,nan,0,0,0,57.10,0.00,0,0.00,0,0,0,nan,0,0.00,117362,0.00,1755352
0,100,0,arm-ubuntu18,1,120,0,1,1,20,0,6,80.00,0.00,10,0,0,0,0,0,7,14,1,5,0,80.00,0.00,512,15672203166946156123,18.25,1195810,nan,nan,nan,nan,nan,nan,0,0,0,76.48,0.00,0,0.00,0,0,0,nan,0,0.00,1195810,0.00,0
1,100,0,arm-ubuntu18,1,120,0,1,1,20,0,6,80.00,0.00,10,0,0,0,0,0,7,14,1,5,0,80.00,0.00,512,15672203166946156123,19.04,1247711,nan,nan,nan,nan,nan,nan,0,0,0,75.46,0.00,0,0.00,0,0,0,nan,0,0.00,52364,0.00,818209
2,100,0,arm-ubuntu18,1,120,0,1,1,20,0,6,80.00,0.00,10,0,0,0,0,0,7,14,1,5,0,80.00,0.00,512,15672203166946156123,19.95,1307172,nan,nan,nan,nan,nan,nan,0,0,0,74.29,0.00,0,0.00,0,0,0,nan,0,0.00,60952,0.00,905228
3,100,0,arm-ubuntu18,1,120,0,1,1,20,0,6,80.00,0.00,10,0,0,0,0,0,7,14,1,5,0,80.00,0.00,512,15672203166946156123,21.04,1378691,nan,nan,nan,nan,nan,nan,0,0,0,72.88,0.00,0,0.00,0,0,0,nan,0,0.00,73305,0.00,1093072
4,100,0,arm-ubuntu18,1,120,0,1,1,20,0,6,80.00,0.00,10,0,0,0,0,0,7,14,1,5,0,80.00,0.00,512,15672203166946156123,22.03,1443566,nan,nan,nan,nan,nan,nan,0,0,0,71.61,0.00,0,0.00,0,0,0,nan,0,0.00,66430,0.00,990932
5,100,0,arm-ubuntu18,1,120,0,1,1,20,0,6,80.00,0.00,10,0,0,0,0,0,7,14,1,5,0,80.00,0.00,512,15672203166946156123,23.22,1521925,nan,nan,nan,nan,nan,nan,0,0,0,70.06,0.00,0,0.00,0,0,0,nan,0,0.00,80287,0.00,1199010
6,100,0,arm-ubuntu18,1,120,0,1,1,20,0,6,80.00,0.00,10,0,0,0,0,0,7,14,1,5,0,80.00,0.00,512,15672203166946156123,24.34,1595044,nan,nan,nan,nan,nan,nan,0,0,0,68.63,0.00,0,0.00,0,0,0,nan,0,0.00,74937,0.00,1120762
7,100,0,arm-ubuntu18,1,120,0,1,1,20,0,6,80.00,0.00,10,0,0,0,0,0,7,14,1,5,0,80.00,0.00,512,15672203166946156123,25.52,1672407,nan,nan,nan,nan,nan,nan,0,0,0,67.10,0.00,0,0.00,0,0,0,nan,0,0.00,79283,0.00,1185033
8,100,0,arm-ubuntu18,1,120,0,1,1,20,0,6,80.00,0.00,10,0,0,0,0,0,7,14,1,5,0,80.00,0.00,512,15672203166946156123,26.70,1749923,nan,nan,nan,nan,nan,nan,0,0,0,65.58,0.00,0,0.00,0,0,0,nan,0,0.00,79443,0.00,1173361
9,100,0,arm-ubuntu18,1,120,0,1,1,20,0,6,80.00,0.00,10,0,0,0,0,0,7,14,1,5,0,80.00,0.00,512,15672203166946156123,27.60,1808485,nan,nan,nan,nan,nan,nan,0,0,0,64.43,0.00,0,0.00,0,0,0,nan,0,0.00,59964,0.00,897995
0,100,0,arm-ubuntu18,1,120,0,1,1,20,0,6,80.00,0.00,10,0,0,0,0,1,7,14,1,5,0,80.00,0.00,512,3110755781520969999,18.25,1195846,nan,nan,nan,nan,nan,nan,0,0,0,76.48,0.00,0,0.00,0,0,0,nan,0,0.00,1195846,0.00,0
1,100,0,arm-ubuntu18,1,120,0,1,1,20,0,6,80.00,0.00,10,0,0,0,0,1,7,14,1,5,0,80.00,0.00,512,3110755781520969999,19.54,1280551,nan,nan,nan,nan,nan,nan,0,0,0,74.81,0.00,0,0.00,0,0,0,nan,0,0.00,86063,0.00,1315742
2,100,0,arm-ubuntu18,1,120,0,1,1,20,0,6,80.00,0.00,10,0,0,0,0,1,7,14,1,5,0,80.00,0.00,512,3110755781520969999,20.85,1366160,nan,nan,nan,nan,nan,nan,0,0,0,73.13,0.00,0,0.00,0,0,0,nan,0,0.00,87637,0.00,1306334
3,100,0,arm-ubuntu18,1,120,0,1,1,20,0,6,80.00,0.00,10,0,0,0,0,1,7,14,1,5,0,80.00,0.00,512,3110755781520969999,22.27,1459536,nan,nan,nan,nan,nan,nan,0,0,0,71.29,0.00,0,0.00,0,0,0,nan,0,0.00,95736,0.00,1433635
4,100,0,arm-ubuntu18,1,120,0,1,1,20,0,6,80.00,0.00,10,0,0,0,0,1,7,14,1,5,0,80.00,0.00,512,3110755781520969999,23.87,1564287,nan,nan,nan,nan,nan,nan,0,0,0,69.23,0.00,0,0.00,0,0,0,nan,0,0.00,107295,0.00,1603191
5,100,0,arm-ubuntu18,1,120,0,1,1,20,0,6,80.00,0.00,10,0,0,0,0,1,7,14,1,5,0,80.00,0.00,512,3110755781520969999,25.28,1656557,nan,nan,nan,nan,nan,nan,0,0,0,67.42,0.00,0,0.00,0,0,0,nan,0,0.00,94573,0.00,1415817
6,100,0,arm-ubuntu18,1,120,0,1,1,20,0,6,80.00,0.00,10,0,0,0,0,1,7,14,1,5,0,80.00,0.00,512,3110755781520969999,26.77,1754655,nan,nan,nan,nan,nan,nan,0,0,0,65.49,0.00,0,0.00,0,0,0,nan,0,0.00,100508,0.00,1489410
7,100,0,arm-ubuntu18,1,120,0,1,1,20,0,6,80.00,0.00,10,0,0,0,0,1,7,14,1,5,0,80.00,0.00,512,3110755781520969999,28.12,1843199,nan,nan,nan,nan,nan,nan,0,0,0,63.75,0.00,0,0.00,0,0,0,nan,0,0.00,90719,0.00,1358169
8,100,0,arm-ubuntu18,1,120,0,1,1,20,0,6,80.00,0.00,10,0,0,0,0,1,7,14,1,5,0,80.00,0.00,512,3110755781520969999,29.74,1948786,nan,nan,nan,nan,nan,nan,0,0,0,61.67,0.00,0,0.00,0,0,0,nan,0,0.00,108197,0.00,1613667
9,100,0,arm-ubuntu18,1,120,0,1,1,20,0,6,80.00,0.00,10,0,0,0,0,1,7,14,1,5,0,80.00,0.00,512,3110755781520969999,31.10,2038125,nan,nan,nan,nan,nan,nan,0,0,0,59.91,0.00,0,0.00,0,0,0,nan,0,0.00,91529,0.00,1366891
0,100,0,arm-ubuntu18,1,128,0,1,1,20,0,6,80.00,0.00,10,0,0,0,0,0,7,14,1,5,0,80.00,0.00,512,8627413192183021248,18.26,1196485,nan,nan,nan,nan,nan,nan,0,0,0,76.47,0.00,0,0.00,0,0,0,nan,0,0.00,1196485,0.00,0
1,100,0,arm-ubuntu18,1,128,0,1,1,20,0,6,80.00,0.00,10,0,0,0,0,0,7,14,1,5,0,80.00,0.00,512,8627413192183021248,18.97,1243189,nan,nan,nan,nan,nan,nan,0,0,0,75.55,0.00,0,0.00,0,0,0,nan,0,0.00,47113,0.00,736848
2,100,0,arm-ubuntu18,1,128,0,1,1,20,0,6,80.00,0.00,10,0,0,0,0,0,7,14,1,5,0,80.00,0.00,512,8627413192183021248,19.66,1288241,nan,nan,nan,nan,nan,nan,0,0,0,74.66,0.00,0,0.00,0,0,0,nan,0,0.00,46143,0.00,685532
3,100,0,arm-ubuntu18,1,128,0,1,1,20,0,6,80.00,0.00,10,0,0,0,0,0,7,14,1,5,0,80.00,0.00,512,8627413192183021248,20.52,1344513,nan,nan,nan,nan,nan,nan,0,0,0,73.55,0.00,0,0.00,0,0,0,nan,0,0.00,57602,0.00,857103
4,100,0,arm-ubuntu18,1,128,0,1,1,20,0,6,80.00,0.00,10,0,0,0,0,0,7,14,1,5,0,80.00,0.00,512,8627413192183021248,21.53,1410899,nan,nan,nan,nan,nan,nan,0,0,0,72.25,0.00,0,0.00,0,0,0,nan,0,0.00,68012,0.00,1015853
5,100,0,arm-ubuntu18,1,128,0,1,1,20,0,6,80.00,0.00,10,0,0,0,0,0,7,14,1,5,0,80.00,0.00,512,8627413192183021248,22.34,1464353,nan,nan,nan,nan,nan,nan,0,0,0,71.20,0.00,0,0.00,0,0,0,nan,0,0.00,54801,0.00,817187
6,100,0,arm-ubuntu18,1,128,0,1,1,20,0,6,80.00,0.00,10,0,0,0,0,0,7,14,1,5,0,80.00,0.00,512,8627413192183021248,23.18,1519372,nan,nan,nan,nan,nan,nan,0,0,0,70.11,0.00,0,0.00,0,0,0,nan,0,0.00,56346,0.00,839816
7,100,0,arm-ubuntu18,1,128,0,1,1,20,0,6,80.00,0.00,10,0,0,0,0,0,7,14,1,5,0,80.00,0.00,512,8627413192183021248,23.92,1567934,nan,nan,nan,nan,nan,nan,0,0,0,69.16,0.00,0,0.00,0,0,0,nan,0,0.00,49764,0.00,746136
8,100,0,arm-ubuntu18,1,128,0,1,1,20,0,6,80.00,0.00,10,0,0,0,0,0,7,14,1,5,0,80.00,0.00,512,8627413192183021248,24.83,1627503,nan,nan,nan,nan,nan,nan,0,0,0,67.99,0.00,0,0.00,0,0,0,nan,0,0.00,61059,0.00,912374
9,100,0,arm-ubuntu18,1,128,0,1,1,20,0,6,80.00,0.00,10,0,0,0,0,0,7,14,1,5,0,80.00,0.00,512,8627413192183021248,25.56,1674793,nan,nan,nan,nan,nan,nan,0,0,0,67.06,0.00,0,0.00,0,0,0,nan,0,0.00,48459,0.00,724423
0,100,0,arm-ubuntu18,1,128,0,1,1,20,0,6,80.00,0.00,10,0,0,0,0,1,7,14,1,5,0,80.00,0.00,512,1304217667530399635,18.25,1196331,nan,nan,nan,nan,nan,nan,0,0,0,76.47,0.00,0,0.00,0,0,0,nan,0,0.00,1196331,0.00,0
1,100,0,arm-ubuntu18,1,128,0,1,1,20,0,6,80.00,0.00,10,0,0,0,0,1,7,14,1,5,0,80.00,0.00,512,1304217667530399635,19.18,1257271,nan,nan,nan,nan,nan,nan,0,0,0,75.27,0.00,0,0.00,0,0,0,nan,0,0.00,61673,0.00,951790
2,100,0,arm-ubuntu18,1,128,0,1,1,20,0,6,80.00,0.00,10,0,0,0,0,1,7,14,1,5,0,80.00,0.00,512,1304217667530399635,20.34,1333190,nan,nan,nan,nan,nan,nan,0,0,0,73.78,0.00,0,0.00,0,0,0,nan,0,0.00,77777,0.00,1160011
3,100,0,arm-ubuntu18,1,128,0,1,1,20,0,6,80.00,0.00,10,0,0,0,0,1,7,14,1,5,0,80.00,0.00,512,1304217667530399635,21.71,1422881,nan,nan,nan,nan,nan,nan,0,0,0,72.01,0.00,0,0.00,0,0,0,nan,0,0.00,91916,0.00,1373762
4,100,0,arm-ubuntu18,1,128,0,1,1,20,0,6,80.00,0.00,10,0,0,0,0,1,7,14,1,5,0,80.00,0.00,512,1304217667530399635,23.12,1514991,nan,nan,nan,nan,nan,nan,0,0,0,70.20,0.00,0,0.00,0,0,0,nan,0,0.00,94353,0.00,1412522
5,100,0,arm-ubuntu18,1,128,0,1,1,20,0,6,80.00,0.00,10,0,0,0,0,1,7,14,1,5,0,80.00,0.00,512,1304217667530399635,24.41,1599646,nan,nan,nan,nan,nan,nan,0,0,0,68.54,0.00,0,0.00,0,0,0,nan,0,0.00,86746,0.00,1299511
6,100,0,arm-ubuntu18,1,128,0,1,1,20,0,6,80.00,0.00,10,0,0,0,0,1,7,14,1,5,0,80.00,0.00,512,1304217667530399635,25.89,1696534,nan,nan,nan,nan,nan,nan,0,0,0,66.63,0.00,0,0.00,0,0,0,nan,0,0.00,99308,0.00,1488073
7,100,0,arm-ubuntu18,1,128,0,1,1,20,0,6,80.00,0.00,10,0,0,0,0,1,7,14,1,5,0,80.00,0.00,512,1304217667530399635,27.58,1807512,nan,nan,nan,nan,nan,nan,0,0,0,64.45,0.00,0,0.00,0,0,0,nan,0,0.00,113714,0.00,1689624
8,100,0,arm-ubuntu18,1,128,0,1,1,20,0,6,80.00,0.00,10,0,0,0,0,1,7,14,1,5,0,80.00,0.00,512,1304217667530399635,29.06,1904801,nan,nan,nan,nan,nan,nan,0,0,0,62.53,0.00,0,0.00,0,0,0,nan,0,0.00,99678,0.00,1493063
9,100,0,arm-ubuntu18,1,128,0,1,1,20,0,6,80.00,0.00,10,0,0,0,0,1,7,14,1,5,0,80.00,0.00,512,1304217667530399635,30.53,2000801,nan,nan,nan,nan,nan,nan,0,0,0,60.65,0.00,0,0.00,0,0,0,nan,0,0.00,98371,0.00,1468444
