t,latest_read_ratio,latest_window_gib,latest_window_ms,latest_window_offset_gib,c_tag,c_mutex,c_worker_threads,c_pin_threads,c_smt,c_free_pct,c_cool_pct,c_pp_threads,c_partition_bits,c_dram_gib,c_target_gib,c_run_for_seconds,c_fs,c_bstar,c_bulk_insert,c_backoff_strategy,c_cm_split,c_cm_update_on,c_cm_period,c_cm_slowpath_threshold,c_su_kwaymerge,c_su_merge,c_su_target_pct,c_zipf_factor,c_backoff,c_hash,space_usage_gib,consumed_pages,p1_pct,p2_pct,p3_pct,poll_pct,find_parent_pct,iterate_children_pct,pc1,pc2,pc3,free_pct,cool_pct,cool_pct_should,evicted_mib,rounds,touches,unswizzled,submit_ms,async_mb_ws,w_mib,allocate_ops,r_mib,tx
0,50,1.00,10000,0.10,,1,120,0,1,1,10,4,6,2.00,10.00,30,0,0,1,0,0,7,14,1,5,0,80.00,0.75,512,1533262774221806276,11.17,731938,8.19,10.49,81.32,65.38,0.58,115910691534885.48,811830,606808,606808,1.00,19.68,8,9499.64,1136871494,637464,633886,8.82,612,9499.64,731938,42.83,7
1,50,1.00,10000,0.10,,1,120,0,1,1,10,4,6,2.00,10.00,30,0,0,1,0,0,7,14,1,5,0,80.00,0.75,512,1533262774221806276,11.17,731938,14.62,13.21,72.17,56.28,0.99,457978604898751.88,177146,154613,154613,1.01,22.40,8,1310.06,1853944,152296,150697,8.52,4329,1233.36,0,1310.16,4044279
2,50,1.00,10000,0.10,,1,120,0,1,1,10,4,6,2.00,10.00,30,0,0,1,0,0,7,14,1,5,0,80.00,0.75,512,1533262774221806276,11.17,731938,100.00,0.00,0.00,0.00,1.58,6261621660937121.00,11441,0,0,1.01,23.04,8,0.00,26172886,8702,8608,0.00,0,0.00,0,0.00,18516223
3,50,1.00,10000,0.10,,1,120,0,1,1,10,4,6,2.00,10.00,30,0,0,1,0,0,7,14,1,5,0,80.00,0.75,512,1533262774221806276,11.17,731938,100.00,0.00,0.00,0.00,0.00,0.00,0,0,0,1.01,23.04,8,0.00,27079971,0,0,0.00,0,0.00,0,0.00,20150279
4,50,1.00,10000,0.10,,1,120,0,1,1,10,4,6,2.00,10.00,30,0,0,1,0,0,7,14,1,5,0,80.00,0.75,512,1533262774221806276,11.17,731938,100.00,0.00,0.00,0.00,0.00,0.00,0,0,0,1.01,23.04,8,0.00,27049762,0,0,0.00,0,0.00,0,0.00,20866469
5,50,1.00,10000,0.10,,1,120,0,1,1,10,4,6,2.00,10.00,30,0,0,1,0,0,7,14,1,5,0,80.00,0.75,512,1533262774221806276,11.17,731938,100.00,0.00,0.00,0.00,0.00,0.00,0,0,0,1.01,23.04,8,0.00,27413499,0,0,0.00,0,0.00,0,0.00,20915703
6,50,1.00,10000,0.10,,1,120,0,1,1,10,4,6,2.00,10.00,30,0,0,1,0,0,7,14,1,5,0,80.00,0.75,512,1533262774221806276,11.17,731938,100.00,0.00,0.00,0.00,0.00,0.00,0,0,0,1.01,23.04,8,0.00,26607097,0,0,0.00,0,0.00,0,0.00,20613013
7,50,1.00,10000,0.10,,1,120,0,1,1,10,4,6,2.00,10.00,30,0,0,1,0,0,7,14,1,5,0,80.00,0.75,512,1533262774221806276,11.17,731938,100.00,0.00,0.00,0.00,0.00,0.00,0,0,0,1.01,23.04,8,0.00,26614161,0,0,0.00,0,0.00,0,0.00,20909195
8,50,1.00,10000,0.10,,1,120,0,1,1,10,4,6,2.00,10.00,30,0,0,1,0,0,7,14,1,5,0,80.00,0.75,512,1533262774221806276,11.17,731938,100.00,0.00,0.00,0.00,0.00,0.00,0,0,0,1.01,23.04,8,0.00,28524047,0,0,0.00,0,0.00,0,0.00,20895264
9,50,1.00,10000,0.10,,1,120,0,1,1,10,4,6,2.00,10.00,30,0,0,1,0,0,7,14,1,5,0,80.00,0.75,512,1533262774221806276,11.17,731938,100.00,0.00,0.00,0.00,0.00,0.00,0,0,0,1.01,23.04,8,0.00,26285819,0,0,0.00,0,0.00,0,0.00,20870858
10,50,1.00,10000,0.10,,1,120,0,1,1,10,4,6,2.00,10.00,30,0,0,1,0,0,7,14,1,5,0,80.00,0.75,512,1533262774221806276,11.17,731938,33.71,10.12,56.17,37.13,0.04,116376176336807648.00,8,186,186,0.96,22.64,9,8.61,27156203,8,8,12.65,33,8.43,0,9.13,20826897
11,50,1.00,10000,0.10,,1,120,0,1,1,10,4,6,2.00,10.00,30,0,0,1,0,0,7,14,1,5,0,80.00,0.75,512,1533262774221806276,11.17,731938,42.27,7.51,50.22,33.20,0.56,2692682065769195.50,40801,1790,1790,1.01,23.82,8,104.78,25214369,31318,30962,11.85,822,102.52,0,104.27,17719341
12,50,1.00,10000,0.10,,1,120,0,1,1,10,4,6,2.00,10.00,30,0,0,1,0,0,7,14,1,5,0,80.00,0.75,512,1533262774221806276,11.17,731938,100.00,0.00,0.00,0.00,0.00,0.00,0,0,0,1.01,23.82,8,0.00,26957417,0,0,0.00,0,0.00,0,0.00,17523937
13,50,1.00,10000,0.10,,1,120,0,1,1,10,4,6,2.00,10.00,30,0,0,1,0,0,7,14,1,5,0,80.00,0.75,512,1533262774221806276,11.17,731938,100.00,0.00,0.00,0.00,0.00,0.00,0,0,0,1.01,23.82,8,0.00,27134906,0,0,0.00,0,0.00,0,0.00,17606075
14,50,1.00,10000,0.10,,1,120,0,1,1,10,4,6,2.00,10.00,30,0,0,1,0,0,7,14,1,5,0,80.00,0.75,512,1533262774221806276,11.17,731938,100.00,0.00,0.00,0.00,0.00,0.00,0,0,0,1.01,23.82,8,0.00,26825316,0,0,0.00,0,0.00,0,0.00,17586956
15,50,1.00,10000,0.10,,1,120,0,1,1,10,4,6,2.00,10.00,30,0,0,1,0,0,7,14,1,5,0,80.00,0.75,512,1533262774221806276,11.17,731938,100.00,0.00,0.00,0.00,0.00,0.00,0,0,0,1.01,23.82,8,0.00,26393294,0,0,0.00,0,0.00,0,0.00,17397196
16,50,1.00,10000,0.10,,1,120,0,1,1,10,4,6,2.00,10.00,30,0,0,1,0,0,7,14,1,5,0,80.00,0.75,512,1533262774221806276,11.17,731938,100.00,0.00,0.00,0.00,0.00,0.00,0,0,0,1.01,23.82,8,0.00,26404434,0,0,0.00,0,0.00,0,0.00,17517099
17,50,1.00,10000,0.10,,1,120,0,1,1,10,4,6,2.00,10.00,30,0,0,1,0,0,7,14,1,5,0,80.00,0.75,512,1533262774221806276,11.17,731938,100.00,0.00,0.00,0.00,0.00,0.00,0,0,0,1.01,23.82,8,0.00,26478431,0,0,0.00,0,0.00,0,0.00,17405248
18,50,1.00,10000,0.10,,1,120,0,1,1,10,4,6,2.00,10.00,30,0,0,1,0,0,7,14,1,5,0,80.00,0.75,512,1533262774221806276,11.17,731938,100.00,0.00,0.00,0.00,0.00,0.00,0,0,0,1.01,23.82,8,0.00,26703848,0,0,0.00,0,0.00,0,0.00,17586745
19,50,1.00,10000,0.10,,1,120,0,1,1,10,4,6,2.00,10.00,30,0,0,1,0,0,7,14,1,5,0,80.00,0.75,512,1533262774221806276,11.17,731938,100.00,0.00,0.00,0.00,0.00,0.00,0,0,0,1.01,23.82,8,0.00,26601432,0,0,0.00,0,0.00,0,0.00,17581219
20,50,1.00,10000,0.10,,1,120,0,1,1,10,4,6,2.00,10.00,30,0,0,1,0,0,7,14,1,5,0,80.00,0.75,512,1533262774221806276,11.17,731938,10.26,14.24,75.50,49.91,0.02,33098964315211704.00,20,909,909,0.71,21.80,9,40.64,26038523,16,16,16.68,144,40.14,0,45.46,17375392
21,50,1.00,10000,0.10,,1,120,0,1,1,10,4,6,2.00,10.00,30,0,0,1,0,0,7,14,1,5,0,80.00,0.75,512,1533262774221806276,11.17,731938,45.30,6.26,48.44,32.95,0.86,10471802499311698.00,32705,898,898,1.01,23.30,8,72.96,26259001,25227,24967,11.10,467,71.40,0,68.13,16385350
22,50,1.00,10000,0.10,,1,120,0,1,1,10,4,6,2.00,10.00,30,0,0,1,0,0,7,14,1,5,0,80.00,0.75,512,1533262774221806276,11.17,731938,100.00,0.00,0.00,0.00,0.00,0.00,0,0,0,1.01,23.30,8,0.00,26812673,0,0,0.00,0,0.00,0,0.00,15915404
23,50,1.00,10000,0.10,,1,120,0,1,1,10,4,6,2.00,10.00,30,0,0,1,0,0,7,14,1,5,0,80.00,0.75,512,1533262774221806276,11.17,731938,100.00,0.00,0.00,0.00,0.00,0.00,0,0,0,1.01,23.30,8,0.00,26516436,0,0,0.00,0,0.00,0,0.00,15952285
24,50,1.00,10000,0.10,,1,120,0,1,1,10,4,6,2.00,10.00,30,0,0,1,0,0,7,14,1,5,0,80.00,0.75,512,1533262774221806276,11.17,731938,100.00,0.00,0.00,0.00,0.00,0.00,0,0,0,1.01,23.30,8,0.00,26518417,0,0,0.00,0,0.00,0,0.00,16072655
25,50,1.00,10000,0.10,,1,120,0,1,1,10,4,6,2.00,10.00,30,0,0,1,0,0,7,14,1,5,0,80.00,0.75,512,1533262774221806276,11.17,731938,100.00,0.00,0.00,0.00,0.00,0.00,0,0,0,1.01,23.30,8,0.00,26706030,0,0,0.00,0,0.00,0,0.00,16113077
26,50,1.00,10000,0.10,,1,120,0,1,1,10,4,6,2.00,10.00,30,0,0,1,0,0,7,14,1,5,0,80.00,0.75,512,1533262774221806276,11.17,731938,100.00,0.00,0.00,0.00,0.00,0.00,0,0,0,1.01,23.30,8,0.00,26580958,0,0,0.00,0,0.00,0,0.00,16039558
27,50,1.00,10000,0.10,,1,120,0,1,1,10,4,6,2.00,10.00,30,0,0,1,0,0,7,14,1,5,0,80.00,0.75,512,1533262774221806276,11.17,731938,100.00,0.00,0.00,0.00,0.00,0.00,0,0,0,1.01,23.30,8,0.00,29152839,0,0,0.00,0,0.00,0,0.00,16086959
28,50,1.00,10000,0.10,,1,120,0,1,1,10,4,6,2.00,10.00,30,0,0,1,0,0,7,14,1,5,0,80.00,0.75,512,1533262774221806276,11.17,731938,100.00,0.00,0.00,0.00,0.00,0.00,0,0,0,1.01,23.30,8,0.00,27515196,0,0,0.00,0,0.00,0,0.00,15916442
29,50,1.00,10000,0.10,,1,120,0,1,1,10,4,6,2.00,10.00,30,0,0,1,0,0,7,14,1,5,0,80.00,0.75,512,1533262774221806276,11.17,731938,100.00,0.00,0.00,0.00,0.00,0.00,0,0,0,1.01,23.30,8,0.00,26446736,0,0,0.00,0,0.00,0,0.00,16091694
0,50,1.00,10000,0.10,,1,120,0,1,1,10,4,6,2.00,10.00,30,0,0,1,0,1,7,14,1,5,1,80.00,0.75,512,6886505736832390941,11.17,731938,8.28,10.73,80.99,65.13,0.63,97564120773158.77,811389,606805,606805,1.01,21.13,8,9496.40,1167181126,639113,635532,8.80,506,9496.40,731938,39.61,1
1,50,1.00,10000,0.10,,1,120,0,1,1,10,4,6,2.00,10.00,30,0,0,1,0,1,7,14,1,5,1,80.00,0.75,512,6886505736832390941,11.17,731938,16.35,11.83,71.82,57.36,1.15,11278636369309.87,174330,120951,120951,1.01,22.13,8,1316.04,2064711,150135,148472,8.30,4755,1239.01,0,1316.10,3938802
2,50,1.00,10000,0.10,,1,120,0,1,1,10,4,6,2.00,10.00,30,0,0,1,0,1,7,14,1,5,1,80.00,0.75,512,6886505736832390941,11.17,731949,95.75,0.29,3.96,1.77,3.11,79706757538121360.00,4012,11,11,1.01,21.94,8,0.17,27670952,3095,3060,1.96,0,0.17,11,0.00,36659256
3,50,1.00,10000,0.10,,1,120,0,1,1,10,4,6,2.00,10.00,30,0,0,1,0,1,7,14,1,5,1,80.00,0.75,512,6886505736832390941,11.17,731964,84.39,0.61,15.00,6.11,0.00,0.00,0,15,15,1.01,21.93,8,0.23,21522442,0,0,7.99,0,0.22,15,0.00,61509829
4,50,1.00,10000,0.10,,1,120,0,1,1,10,4,6,2.00,10.00,30,0,0,1,0,1,7,14,1,5,1,80.00,0.75,512,6886505736832390941,11.17,731974,90.66,0.38,8.96,4.17,0.00,0.00,0,10,10,1.01,21.92,8,0.16,22127400,0,0,4.25,1,0.16,10,0.00,62411241
5,50,1.00,10000,0.10,,1,120,0,1,1,10,4,6,2.00,10.00,30,0,0,1,0,1,7,14,1,5,1,80.00,0.75,512,6886505736832390941,11.17,731980,92.51,0.27,7.22,3.06,0.00,0.00,0,6,6,1.01,21.92,8,0.09,20991902,0,0,3.75,0,0.09,6,0.00,62460618
6,50,1.00,10000,0.10,,1,120,0,1,1,10,4,6,2.00,10.00,30,0,0,1,0,1,7,14,1,5,1,80.00,0.75,512,6886505736832390941,11.17,731985,94.02,0.24,5.74,2.62,0.39,295999106471753088.00,122,5,5,1.01,21.93,8,0.08,21549395,91,90,2.81,1,0.08,5,0.00,62442841
7,50,1.00,10000,0.10,,1,120,0,1,1,10,4,6,2.00,10.00,30,0,0,1,0,1,7,14,1,5,1,80.00,0.75,512,6886505736832390941,11.17,731994,89.52,0.40,10.08,4.39,0.00,0.00,0,9,9,1.01,21.92,8,0.14,20697991,0,0,5.03,2,0.14,9,0.00,62390518
8,50,1.00,10000,0.10,,1,120,0,1,1,10,4,6,2.00,10.00,30,0,0,1,0,1,7,14,1,5,1,80.00,0.75,512,6886505736832390941,11.17,732000,91.81,0.36,7.84,3.25,0.00,0.00,0,6,6,1.01,21.92,8,0.09,20637164,0,0,4.08,0,0.09,6,0.00,62556893
9,50,1.00,10000,0.10,,1,120,0,1,1,10,4,6,2.00,10.00,30,0,0,1,0,1,7,14,1,5,1,80.00,0.75,512,6886505736832390941,11.17,732004,94.66,0.19,5.16,2.34,0.00,0.00,0,4,4,1.01,21.91,8,0.06,20750782,0,0,2.49,2,0.06,4,0.00,62465237
10,50,1.00,10000,0.10,,1,120,0,1,1,10,4,6,2.00,10.00,30,0,0,1,0,1,7,14,1,5,1,80.00,0.75,512,6886505736832390941,11.17,732011,55.84,5.39,38.77,23.44,0.86,150245224803207872.00,595,95,95,0.88,21.81,9,4.59,20891125,452,450,11.80,19,4.49,7,6.51,62401748
11,50,1.00,10000,0.10,,1,120,0,1,1,10,4,6,2.00,10.00,30,0,0,1,0,1,7,14,1,5,1,80.00,0.75,512,6886505736832390941,11.17,732008,35.43,6.79,57.79,38.95,0.42,8515942184160894.00,31394,1979,1979,1.02,21.62,8,108.97,23410102,24678,24372,12.97,1129,107.06,10,106.80,43162270
12,50,1.00,10000,0.10,,1,120,0,1,1,10,4,6,2.00,10.00,30,0,0,1,0,1,7,14,1,5,1,80.00,0.75,512,6886505736832390941,11.17,732021,85.33,0.48,14.19,6.28,0.00,0.00,0,12,12,1.02,21.61,8,0.19,22741640,0,0,7.01,0,0.19,13,0.00,50220438
13,50,1.00,10000,0.10,,1,120,0,1,1,10,4,6,2.00,10.00,30,0,0,1,0,1,7,14,1,5,1,80.00,0.75,512,6886505736832390941,11.17,732035,85.74,0.55,13.71,6.23,0.00,0.00,0,13,13,1.01,21.60,8,0.20,21235564,0,0,6.62,2,0.20,14,0.00,63256188
14,50,1.00,10000,0.10,,1,120,0,1,1,10,4,6,2.00,10.00,30,0,0,1,0,1,7,14,1,5,1,80.00,0.75,512,6886505736832390941,11.17,732044,89.19,0.45,10.36,4.53,0.00,0.00,0,9,9,1.01,21.59,8,0.14,21015208,0,0,5.21,0,0.14,9,0.00,63338056
15,50,1.00,10000,0.10,,1,120,0,1,1,10,4,6,2.00,10.00,30,0,0,1,0,1,7,14,1,5,1,80.00,0.75,512,6886505736832390941,11.17,732056,89.60,0.38,10.02,4.47,0.00,0.00,0,9,9,1.01,21.58,8,0.14,20936779,0,0,4.87,0,0.14,12,0.00,63199575
16,50,1.00,10000,0.10,,1,120,0,1,1,10,4,6,2.00,10.00,30,0,0,1,0,1,7,14,1,5,1,80.00,0.75,512,6886505736832390941,11.17,732061,96.09,0.14,3.77,1.61,1.58,254766478056934304.00,722,4,4,1.01,21.68,8,0.06,21734562,549,543,1.87,1,0.06,6,0.00,63334304
17,50,1.00,10000,0.10,,1,120,0,1,1,10,4,6,2.00,10.00,30,0,0,1,0,1,7,14,1,5,1,80.00,0.75,512,6886505736832390941,11.17,732065,95.06,0.19,4.75,2.18,0.00,0.00,0,4,4,1.01,21.67,8,0.06,20663353,0,0,2.28,3,0.06,4,0.00,63122379
18,50,1.00,10000,0.10,,1,120,0,1,1,10,4,6,2.00,10.00,30,0,0,1,0,1,7,14,1,5,1,80.00,0.75,512,6886505736832390941,11.17,732069,96.18,0.15,3.67,1.53,0.00,0.00,0,3,3,1.01,21.67,8,0.05,20394624,0,0,1.95,1,0.05,4,0.00,63152292
19,50,1.00,10000,0.10,,1,120,0,1,1,10,4,6,2.00,10.00,30,0,0,1,0,1,7,14,1,5,1,80.00,0.75,512,6886505736832390941,11.17,732074,93.30,0.29,6.41,2.80,0.00,0.00,0,5,5,1.01,21.67,8,0.08,20611766,0,0,3.17,1,0.08,5,0.00,63349583
20,50,1.00,10000,0.10,,1,120,0,1,1,10,4,6,2.00,10.00,30,0,0,1,0,1,7,14,1,5,1,80.00,0.75,512,6886505736832390941,11.17,732083,11.87,9.31,78.82,53.81,0.01,40745139816069640.00,8,868,868,0.92,19.74,9,38.90,20377765,6,6,17.57,191,38.18,9,39.69,62596229
21,50,1.00,10000,0.10,,1,120,0,1,1,10,4,6,2.00,10.00,30,0,0,1,0,1,7,14,1,5,1,80.00,0.75,512,6886505736832390941,11.17,732046,48.18,5.71,46.10,30.78,0.80,3849600418646112.50,39307,1175,1175,1.04,22.51,8,74.86,25547000,30704,30332,11.00,560,73.50,8,73.97,23818435
22,50,1.00,10000,0.10,,1,120,0,1,1,10,4,6,2.00,10.00,30,0,0,1,0,1,7,14,1,5,1,80.00,0.75,512,6886505736832390941,11.17,732058,92.63,0.36,7.01,3.00,0.00,0.00,0,7,7,1.03,22.50,8,0.11,20025634,0,0,3.55,1,0.09,12,0.00,66538740
23,50,1.00,10000,0.10,,1,120,0,1,1,10,4,6,2.00,10.00,30,0,0,1,0,1,7,14,1,5,1,80.00,0.75,512,6886505736832390941,11.17,732073,89.31,0.43,10.26,4.62,0.00,0.00,0,11,11,1.03,22.49,8,0.17,20880404,0,0,4.94,3,0.17,15,0.00,66525587
24,50,1.00,10000,0.10,,1,120,0,1,1,10,4,6,2.00,10.00,30,0,0,1,0,1,7,14,1,5,1,80.00,0.75,512,6886505736832390941,11.17,732082,92.32,0.30,7.38,3.13,0.00,0.00,0,6,6,1.03,22.49,8,0.09,20276183,0,0,3.75,1,0.09,9,0.00,66362576
25,50,1.00,10000,0.10,,1,120,0,1,1,10,4,6,2.00,10.00,30,0,0,1,0,1,7,14,1,5,1,80.00,0.75,512,6886505736832390941,11.17,732090,92.86,0.27,6.87,3.04,0.79,275494061936371296.00,254,6,6,1.03,22.52,8,0.09,19652030,195,193,3.45,1,0.09,8,0.00,67069045
26,50,1.00,10000,0.10,,1,120,0,1,1,10,4,6,2.00,10.00,30,0,0,1,0,1,7,14,1,5,1,80.00,0.75,512,6886505736832390941,11.17,732099,95.11,0.17,4.72,2.02,1.24,252137768552407232.00,512,5,5,1.02,22.59,8,0.08,20702058,386,382,2.43,0,0.08,9,0.00,67024043
27,50,1.00,10000,0.10,,1,120,0,1,1,10,4,6,2.00,10.00,30,0,0,1,0,1,7,14,1,5,1,80.00,0.75,512,6886505736832390941,11.17,732105,92.82,0.25,6.93,2.95,0.54,283111346340068512.00,154,6,6,1.02,22.61,8,0.09,20182372,122,120,3.58,0,0.09,6,0.00,66745834
28,50,1.00,10000,0.10,,1,120,0,1,1,10,4,6,2.00,10.00,30,0,0,1,0,1,7,14,1,5,1,80.00,0.75,512,6886505736832390941,11.17,732115,90.47,0.41,9.12,3.86,0.00,0.00,0,8,8,1.02,22.60,8,0.12,19692554,0,0,4.64,3,0.12,10,0.00,67114929
29,50,1.00,10000,0.10,,1,120,0,1,1,10,4,6,2.00,10.00,30,0,0,1,0,1,7,14,1,5,1,80.00,0.75,512,6886505736832390941,11.17,732125,90.30,0.46,9.24,3.97,0.00,0.00,0,9,9,1.02,22.60,8,0.14,19686005,0,0,4.75,1,0.12,10,0.00,67006330
0,50,1.00,10000,0.10,,1,120,0,1,1,10,4,6,2.00,10.00,30,0,0,1,0,0,7,14,1,5,0,80.00,0.50,512,10991384381656896642,11.17,731938,8.05,9.95,82.00,66.53,0.53,68916068042016.72,812737,606926,606926,1.01,22.56,8,9506.16,1144289681,641577,637980,8.72,617,9506.16,731938,49.41,1
1,50,1.00,10000,0.10,,1,120,0,1,1,10,4,6,2.00,10.00,30,0,0,1,0,0,7,14,1,5,0,80.00,0.50,512,10991384381656896642,11.17,731938,20.90,11.25,67.85,54.07,1.04,133697116036364.89,172893,96706,96706,1.01,21.92,8,1290.54,1368120,147455,145681,7.94,4811,1215.92,0,1290.58,9450919
2,50,1.00,10000,0.10,,1,120,0,1,1,10,4,6,2.00,10.00,30,0,0,1,0,0,7,14,1,5,0,80.00,0.50,512,10991384381656896642,11.17,731938,100.00,0.00,0.00,0.00,1.59,26692766512423824.00,16760,0,0,1.01,24.07,8,0.00,21204105,12696,12523,0.00,0,0.00,0,0.00,75797590
3,50,1.00,10000,0.10,,1,120,0,1,1,10,4,6,2.00,10.00,30,0,0,1,0,0,7,14,1,5,0,80.00,0.50,512,10991384381656896642,11.17,731938,100.00,0.00,0.00,0.00,0.00,0.00,0,0,0,1.01,24.07,8,0.00,18362910,0,0,0.00,0,0.00,0,0.00,85714298
4,50,1.00,10000,0.10,,1,120,0,1,1,10,4,6,2.00,10.00,30,0,0,1,0,0,7,14,1,5,0,80.00,0.50,512,10991384381656896642,11.17,731938,100.00,0.00,0.00,0.00,0.00,0.00,0,0,0,1.01,24.07,8,0.00,17695589,0,0,0.00,0,0.00,0,0.00,86807568
5,50,1.00,10000,0.10,,1,120,0,1,1,10,4,6,2.00,10.00,30,0,0,1,0,0,7,14,1,5,0,80.00,0.50,512,10991384381656896642,11.17,731938,100.00,0.00,0.00,0.00,0.00,0.00,0,0,0,1.01,24.07,8,0.00,17731594,0,0,0.00,0,0.00,0,0.00,86351698
6,50,1.00,10000,0.10,,1,120,0,1,1,10,4,6,2.00,10.00,30,0,0,1,0,0,7,14,1,5,0,80.00,0.50,512,10991384381656896642,11.17,731938,100.00,0.00,0.00,0.00,0.00,0.00,0,0,0,1.01,24.07,8,0.00,17690730,0,0,0.00,0,0.00,0,0.00,86611977
7,50,1.00,10000,0.10,,1,120,0,1,1,10,4,6,2.00,10.00,30,0,0,1,0,0,7,14,1,5,0,80.00,0.50,512,10991384381656896642,11.17,731938,100.00,0.00,0.00,0.00,0.00,0.00,0,0,0,1.01,24.07,8,0.00,17694536,0,0,0.00,0,0.00,0,0.00,86714526
8,50,1.00,10000,0.10,,1,120,0,1,1,10,4,6,2.00,10.00,30,0,0,1,0,0,7,14,1,5,0,80.00,0.50,512,10991384381656896642,11.17,731938,100.00,0.00,0.00,0.00,0.00,0.00,0,0,0,1.01,24.07,8,0.00,17660589,0,0,0.00,0,0.00,0,0.00,86496366
9,50,1.00,10000,0.10,,1,120,0,1,1,10,4,6,2.00,10.00,30,0,0,1,0,0,7,14,1,5,0,80.00,0.50,512,10991384381656896642,11.17,731938,100.00,0.00,0.00,0.00,0.00,0.00,0,0,0,1.01,24.07,8,0.00,17642559,0,0,0.00,0,0.00,0,0.00,86615319
10,50,1.00,10000,0.10,,1,120,0,1,1,10,4,6,2.00,10.00,30,0,0,1,0,0,7,14,1,5,0,80.00,0.50,512,10991384381656896642,11.17,731938,100.00,0.00,0.00,0.00,0.00,0.00,0,0,0,1.01,24.07,8,0.00,17649944,0,0,0.00,0,0.00,0,0.00,86592818
11,50,1.00,10000,0.10,,1,120,0,1,1,10,4,6,2.00,10.00,30,0,0,1,0,0,7,14,1,5,0,80.00,0.50,512,10991384381656896642,11.17,731938,64.99,4.07,30.94,21.96,0.86,4408320686276875.00,31687,1702,1702,1.01,23.18,8,113.43,15924326,24571,24187,6.33,769,110.57,0,113.43,81898176
12,50,1.00,10000,0.10,,1,120,0,1,1,10,4,6,2.00,10.00,30,0,0,1,0,0,7,14,1,5,0,80.00,0.50,512,10991384381656896642,11.17,731938,100.00,0.00,0.00,0.00,0.00,0.00,0,0,0,1.01,23.18,8,0.00,17444369,0,0,0.00,0,0.00,0,0.00,86530841
13,50,1.00,10000,0.10,,1,120,0,1,1,10,4,6,2.00,10.00,30,0,0,1,0,0,7,14,1,5,0,80.00,0.50,512,10991384381656896642,11.17,731938,100.00,0.00,0.00,0.00,0.00,0.00,0,0,0,1.01,23.18,8,0.00,17424486,0,0,0.00,0,0.00,0,0.00,86512027
14,50,1.00,10000,0.10,,1,120,0,1,1,10,4,6,2.00,10.00,30,0,0,1,0,0,7,14,1,5,0,80.00,0.50,512,10991384381656896642,11.17,731938,100.00,0.00,0.00,0.00,0.00,0.00,0,0,0,1.01,23.18,8,0.00,17419657,0,0,0.00,0,0.00,0,0.00,86633913
15,50,1.00,10000,0.10,,1,120,0,1,1,10,4,6,2.00,10.00,30,0,0,1,0,0,7,14,1,5,0,80.00,0.50,512,10991384381656896642,11.17,731938,100.00,0.00,0.00,0.00,0.00,0.00,0,0,0,1.01,23.18,8,0.00,17404208,0,0,0.00,0,0.00,0,0.00,86533209
16,50,1.00,10000,0.10,,1,120,0,1,1,10,4,6,2.00,10.00,30,0,0,1,0,0,7,14,1,5,0,80.00,0.50,512,10991384381656896642,11.17,731938,100.00,0.00,0.00,0.00,0.00,0.00,0,0,0,1.01,23.18,8,0.00,17525031,0,0,0.00,0,0.00,0,0.00,86226823
17,50,1.00,10000,0.10,,1,120,0,1,1,10,4,6,2.00,10.00,30,0,0,1,0,0,7,14,1,5,0,80.00,0.50,512,10991384381656896642,11.17,731938,100.00,0.00,0.00,0.00,0.00,0.00,0,0,0,1.01,23.18,8,0.00,17349675,0,0,0.00,0,0.00,0,0.00,86107338
18,50,1.00,10000,0.10,,1,120,0,1,1,10,4,6,2.00,10.00,30,0,0,1,0,0,7,14,1,5,0,80.00,0.50,512,10991384381656896642,11.17,731938,100.00,0.00,0.00,0.00,0.00,0.00,0,0,0,1.01,23.18,8,0.00,17406104,0,0,0.00,0,0.00,0,0.00,86497591
19,50,1.00,10000,0.10,,1,120,0,1,1,10,4,6,2.00,10.00,30,0,0,1,0,0,7,14,1,5,0,80.00,0.50,512,10991384381656896642,11.17,731938,100.00,0.00,0.00,0.00,0.00,0.00,0,0,0,1.01,23.18,8,0.00,17417324,0,0,0.00,0,0.00,0,0.00,86337365
20,50,1.00,10000,0.10,,1,120,0,1,1,10,4,6,2.00,10.00,30,0,0,1,0,0,7,14,1,5,0,80.00,0.50,512,10991384381656896642,11.17,731938,12.96,11.84,75.20,45.69,0.00,42597513580124024.00,1,436,436,0.86,20.99,9,43.64,17207016,1,1,21.20,313,42.62,0,44.90,85529566
21,50,1.00,10000,0.10,,1,120,0,1,1,10,4,6,2.00,10.00,30,0,0,1,0,0,7,14,1,5,0,80.00,0.50,512,10991384381656896642,11.17,731938,70.92,3.41,25.68,17.86,1.52,502310982891832.69,43629,1104,1104,1.01,24.18,8,69.94,18156253,33870,33459,5.32,280,67.96,0,68.68,82673394
22,50,1.00,10000,0.10,,1,120,0,1,1,10,4,6,2.00,10.00,30,0,0,1,0,0,7,14,1,5,0,80.00,0.50,512,10991384381656896642,11.17,731938,100.00,0.00,0.00,0.00,0.00,0.00,0,0,0,1.01,24.18,8,0.00,19603531,0,0,0.00,0,0.00,0,0.00,86046955
23,50,1.00,10000,0.10,,1,120,0,1,1,10,4,6,2.00,10.00,30,0,0,1,0,0,7,14,1,5,0,80.00,0.50,512,10991384381656896642,11.17,731938,100.00,0.00,0.00,0.00,0.00,0.00,0,0,0,1.01,24.18,8,0.00,18532447,0,0,0.00,0,0.00,0,0.00,84824743
24,50,1.00,10000,0.10,,1,120,0,1,1,10,4,6,2.00,10.00,30,0,0,1,0,0,7,14,1,5,0,80.00,0.50,512,10991384381656896642,11.17,731938,100.00,0.00,0.00,0.00,0.00,0.00,0,0,0,1.01,24.18,8,0.00,17414695,0,0,0.00,0,0.00,0,0.00,86183283
25,50,1.00,10000,0.10,,1,120,0,1,1,10,4,6,2.00,10.00,30,0,0,1,0,0,7,14,1,5,0,80.00,0.50,512,10991384381656896642,11.17,731938,100.00,0.00,0.00,0.00,0.00,0.00,0,0,0,1.01,24.18,8,0.00,17392273,0,0,0.00,0,0.00,0,0.00,86211345
26,50,1.00,10000,0.10,,1,120,0,1,1,10,4,6,2.00,10.00,30,0,0,1,0,0,7,14,1,5,0,80.00,0.50,512,10991384381656896642,11.17,731938,100.00,0.00,0.00,0.00,0.00,0.00,0,0,0,1.01,24.18,8,0.00,17419428,0,0,0.00,0,0.00,0,0.00,86054918
27,50,1.00,10000,0.10,,1,120,0,1,1,10,4,6,2.00,10.00,30,0,0,1,0,0,7,14,1,5,0,80.00,0.50,512,10991384381656896642,11.17,731938,100.00,0.00,0.00,0.00,0.00,0.00,0,0,0,1.01,24.18,8,0.00,17379433,0,0,0.00,0,0.00,0,0.00,86185818
28,50,1.00,10000,0.10,,1,120,0,1,1,10,4,6,2.00,10.00,30,0,0,1,0,0,7,14,1,5,0,80.00,0.50,512,10991384381656896642,11.17,731938,100.00,0.00,0.00,0.00,0.00,0.00,0,0,0,1.01,24.18,8,0.00,17351986,0,0,0.00,0,0.00,0,0.00,86289882
29,50,1.00,10000,0.10,,1,120,0,1,1,10,4,6,2.00,10.00,30,0,0,1,0,0,7,14,1,5,0,80.00,0.50,512,10991384381656896642,11.17,731938,100.00,0.00,0.00,0.00,0.00,0.00,0,0,0,1.01,24.18,8,0.00,17345508,0,0,0.00,0,0.00,0,0.00,86367324
0,50,1.00,10000,0.10,,1,120,0,1,1,10,4,6,2.00,10.00,30,0,0,1,0,1,7,14,1,5,1,80.00,0.50,512,10571069710592830605,11.17,731938,8.32,10.76,80.93,65.28,0.61,53858493968645.54,820395,606822,606822,1.01,23.95,8,9499.58,1146352550,643027,639325,8.86,447,9499.58,731938,42.81,0
1,50,1.00,10000,0.10,,1,120,0,1,1,10,4,6,2.00,10.00,30,0,0,1,0,1,7,14,1,5,1,80.00,0.50,512,10571069710592830605,11.17,731938,20.77,11.88,67.35,53.39,1.12,97388304770611.09,175249,146387,146387,1.01,22.48,8,1282.40,1487454,148274,146368,7.87,4726,1212.89,0,1282.45,9282083
2,50,1.00,10000,0.10,,1,120,0,1,1,10,4,6,2.00,10.00,30,0,0,1,0,1,7,14,1,5,1,80.00,0.50,512,10571069710592830605,11.17,731940,99.85,0.01,0.14,0.06,0.89,5652168579042196.00,10162,2,2,1.01,23.72,8,0.03,19502314,7731,7611,0.07,1,0.03,2,0.00,80193270
3,50,1.00,10000,0.10,,1,120,0,1,1,10,4,6,2.00,10.00,30,0,0,1,0,1,7,14,1,5,1,80.00,0.50,512,10571069710592830605,11.17,731946,91.34,0.25,8.40,4.16,0.00,0.00,0,6,6,1.01,23.71,8,0.09,17878248,0,0,3.87,2,0.09,6,0.00,86122645
4,50,1.00,10000,0.10,,1,120,0,1,1,10,4,6,2.00,10.00,30,0,0,1,0,1,7,14,1,5,1,80.00,0.50,512,10571069710592830605,11.17,731947,98.62,0.05,1.34,0.64,0.00,0.00,0,1,1,1.01,23.71,8,0.02,17415103,0,0,0.62,0,0.02,1,0.00,87284003
5,50,1.00,10000,0.10,,1,120,0,1,1,10,4,6,2.00,10.00,30,0,0,1,0,1,7,14,1,5,1,80.00,0.50,512,10571069710592830605,11.17,731949,97.18,0.10,2.72,1.23,0.00,0.00,0,2,2,1.01,23.71,8,0.03,17398200,0,0,1.34,1,0.03,2,0.00,87282133
6,50,1.00,10000,0.10,,1,120,0,1,1,10,4,6,2.00,10.00,30,0,0,1,0,1,7,14,1,5,1,80.00,0.50,512,10571069710592830605,11.17,731952,94.82,0.21,4.97,1.52,0.00,0.00,0,3,3,1.01,23.71,8,0.05,17425703,0,0,3.15,1,0.05,3,0.00,87486483
7,50,1.00,10000,0.10,,1,120,0,1,1,10,4,6,2.00,10.00,30,0,0,1,0,1,7,14,1,5,1,80.00,0.50,512,10571069710592830605,11.17,731955,95.24,0.19,4.57,2.14,0.00,0.00,0,3,3,1.01,23.70,8,0.05,17399736,0,0,2.17,1,0.05,3,0.00,87298023
8,50,1.00,10000,0.10,,1,120,0,1,1,10,4,6,2.00,10.00,30,0,0,1,0,1,7,14,1,5,1,80.00,0.50,512,10571069710592830605,11.17,731960,94.18,0.27,5.54,2.57,0.00,0.00,0,5,5,1.01,23.70,8,0.08,17402473,0,0,2.67,1,0.06,5,0.00,87200738
9,50,1.00,10000,0.10,,1,120,0,1,1,10,4,6,2.00,10.00,30,0,0,1,0,1,7,14,1,5,1,80.00,0.50,512,10571069710592830605,11.17,731965,93.17,0.23,6.60,3.11,0.00,0.00,0,5,5,1.01,23.70,8,0.08,17371517,0,0,3.11,0,0.08,5,0.00,87218902
10,50,1.00,10000,0.10,,1,120,0,1,1,10,4,6,2.00,10.00,30,0,0,1,0,1,7,14,1,5,1,80.00,0.50,512,10571069710592830605,11.17,731967,42.23,7.84,49.93,29.09,0.00,0.00,0,96,94,0.78,23.35,9,7.99,17332912,0,0,15.82,72,7.94,2,12.01,87149934
11,50,1.00,10000,0.10,,1,120,0,1,1,10,4,6,2.00,10.00,30,0,0,1,0,1,7,14,1,5,1,80.00,0.50,512,10571069710592830605,11.17,731965,56.25,5.09,38.66,26.16,1.15,5641905171365287.00,33466,1444,1446,1.01,23.16,8,105.60,16542215,25988,25648,8.69,619,102.99,1,101.52,83354979
12,50,1.00,10000,0.10,,1,120,0,1,1,10,4,6,2.00,10.00,30,0,0,1,0,1,7,14,1,5,1,80.00,0.50,512,10571069710592830605,11.17,731971,92.42,0.29,7.30,3.08,0.00,0.00,0,6,6,1.01,23.15,8,0.09,17309099,0,0,3.77,1,0.09,6,0.00,87105275
13,50,1.00,10000,0.10,,1,120,0,1,1,10,4,6,2.00,10.00,30,0,0,1,0,1,7,14,1,5,1,80.00,0.50,512,10571069710592830605,11.17,731971,100.00,0.00,0.00,0.00,0.00,0.00,0,0,0,1.01,23.15,8,0.00,17316026,0,0,0.00,0,0.00,0,0.00,87332557
14,50,1.00,10000,0.10,,1,120,0,1,1,10,4,6,2.00,10.00,30,0,0,1,0,1,7,14,1,5,1,80.00,0.50,512,10571069710592830605,11.17,731975,94.41,0.24,5.35,2.21,0.00,0.00,0,4,4,1.01,23.15,8,0.06,17278125,0,0,2.82,1,0.06,4,0.00,87328917
15,50,1.00,10000,0.10,,1,120,0,1,1,10,4,6,2.00,10.00,30,0,0,1,0,1,7,14,1,5,1,80.00,0.50,512,10571069710592830605,11.17,731979,95.03,0.20,4.77,2.00,0.00,0.00,0,4,4,1.01,23.15,8,0.06,17256555,0,0,2.48,1,0.06,4,0.00,87139757
16,50,1.00,10000,0.10,,1,120,0,1,1,10,4,6,2.00,10.00,30,0,0,1,0,1,7,14,1,5,1,80.00,0.50,512,10571069710592830605,11.17,731983,95.41,0.21,4.39,2.09,0.00,0.00,0,4,4,1.01,23.15,8,0.06,17229166,0,0,2.05,2,0.06,4,0.00,87006126
17,50,1.00,10000,0.10,,1,120,0,1,1,10,4,6,2.00,10.00,30,0,0,1,0,1,7,14,1,5,1,80.00,0.50,512,10571069710592830605,11.17,731985,97.57,0.12,2.31,1.06,0.74,241411959640487328.00,249,2,2,1.01,23.18,8,0.03,17215156,188,187,1.14,0,0.03,2,0.00,86969528
18,50,1.00,10000,0.10,,1,120,0,1,1,10,4,6,2.00,10.00,30,0,0,1,0,1,7,14,1,5,1,80.00,0.50,512,10571069710592830605,11.17,731987,96.97,0.12,2.92,1.26,0.00,0.00,0,2,2,1.01,23.18,8,0.03,17206606,0,0,1.48,1,0.03,2,0.00,87032892
19,50,1.00,10000,0.10,,1,120,0,1,1,10,4,6,2.00,10.00,30,0,0,1,0,1,7,14,1,5,1,80.00,0.50,512,10571069710592830605,11.17,731989,96.75,0.14,3.11,1.39,0.00,0.00,0,2,2,1.01,23.18,8,0.03,17199951,0,0,1.52,2,0.03,2,0.00,86905976
20,50,1.00,10000,0.10,,1,120,0,1,1,10,4,6,2.00,10.00,30,0,0,1,0,1,7,14,1,5,1,80.00,0.50,512,10571069710592830605,11.17,731993,11.26,11.35,77.39,49.46,0.00,35440090218771956.00,3,775,774,0.90,20.81,9,47.57,16990665,1,1,19.84,323,46.56,4,48.76,85781217
21,50,1.00,10000,0.10,,1,120,0,1,1,10,4,6,2.00,10.00,30,0,0,1,0,1,7,14,1,5,1,80.00,0.50,512,10571069710592830605,11.17,731975,82.28,2.07,15.66,10.47,1.08,2020529614356361.50,37841,1016,1017,1.02,23.54,8,66.12,17261911,29698,29266,3.29,372,64.70,2,64.89,82966656
22,50,1.00,10000,0.10,,1,120,0,1,1,10,4,6,2.00,10.00,30,0,0,1,0,1,7,14,1,5,1,80.00,0.50,512,10571069710592830605,11.17,731979,95.83,0.15,4.02,1.90,0.00,0.00,0,3,3,1.02,23.54,8,0.05,18018460,0,0,1.91,2,0.05,4,0.00,86725739
23,50,1.00,10000,0.10,,1,120,0,1,1,10,4,6,2.00,10.00,30,0,0,1,0,1,7,14,1,5,1,80.00,0.50,512,10571069710592830605,11.17,731983,95.72,0.18,4.11,1.75,0.00,0.00,0,3,3,1.02,23.54,8,0.05,17174383,0,0,2.07,1,0.05,4,0.00,86729435
24,50,1.00,10000,0.10,,1,120,0,1,1,10,4,6,2.00,10.00,30,0,0,1,0,1,7,14,1,5,1,80.00,0.50,512,10571069710592830605,11.17,731983,100.00,0.00,0.00,0.00,0.00,0.00,0,0,0,1.02,23.54,8,0.00,17121565,0,0,0.00,0,0.00,0,0.00,86862247
25,50,1.00,10000,0.10,,1,120,0,1,1,10,4,6,2.00,10.00,30,0,0,1,0,1,7,14,1,5,1,80.00,0.50,512,10571069710592830605,11.17,731984,100.00,0.00,0.00,0.00,0.00,0.00,0,0,0,1.02,23.54,8,0.00,17151860,0,0,0.00,0,0.00,1,0.00,86924970
26,50,1.00,10000,0.10,,1,120,0,1,1,10,4,6,2.00,10.00,30,0,0,1,0,1,7,14,1,5,1,80.00,0.50,512,10571069710592830605,11.17,731988,96.97,0.17,2.86,1.22,0.00,0.00,0,3,3,1.02,23.53,8,0.05,17197837,0,0,1.45,1,0.03,4,0.00,85936635
27,50,1.00,10000,0.10,,1,120,0,1,1,10,4,6,2.00,10.00,30,0,0,1,0,1,7,14,1,5,1,80.00,0.50,512,10571069710592830605,11.17,731994,95.47,0.17,4.36,1.85,0.89,234035122284466752.00,290,4,4,1.02,23.58,8,0.06,17102499,229,227,2.28,0,0.06,6,0.00,86711938
28,50,1.00,10000,0.10,,1,120,0,1,1,10,4,6,2.00,10.00,30,0,0,1,0,1,7,14,1,5,1,80.00,0.50,512,10571069710592830605,11.17,731998,96.00,0.13,3.86,1.71,0.00,0.00,0,3,3,1.02,23.57,8,0.05,17117110,0,0,1.92,2,0.05,4,0.00,86540456
29,50,1.00,10000,0.10,,1,120,0,1,1,10,4,6,2.00,10.00,30,0,0,1,0,1,7,14,1,5,1,80.00,0.50,512,10571069710592830605,11.17,732000,98.85,0.05,1.11,0.46,0.00,0.00,0,1,1,1.02,23.57,8,0.02,17094541,0,0,0.58,1,0.02,2,0.00,86670839
