t,name,c_hash,cycle,cycle-kernel,instr,L1-miss,br-miss,task,IPC,CPU,GHz
0,pp_3,1533262774221806276,-nan,-nan,-nan,-nan,-nan,-nan,-nan,-nan,-nan
0,pp_2,1533262774221806276,-nan,-nan,-nan,-nan,-nan,-nan,-nan,-nan,-nan
0,pp_0,1533262774221806276,-nan,-nan,-nan,-nan,-nan,-nan,-nan,-nan,-nan
0,pp_1,1533262774221806276,-nan,-nan,-nan,-nan,-nan,-nan,-nan,-nan,-nan
1,pp_3,1533262774221806276,1895901575.00,1148288097.00,918784381.00,30307626.00,1273328.00,619592617.00,0.48,0.62,3.06
1,pp_2,1533262774221806276,1603149000.00,706492228.00,977223663.00,30037302.00,1405934.00,537871689.00,0.61,0.54,2.98
1,pp_0,1533262774221806276,1776964120.00,581072713.00,1154938648.00,30859148.00,1763246.00,572004974.00,0.65,0.57,3.11
1,pp_1,1533262774221806276,1644379795.00,672277946.00,1123576131.00,28886901.00,1384182.00,551387247.00,0.68,0.55,2.98
2,pp_3,1533262774221806276,3300778715.00,12471097.00,5658646439.00,1012001.00,83902.00,987822525.00,1.71,0.99,3.34
2,pp_2,1533262774221806276,3184573958.00,11344839.00,5318802148.00,1007799.00,83824.00,953272362.00,1.67,0.95,3.34
2,pp_0,1533262774221806276,3338944825.00,10928987.00,5835391949.00,975028.00,89606.00,999190268.00,1.75,1.00,3.34
2,pp_1,1533262774221806276,3263176716.00,10763979.00,5547556272.00,847878.00,88232.00,976619512.00,1.70,0.98,3.34
3,pp_3,1533262774221806276,3342646406.00,8418508.00,5737310014.00,661239.00,57191.00,1000640698.00,1.72,1.00,3.34
3,pp_2,1533262774221806276,3342473126.00,6853714.00,5603104444.00,664927.00,58138.00,1000616438.00,1.68,1.00,3.34
3,pp_0,1533262774221806276,3342029811.00,7078624.00,5969838152.00,550965.00,58040.00,1000442648.00,1.79,1.00,3.34
3,pp_1,1533262774221806276,3342420172.00,6761507.00,5777496795.00,554997.00,58214.00,1000581713.00,1.73,1.00,3.34
4,pp_3,1533262774221806276,3342227869.00,8268452.00,5766698015.00,645897.00,56365.00,1000467878.00,1.73,1.00,3.34
4,pp_2,1533262774221806276,3341549399.00,6929874.00,5611977579.00,657757.00,56300.00,1000335396.00,1.68,1.00,3.34
4,pp_0,1533262774221806276,3341997815.00,7098294.00,5945896494.00,546602.00,57280.00,1000404749.00,1.78,1.00,3.34
4,pp_1,1533262774221806276,3341238237.00,6902643.00,5737649159.00,537138.00,57159.00,1000208713.00,1.72,1.00,3.34
5,pp_3,1533262774221806276,3341532953.00,8546743.00,5683794482.00,665557.00,55633.00,1000521165.00,1.70,1.00,3.34
5,pp_2,1533262774221806276,3341439855.00,7030756.00,5536709026.00,682931.00,56358.00,1000529393.00,1.66,1.00,3.34
5,pp_0,1533262774221806276,3341088642.00,6954737.00,6600036426.00,332836.00,58768.00,1000351445.00,1.98,1.00,3.34
5,pp_1,1533262774221806276,3341431216.00,7050969.00,5547043580.00,594964.00,56203.00,1000523880.00,1.66,1.00,3.34
6,pp_3,1533262774221806276,3343009061.00,8750124.00,5695239735.00,661791.00,55588.00,1000489925.00,1.70,1.00,3.34
6,pp_2,1533262774221806276,3343318034.00,7002785.00,5568105503.00,669054.00,55667.00,1000570942.00,1.67,1.00,3.34
6,pp_0,1533262774221806276,3341517508.00,7450488.00,5665433394.00,684857.00,57105.00,1000053474.00,1.70,1.00,3.34
6,pp_1,1533262774221806276,3342895278.00,6994042.00,5758871530.00,532983.00,56898.00,1000436843.00,1.72,1.00,3.34
7,pp_3,1533262774221806276,3342845161.00,8335343.00,5873799525.00,608957.00,56586.00,1000565654.00,1.76,1.00,3.34
7,pp_2,1533262774221806276,3342417188.00,6831948.00,5613273375.00,656323.00,55923.00,1000506144.00,1.68,1.00,3.34
7,pp_0,1533262774221806276,3340386749.00,7274776.00,5568393225.00,716831.00,56323.00,999857736.00,1.67,1.00,3.34
7,pp_1,1533262774221806276,3342556122.00,6795579.00,5643808752.00,567266.00,56628.00,1000500105.00,1.69,1.00,3.34
8,pp_3,1533262774221806276,3342719467.00,8583812.00,5800119435.00,608685.00,55008.00,1000982645.00,1.74,1.00,3.34
8,pp_2,1533262774221806276,3342630610.00,6798837.00,6210652789.00,455847.00,57828.00,1001014382.00,1.86,1.00,3.34
8,pp_0,1533262774221806276,3341655229.00,7309942.00,6055332949.00,526940.00,57597.00,1000673758.00,1.81,1.00,3.34
8,pp_1,1533262774221806276,3342393035.00,6869418.00,6243279958.00,367240.00,57812.00,1000913142.00,1.87,1.00,3.34
9,pp_3,1533262774221806276,3343008666.00,8392537.00,5696774149.00,630884.00,55977.00,1000493482.00,1.70,1.00,3.34
9,pp_2,1533262774221806276,3343032423.00,6990999.00,5573390104.00,671230.00,57116.00,1000526890.00,1.67,1.00,3.34
9,pp_0,1533262774221806276,3340475277.00,7603874.00,5568959682.00,751935.00,57192.00,999757831.00,1.67,1.00,3.34
9,pp_1,1533262774221806276,3343090046.00,6853621.00,5576356457.00,587887.00,56541.00,1000522981.00,1.67,1.00,3.34
10,pp_3,1533262774221806276,3338404677.00,11129780.00,5672961088.00,813107.00,59870.00,999244780.00,1.70,1.00,3.34
10,pp_2,1533262774221806276,3337926365.00,10044771.00,5748556154.00,761527.00,61433.00,999116509.00,1.72,1.00,3.34
10,pp_0,1533262774221806276,3335969981.00,10515387.00,6191752281.00,636635.00,62746.00,998505664.00,1.86,1.00,3.34
10,pp_1,1533262774221806276,3337339269.00,10273571.00,5541280151.00,762919.00,63618.00,998934191.00,1.66,1.00,3.34
11,pp_3,1533262774221806276,3282066419.00,43672615.00,5457759579.00,3955842.00,201863.00,987948854.00,1.66,0.99,3.32
11,pp_2,1533262774221806276,3278986309.00,43604716.00,5319191628.00,3820547.00,198071.00,984044289.00,1.62,0.98,3.33
11,pp_0,1533262774221806276,3281874701.00,44110742.00,5433871209.00,3826345.00,201172.00,984796843.00,1.66,0.98,3.33
11,pp_1,1533262774221806276,3280782187.00,40549120.00,5556651874.00,3452328.00,216741.00,986749246.00,1.69,0.99,3.32
12,pp_3,1533262774221806276,3341551688.00,6790852.00,5728316495.00,747341.00,65409.00,1000563743.00,1.71,1.00,3.34
12,pp_2,1533262774221806276,3341485068.00,6910726.00,5587735095.00,683412.00,56336.00,1000569047.00,1.67,1.00,3.34
12,pp_0,1533262774221806276,3340976805.00,8510502.00,6086371706.00,586505.00,58885.00,1000374957.00,1.82,1.00,3.34
12,pp_1,1533262774221806276,3341091369.00,6947470.00,5581581896.00,650727.00,58096.00,1000434951.00,1.67,1.00,3.34
13,pp_3,1533262774221806276,3342333886.00,6854194.00,5738221023.00,739451.00,67065.00,1000555849.00,1.72,1.00,3.34
13,pp_2,1533262774221806276,3342337309.00,6960658.00,5595869116.00,681502.00,56887.00,1000541536.00,1.67,1.00,3.34
13,pp_0,1533262774221806276,3338925563.00,8933685.00,5939509804.00,659409.00,60586.00,999562078.00,1.78,1.00,3.34
13,pp_1,1533262774221806276,3342216964.00,6818787.00,5861308059.00,592217.00,57899.00,1000531778.00,1.75,1.00,3.34
14,pp_3,1533262774221806276,3343622255.00,6878339.00,5726861426.00,763344.00,66362.00,1000599691.00,1.71,1.00,3.34
14,pp_2,1533262774221806276,3343379967.00,6796244.00,5589538590.00,677366.00,57146.00,1000484453.00,1.67,1.00,3.34
14,pp_0,1533262774221806276,3342694860.00,8507621.00,5942865008.00,649332.00,60464.00,1000309640.00,1.78,1.00,3.34
14,pp_1,1533262774221806276,3343304743.00,6774801.00,5612698957.00,676013.00,56452.00,1000499566.00,1.68,1.00,3.34
15,pp_3,1533262774221806276,3342489498.00,6789016.00,5728908659.00,755218.00,68013.00,1000498143.00,1.71,1.00,3.34
15,pp_2,1533262774221806276,3342464541.00,6833462.00,5587948310.00,715371.00,57348.00,1000495472.00,1.67,1.00,3.34
15,pp_0,1533262774221806276,3340844385.00,8762228.00,5592316972.00,812305.00,60571.00,1000020927.00,1.67,1.00,3.34
15,pp_1,1533262774221806276,3342481669.00,6850606.00,5597740259.00,675268.00,57545.00,1000486396.00,1.67,1.00,3.34
16,pp_3,1533262774221806276,3341290425.00,7146680.00,5737120417.00,730426.00,68455.00,1000499593.00,1.72,1.00,3.34
16,pp_2,1533262774221806276,3341903295.00,7091019.00,5594145434.00,710326.00,56938.00,1000727685.00,1.67,1.00,3.34
16,pp_0,1533262774221806276,3338874245.00,8991657.00,5594806948.00,799062.00,58025.00,999794261.00,1.68,1.00,3.34
16,pp_1,1533262774221806276,3341820692.00,7090035.00,5594620241.00,694617.00,57225.00,1000666209.00,1.67,1.00,3.34
17,pp_3,1533262774221806276,3342487347.00,7153295.00,5733120525.00,750018.00,67754.00,1000739952.00,1.72,1.00,3.34
17,pp_2,1533262774221806276,3340115814.00,7344715.00,5590978800.00,701218.00,56514.00,1000046402.00,1.67,1.00,3.34
17,pp_0,1533262774221806276,3339953864.00,9220368.00,5664338249.00,779400.00,58227.00,999982686.00,1.70,1.00,3.34
17,pp_1,1533262774221806276,3341602565.00,7284765.00,5587582297.00,673977.00,56953.00,1000491225.00,1.67,1.00,3.34
18,pp_3,1533262774221806276,3343244947.00,6931071.00,5731272358.00,747728.00,67681.00,1000504511.00,1.71,1.00,3.34
18,pp_2,1533262774221806276,3300518646.00,7137679.00,5514614118.00,679909.00,56215.00,987740277.00,1.67,0.99,3.34
18,pp_0,1533262774221806276,3340602827.00,8659155.00,5863389398.00,685859.00,58500.00,999720321.00,1.76,1.00,3.34
18,pp_1,1533262774221806276,3343047327.00,6808362.00,5660996685.00,659840.00,57695.00,1000429799.00,1.69,1.00,3.34
19,pp_3,1533262774221806276,3342806001.00,6771272.00,5737894401.00,750654.00,67555.00,1000514481.00,1.72,1.00,3.34
19,pp_2,1533262774221806276,3342661878.00,6829615.00,5596481355.00,714524.00,57388.00,1000485894.00,1.67,1.00,3.34
19,pp_0,1533262774221806276,3340777618.00,8784939.00,5747455052.00,727275.00,57865.00,999935900.00,1.72,1.00,3.34
19,pp_1,1533262774221806276,3342696812.00,6889382.00,5601462938.00,704635.00,56452.00,1000482539.00,1.68,1.00,3.34
20,pp_3,1533262774221806276,3320679635.00,20726179.00,5667360574.00,1445129.00,90925.00,995071170.00,1.71,0.99,3.34
20,pp_2,1533262774221806276,3320277360.00,21394652.00,5529539235.00,1476182.00,80251.00,995014148.00,1.67,0.99,3.34
20,pp_0,1533262774221806276,3315472863.00,21328889.00,5516782271.00,1459249.00,79057.00,993895779.00,1.66,0.99,3.34
20,pp_1,1533262774221806276,3318961125.00,20939247.00,5534325610.00,1403619.00,78260.00,994581171.00,1.67,0.99,3.34
21,pp_3,1533262774221806276,3298605311.00,32452912.00,5539462263.00,3133318.00,165677.00,991616732.00,1.68,0.99,3.33
21,pp_2,1533262774221806276,3292278050.00,31789583.00,5389846113.00,3072686.00,162971.00,990039179.00,1.64,0.99,3.33
21,pp_0,1533262774221806276,3304009176.00,31522225.00,5885346991.00,2964227.00,170326.00,991594125.00,1.78,0.99,3.33
21,pp_1,1533262774221806276,3304831177.00,30829635.00,5779158837.00,2716620.00,181825.00,991021576.00,1.75,0.99,3.33
22,pp_3,1533262774221806276,3347593196.00,7574576.00,5759877818.00,694207.00,56828.00,1001994383.00,1.72,1.00,3.34
22,pp_2,1533262774221806276,3347600058.00,7425304.00,5621729546.00,784882.00,56460.00,1001977468.00,1.68,1.00,3.34
22,pp_0,1533262774221806276,3344258814.00,7873399.00,5736351182.00,743200.00,57935.00,1001010544.00,1.72,1.00,3.34
22,pp_1,1533262774221806276,3347110982.00,7408160.00,5739756868.00,637596.00,57255.00,1001862402.00,1.71,1.00,3.34
23,pp_3,1533262774221806276,3342142470.00,8633889.00,5745508881.00,710709.00,55743.00,1000130069.00,1.72,1.00,3.34
23,pp_2,1533262774221806276,3332015445.00,7213589.00,5584446438.00,790189.00,55434.00,997078609.00,1.68,1.00,3.34
23,pp_0,1533262774221806276,3342215835.00,7534160.00,5588541612.00,753717.00,56769.00,1000155311.00,1.67,1.00,3.34
23,pp_1,1533262774221806276,3343327465.00,7040363.00,5692671078.00,649705.00,57671.00,1000473246.00,1.70,1.00,3.34
24,pp_3,1533262774221806276,3343508431.00,8111025.00,5767347435.00,724843.00,56309.00,1000491991.00,1.72,1.00,3.34
24,pp_2,1533262774221806276,3343544460.00,6706283.00,5619249836.00,777651.00,57049.00,1000497039.00,1.68,1.00,3.34
24,pp_0,1533262774221806276,3341720614.00,7028070.00,5601746888.00,776088.00,57051.00,999969811.00,1.68,1.00,3.34
24,pp_1,1533262774221806276,3343111713.00,6610709.00,5625750510.00,678189.00,57068.00,1000373285.00,1.68,1.00,3.34
25,pp_3,1533262774221806276,3341821535.00,8234552.00,5753595007.00,687025.00,56421.00,1000523568.00,1.72,1.00,3.34
25,pp_2,1533262774221806276,3341770439.00,6726102.00,5611150715.00,793782.00,60778.00,1000532433.00,1.68,1.00,3.34
25,pp_0,1533262774221806276,3339495663.00,7435321.00,5795749030.00,696496.00,57229.00,999841812.00,1.74,1.00,3.34
25,pp_1,1533262774221806276,3341718377.00,6792389.00,5612128016.00,687747.00,56886.00,1000507362.00,1.68,1.00,3.34
26,pp_3,1533262774221806276,3342612278.00,8636712.00,5759066145.00,718833.00,56983.00,1000713096.00,1.72,1.00,3.34
26,pp_2,1533262774221806276,3342755044.00,7122255.00,5628487385.00,762404.00,61828.00,1000743515.00,1.68,1.00,3.34
26,pp_0,1533262774221806276,3339478324.00,7718290.00,5619092661.00,790560.00,57127.00,999743902.00,1.68,1.00,3.34
26,pp_1,1533262774221806276,3342386699.00,7162508.00,5666817514.00,647891.00,57468.00,1000625862.00,1.70,1.00,3.34
27,pp_3,1533262774221806276,3342991582.00,8459464.00,5899540834.00,675025.00,57209.00,1000543611.00,1.76,1.00,3.34
27,pp_2,1533262774221806276,3342981230.00,6899426.00,5642601563.00,754708.00,57044.00,1000521434.00,1.69,1.00,3.34
27,pp_0,1533262774221806276,3342456020.00,6772328.00,6892565594.00,261367.00,60197.00,1000339537.00,2.06,1.00,3.34
27,pp_1,1533262774221806276,3343168817.00,6477075.00,6404860200.00,394756.00,58285.00,1000563919.00,1.92,1.00,3.34
28,pp_3,1533262774221806276,3343238923.00,8456585.00,5910236841.00,658722.00,56810.00,1000508013.00,1.77,1.00,3.34
28,pp_2,1533262774221806276,3343250656.00,7178983.00,5740543944.00,737271.00,57270.00,1000493929.00,1.72,1.00,3.34
28,pp_0,1533262774221806276,3342048728.00,7483610.00,6084160325.00,591622.00,58401.00,1000146407.00,1.82,1.00,3.34
28,pp_1,1533262774221806276,3342898878.00,7077208.00,5726085868.00,622828.00,57918.00,1000391116.00,1.71,1.00,3.34
29,pp_3,1533262774221806276,3342238616.00,8297264.00,5744721811.00,723552.00,56758.00,1000540441.00,1.72,1.00,3.34
29,pp_2,1533262774221806276,3342284276.00,6756092.00,5614763040.00,760782.00,57209.00,1000553859.00,1.68,1.00,3.34
29,pp_0,1533262774221806276,3341235432.00,7153717.00,5593981305.00,791147.00,57330.00,1000284073.00,1.67,1.00,3.34
29,pp_1,1533262774221806276,3342210816.00,6884947.00,5599532773.00,646253.00,56974.00,1000527108.00,1.68,1.00,3.34
0,pp_3,6886505736832390941,-nan,-nan,-nan,-nan,-nan,-nan,-nan,-nan,-nan
0,pp_2,6886505736832390941,-nan,-nan,-nan,-nan,-nan,-nan,-nan,-nan,-nan
0,pp_0,6886505736832390941,-nan,-nan,-nan,-nan,-nan,-nan,-nan,-nan,-nan
0,pp_1,6886505736832390941,-nan,-nan,-nan,-nan,-nan,-nan,-nan,-nan,-nan
1,pp_3,6886505736832390941,1949142731.00,1178838805.00,947472456.00,29492296.00,1234713.00,627423528.00,0.49,0.63,3.11
1,pp_2,6886505736832390941,1493767885.00,674574484.00,943616704.00,28696399.00,1294887.00,492219540.00,0.63,0.49,3.03
1,pp_0,6886505736832390941,1679214671.00,566132461.00,1137019540.00,29567769.00,1620850.00,543070787.00,0.68,0.54,3.09
1,pp_1,6886505736832390941,1678560231.00,567385428.00,1249741382.00,29208824.00,1555958.00,551059939.00,0.74,0.55,3.05
2,pp_3,6886505736832390941,3267242094.00,8158462.00,5340163664.00,866124.00,70988.00,1000475729.00,1.63,1.00,3.27
2,pp_2,6886505736832390941,3264138131.00,8452097.00,5656563051.00,794092.00,72710.00,999602791.00,1.73,1.00,3.27
2,pp_0,6886505736832390941,3263582129.00,7927403.00,6517824424.00,536626.00,71049.00,999403057.00,2.00,1.00,3.27
2,pp_1,6886505736832390941,3266729560.00,6951901.00,6113466672.00,562563.00,74027.00,1000316729.00,1.87,1.00,3.27
3,pp_3,6886505736832390941,2887174907.00,6992901.00,4541652587.00,810267.00,57358.00,1000205438.00,1.57,1.00,2.89
3,pp_2,6886505736832390941,2887021729.00,5888955.00,4539765075.00,795799.00,57124.00,1000184049.00,1.57,1.00,2.89
3,pp_0,6886505736832390941,2886008188.00,5973882.00,4746538134.00,809905.00,56033.00,999874615.00,1.64,1.00,2.89
3,pp_1,6886505736832390941,2886856781.00,6126001.00,4528261266.00,762413.00,57800.00,1000157440.00,1.57,1.00,2.89
4,pp_3,6886505736832390941,2791878233.00,6521505.00,4390332857.00,801925.00,52303.00,1000171997.00,1.57,1.00,2.79
4,pp_2,6886505736832390941,2791770477.00,5641824.00,4394497847.00,780524.00,54473.00,1000123765.00,1.57,1.00,2.79
4,pp_0,6886505736832390941,2791194266.00,5613908.00,5390480506.00,472191.00,53350.00,999923559.00,1.93,1.00,2.79
4,pp_1,6886505736832390941,2791768143.00,5446495.00,4715738181.00,622702.00,53643.00,1000099248.00,1.69,1.00,2.79
5,pp_3,6886505736832390941,2788054882.00,7039016.00,4373811696.00,769050.00,53110.00,1000086235.00,1.57,1.00,2.79
5,pp_2,6886505736832390941,2788553017.00,5567892.00,4419792456.00,763063.00,53748.00,1000241464.00,1.58,1.00,2.79
5,pp_0,6886505736832390941,2787946252.00,5700365.00,4712839393.00,736844.00,52123.00,1000024476.00,1.69,1.00,2.79
5,pp_1,6886505736832390941,2788390658.00,5760106.00,4402586116.00,725885.00,53607.00,1000180005.00,1.58,1.00,2.79
6,pp_3,6886505736832390941,2784940290.00,7028754.00,4373710765.00,833451.00,54613.00,999860332.00,1.57,1.00,2.79
6,pp_2,6886505736832390941,2785831504.00,5770162.00,4395235012.00,781496.00,54057.00,1000187205.00,1.58,1.00,2.79
6,pp_0,6886505736832390941,2786057720.00,5511577.00,5005294561.00,597321.00,53556.00,1000209255.00,1.80,1.00,2.79
6,pp_1,6886505736832390941,2786116003.00,5276727.00,4614790386.00,635837.00,52999.00,1000249743.00,1.66,1.00,2.79
7,pp_3,6886505736832390941,2790410502.00,6893425.00,4382806320.00,886339.00,52884.00,1000121112.00,1.57,1.00,2.79
7,pp_2,6886505736832390941,2790439031.00,5552817.00,4384835639.00,756102.00,51790.00,1000162135.00,1.57,1.00,2.79
7,pp_0,6886505736832390941,2789415516.00,5866378.00,4495453038.00,767773.00,53542.00,999782283.00,1.61,1.00,2.79
7,pp_1,6886505736832390941,2790155399.00,5735297.00,4388846117.00,740766.00,54155.00,1000048391.00,1.57,1.00,2.79
8,pp_3,6886505736832390941,2784598419.00,6774615.00,4379625634.00,857770.00,53114.00,1000110316.00,1.57,1.00,2.78
8,pp_2,6886505736832390941,2784632529.00,5585857.00,4373570896.00,783446.00,53079.00,1000158013.00,1.57,1.00,2.78
8,pp_0,6886505736832390941,2783619233.00,5580018.00,4466393352.00,788457.00,52526.00,999769977.00,1.60,1.00,2.78
8,pp_1,6886505736832390941,2784483889.00,5509617.00,4380170018.00,703319.00,53339.00,1000053829.00,1.57,1.00,2.78
9,pp_3,6886505736832390941,2781796737.00,6953238.00,4374915701.00,858580.00,53546.00,999991046.00,1.57,1.00,2.78
9,pp_2,6886505736832390941,2782228435.00,5727775.00,4382301356.00,789594.00,53143.00,1000167283.00,1.58,1.00,2.78
9,pp_0,6886505736832390941,2780313409.00,5921516.00,4556731077.00,751406.00,53973.00,999463978.00,1.64,1.00,2.78
9,pp_1,6886505736832390941,2782302949.00,5575533.00,4385234389.00,718312.00,53075.00,1000161376.00,1.58,1.00,2.78
10,pp_3,6886505736832390941,2778169844.00,8090070.00,4366948860.00,961875.00,56885.00,999975126.00,1.57,1.00,2.78
10,pp_2,6886505736832390941,2777513561.00,7455943.00,4370102909.00,885747.00,58758.00,999801012.00,1.57,1.00,2.78
10,pp_0,6886505736832390941,2776896677.00,7481255.00,4641630601.00,861128.00,57008.00,999561613.00,1.67,1.00,2.78
10,pp_1,6886505736832390941,2777344010.00,7606075.00,4445694044.00,829289.00,58280.00,999764733.00,1.60,1.00,2.78
11,pp_3,6886505736832390941,2989128550.00,42196110.00,4674289011.00,3930937.00,179370.00,986006460.00,1.56,0.99,3.03
11,pp_2,6886505736832390941,2966028102.00,40977598.00,4646023677.00,3798553.00,168325.00,978937644.00,1.57,0.98,3.03
11,pp_0,6886505736832390941,2982695642.00,39393032.00,6028218778.00,3337183.00,181306.00,987163860.00,2.02,0.99,3.02
11,pp_1,6886505736832390941,2986540599.00,38489017.00,4890781625.00,3493955.00,186646.00,988330866.00,1.64,0.99,3.02
12,pp_3,6886505736832390941,2955192728.00,6159749.00,4711537009.00,835964.00,52689.00,1000172466.00,1.59,1.00,2.95
12,pp_2,6886505736832390941,2955148247.00,6145522.00,4702733570.00,851440.00,52131.00,1000178393.00,1.59,1.00,2.95
12,pp_0,6886505736832390941,2954904426.00,6060659.00,5282292063.00,654646.00,53007.00,1000112572.00,1.79,1.00,2.95
12,pp_1,6886505736832390941,2955111477.00,6143510.00,4708892509.00,746753.00,52142.00,1000178473.00,1.59,1.00,2.95
13,pp_3,6886505736832390941,2760046315.00,5621109.00,4303721124.00,833896.00,53000.00,1000125787.00,1.56,1.00,2.76
13,pp_2,6886505736832390941,2759848724.00,7224033.00,4324645817.00,845861.00,55539.00,1000083084.00,1.57,1.00,2.76
13,pp_0,6886505736832390941,2760011388.00,5300531.00,5195019482.00,499436.00,51972.00,1000082275.00,1.88,1.00,2.76
13,pp_1,6886505736832390941,2759708039.00,5885333.00,4308072445.00,751646.00,53042.00,1000010752.00,1.56,1.00,2.76
14,pp_3,6886505736832390941,2756619495.00,5731095.00,4299143207.00,900056.00,53181.00,1000128657.00,1.56,1.00,2.76
14,pp_2,6886505736832390941,2756203503.00,6827429.00,4297515656.00,859435.00,54614.00,999991404.00,1.56,1.00,2.76
14,pp_0,6886505736832390941,2756289680.00,5821823.00,4758103877.00,712668.00,53971.00,1000013166.00,1.73,1.00,2.76
14,pp_1,6886505736832390941,2756687456.00,5732674.00,4574166419.00,644593.00,53319.00,1000134878.00,1.66,1.00,2.76
15,pp_3,6886505736832390941,2760413122.00,5508326.00,4308065696.00,839962.00,52079.00,1000541721.00,1.56,1.00,2.76
15,pp_2,6886505736832390941,2760424481.00,6910962.00,4312092593.00,874837.00,53969.00,1000562160.00,1.56,1.00,2.76
15,pp_0,6886505736832390941,2760063719.00,5961246.00,4874358346.00,672517.00,53370.00,1000395773.00,1.77,1.00,2.76
15,pp_1,6886505736832390941,2760031383.00,5853285.00,4373610955.00,700142.00,52954.00,1000402110.00,1.58,1.00,2.76
16,pp_3,6886505736832390941,2760108078.00,5232131.00,4309202616.00,880004.00,54001.00,1000291608.00,1.56,1.00,2.76
16,pp_2,6886505736832390941,2759770206.00,6521934.00,4385381889.00,848395.00,54227.00,1000142170.00,1.59,1.00,2.76
16,pp_0,6886505736832390941,2760091384.00,5054665.00,5491010380.00,380292.00,53478.00,1000188248.00,1.99,1.00,2.76
16,pp_1,6886505736832390941,2759729971.00,5423202.00,4378794208.00,731667.00,54190.00,1000125264.00,1.59,1.00,2.76
17,pp_3,6886505736832390941,2759015290.00,5273315.00,4313969294.00,845397.00,52519.00,1000170004.00,1.56,1.00,2.76
17,pp_2,6886505736832390941,2758899748.00,6378699.00,4309478419.00,859924.00,52791.00,1000125293.00,1.56,1.00,2.76
17,pp_0,6886505736832390941,2758526633.00,5611163.00,4701612337.00,677077.00,52813.00,999973739.00,1.70,1.00,2.76
17,pp_1,6886505736832390941,2758750950.00,5195173.00,4304192347.00,725658.00,51725.00,1000062047.00,1.56,1.00,2.76
18,pp_3,6886505736832390941,2754996078.00,5579874.00,4307520937.00,838033.00,51889.00,1000149631.00,1.56,1.00,2.75
18,pp_2,6886505736832390941,2754499220.00,6883667.00,4385321370.00,813884.00,53151.00,999991909.00,1.59,1.00,2.75
18,pp_0,6886505736832390941,2753473896.00,5732540.00,4380168599.00,768454.00,52046.00,999604971.00,1.59,1.00,2.75
18,pp_1,6886505736832390941,2754645361.00,5651908.00,4318809011.00,719850.00,52315.00,1000017475.00,1.57,1.00,2.75
19,pp_3,6886505736832390941,2752870864.00,5559591.00,4302981369.00,843667.00,52178.00,1000170557.00,1.56,1.00,2.75
19,pp_2,6886505736832390941,2752569856.00,7027052.00,4284317958.00,861208.00,52422.00,1000091933.00,1.56,1.00,2.75
19,pp_0,6886505736832390941,2752028275.00,5454328.00,4699328149.00,654903.00,51206.00,999842001.00,1.71,1.00,2.75
19,pp_1,6886505736832390941,2752822586.00,5462129.00,4300262246.00,732615.00,52677.00,1000142932.00,1.56,1.00,2.75
20,pp_3,6886505736832390941,2741970979.00,16584959.00,4271576335.00,1619623.00,71469.00,995844676.00,1.56,1.00,2.75
20,pp_2,6886505736832390941,2741493524.00,17286737.00,4274981551.00,1625968.00,70914.00,995747732.00,1.56,1.00,2.75
20,pp_0,6886505736832390941,2740534245.00,16405362.00,4562537243.00,1491740.00,71277.00,995366546.00,1.66,0.99,2.75
20,pp_1,6886505736832390941,2740441472.00,16279583.00,4314495597.00,1475019.00,69927.00,995662553.00,1.57,1.00,2.75
21,pp_3,6886505736832390941,3236670701.00,35228068.00,5221553549.00,3452908.00,183733.00,990545874.00,1.61,0.99,3.27
21,pp_2,6886505736832390941,3225647471.00,32604965.00,5199003754.00,3408784.00,180767.00,990133382.00,1.61,0.99,3.26
21,pp_0,6886505736832390941,3229036434.00,33497008.00,6010454497.00,3045463.00,179942.00,988107763.00,1.86,0.99,3.27
21,pp_1,6886505736832390941,3224566463.00,31502198.00,5603437925.00,2930166.00,196337.00,989801868.00,1.74,0.99,3.26
22,pp_3,6886505736832390941,2692819526.00,6386552.00,4173304643.00,813854.00,50723.00,1005426990.00,1.55,1.00,2.68
22,pp_2,6886505736832390941,2692208264.00,5733642.00,4173172822.00,794528.00,50788.00,1005164855.00,1.55,1.00,2.68
22,pp_0,6886505736832390941,2692518999.00,5848539.00,4555290950.00,719059.00,50734.00,1005246439.00,1.69,1.00,2.68
22,pp_1,6886505736832390941,2693345705.00,5443373.00,4186610987.00,713333.00,50206.00,1005519478.00,1.55,1.00,2.68
23,pp_3,6886505736832390941,2694532198.00,6778021.00,4158615957.00,802747.00,48491.00,1000237187.00,1.54,1.00,2.69
23,pp_2,6886505736832390941,2694204446.00,5773295.00,4165449988.00,798554.00,51107.00,1000219437.00,1.55,1.00,2.69
23,pp_0,6886505736832390941,2691722398.00,5500154.00,4883081120.00,593775.00,50310.00,999381500.00,1.81,1.00,2.69
23,pp_1,6886505736832390941,2693187263.00,5620240.00,4609779383.00,601299.00,51837.00,999882368.00,1.71,1.00,2.69
24,pp_3,6886505736832390941,2693930394.00,6649125.00,4175544896.00,807505.00,49378.00,1000107351.00,1.55,1.00,2.69
24,pp_2,6886505736832390941,2694138408.00,5683884.00,4192389668.00,769479.00,52086.00,1000126000.00,1.56,1.00,2.69
24,pp_0,6886505736832390941,2694045968.00,5473368.00,4757448195.00,638661.00,49467.00,1000103746.00,1.77,1.00,2.69
24,pp_1,6886505736832390941,2693975248.00,5666195.00,4178735060.00,748204.00,50728.00,1000132670.00,1.55,1.00,2.69
25,pp_3,6886505736832390941,2685060975.00,6621195.00,4159213575.00,786362.00,50226.00,1000162838.00,1.55,1.00,2.68
25,pp_2,6886505736832390941,2685112978.00,5699703.00,4154863259.00,799215.00,52439.00,1000177179.00,1.55,1.00,2.68
25,pp_0,6886505736832390941,2683439512.00,5956892.00,4288897234.00,828192.00,51930.00,999601861.00,1.60,1.00,2.68
25,pp_1,6886505736832390941,2684822463.00,5534866.00,4158997356.00,757949.00,49835.00,1000084239.00,1.55,1.00,2.68
26,pp_3,6886505736832390941,2678532920.00,6622796.00,4139207777.00,902211.00,50454.00,1000130852.00,1.55,1.00,2.68
26,pp_2,6886505736832390941,2678672489.00,5466409.00,4241868370.00,803115.00,51083.00,1000198965.00,1.58,1.00,2.68
26,pp_0,6886505736832390941,2677991566.00,5330660.00,4988893379.00,491083.00,51100.00,999955274.00,1.86,1.00,2.68
26,pp_1,6886505736832390941,2678526541.00,5203624.00,4304695685.00,711594.00,51055.00,1000162658.00,1.61,1.00,2.68
27,pp_3,6886505736832390941,2681379516.00,7029097.00,4143095454.00,806674.00,48407.00,999854354.00,1.55,1.00,2.68
27,pp_2,6886505736832390941,2682151448.00,5691180.00,4151115126.00,792271.00,52057.00,1000113538.00,1.55,1.00,2.68
27,pp_0,6886505736832390941,2681971741.00,5319967.00,4605153432.00,683026.00,49407.00,1000038453.00,1.72,1.00,2.68
27,pp_1,6886505736832390941,2681991411.00,5500852.00,4321855413.00,678833.00,50277.00,1000067706.00,1.61,1.00,2.68
28,pp_3,6886505736832390941,2680000856.00,6464606.00,4145167838.00,782639.00,48890.00,1000146162.00,1.55,1.00,2.68
28,pp_2,6886505736832390941,2676444590.00,5728932.00,4143376897.00,783249.00,50377.00,998818976.00,1.55,1.00,2.68
28,pp_0,6886505736832390941,2679210879.00,5798888.00,4362417658.00,779504.00,50081.00,999845700.00,1.63,1.00,2.68
28,pp_1,6886505736832390941,2679972937.00,5463457.00,4146416293.00,742423.00,48689.00,1000118182.00,1.55,1.00,2.68
29,pp_3,6886505736832390941,2681460429.00,6682118.00,4156590348.00,788387.00,49303.00,1000093543.00,1.55,1.00,2.68
29,pp_2,6886505736832390941,2681714018.00,5510297.00,4144999901.00,780556.00,49658.00,1000148327.00,1.55,1.00,2.68
29,pp_0,6886505736832390941,2680539143.00,5650370.00,4340232941.00,787184.00,50369.00,999728267.00,1.62,1.00,2.68
29,pp_1,6886505736832390941,2681283786.00,5529376.00,4149849954.00,716522.00,49392.00,1000007064.00,1.55,1.00,2.68
0,pp_3,10991384381656896642,-nan,-nan,-nan,-nan,-nan,-nan,-nan,-nan,-nan
0,pp_2,10991384381656896642,-nan,-nan,-nan,-nan,-nan,-nan,-nan,-nan,-nan
0,pp_0,10991384381656896642,-nan,-nan,-nan,-nan,-nan,-nan,-nan,-nan,-nan
0,pp_1,10991384381656896642,-nan,-nan,-nan,-nan,-nan,-nan,-nan,-nan,-nan
1,pp_3,10991384381656896642,1356277472.00,610671238.00,840710734.00,29474677.00,1297241.00,462184424.00,0.62,0.46,2.93
1,pp_2,10991384381656896642,1759174593.00,1201485412.00,711494250.00,27022395.00,1066333.00,572619606.00,0.40,0.57,3.07
1,pp_0,10991384381656896642,1581602752.00,590752231.00,974572897.00,28894196.00,1516285.00,518753167.00,0.62,0.52,3.05
1,pp_1,10991384381656896642,1553387250.00,575030875.00,1038985321.00,28999711.00,1553963.00,541632811.00,0.67,0.54,2.87
2,pp_3,10991384381656896642,3037767629.00,17570556.00,4607050392.00,1283554.00,82783.00,994358568.00,1.52,0.99,3.06
2,pp_2,10991384381656896642,3050386476.00,18419082.00,4473625264.00,1262627.00,86538.00,998302391.00,1.47,1.00,3.06
2,pp_0,10991384381656896642,3051425151.00,19113768.00,4526749425.00,1261669.00,94244.00,998617471.00,1.48,1.00,3.06
2,pp_1,10991384381656896642,3043951311.00,16427571.00,4538840905.00,1184750.00,97520.00,996285804.00,1.49,1.00,3.06
3,pp_3,10991384381656896642,2610972748.00,5626243.00,3990397477.00,761819.00,38982.00,1000152908.00,1.53,1.00,2.61
3,pp_2,10991384381656896642,2611142178.00,5418427.00,3857341088.00,727240.00,39687.00,1000220656.00,1.48,1.00,2.61
3,pp_0,10991384381656896642,2611021199.00,5720746.00,3910415983.00,688077.00,39806.00,1000190672.00,1.50,1.00,2.61
3,pp_1,10991384381656896642,2610535083.00,5579384.00,3902262334.00,677802.00,39845.00,1000047781.00,1.49,1.00,2.61
4,pp_3,10991384381656896642,2516128400.00,5390528.00,3838492460.00,743388.00,39154.00,1000179511.00,1.53,1.00,2.52
4,pp_2,10991384381656896642,2515954774.00,5311960.00,3713697965.00,702623.00,38999.00,1000096707.00,1.48,1.00,2.52
4,pp_0,10991384381656896642,2515548174.00,5563061.00,3764638822.00,666226.00,38613.00,999929049.00,1.50,1.00,2.52
4,pp_1,10991384381656896642,2516062882.00,5339712.00,3775088931.00,647059.00,38561.00,1000124598.00,1.50,1.00,2.52
5,pp_3,10991384381656896642,2517991185.00,5317912.00,3845695169.00,751174.00,38357.00,1000189219.00,1.53,1.00,2.52
5,pp_2,10991384381656896642,2518136069.00,5181713.00,3731426246.00,708513.00,38869.00,1000231452.00,1.48,1.00,2.52
5,pp_0,10991384381656896642,2517105400.00,5572822.00,3766855792.00,679443.00,38927.00,999834465.00,1.50,1.00,2.52
5,pp_1,10991384381656896642,2517810304.00,5312320.00,3778694597.00,637306.00,38884.00,1000127590.00,1.50,1.00,2.52
6,pp_3,10991384381656896642,2513785213.00,5333801.00,3840955484.00,738443.00,38925.00,1000161005.00,1.53,1.00,2.51
6,pp_2,10991384381656896642,2513924259.00,5253981.00,3711991942.00,717419.00,39127.00,1000226604.00,1.48,1.00,2.51
6,pp_0,10991384381656896642,2513898668.00,5503241.00,3761813155.00,672502.00,39551.00,1000224532.00,1.50,1.00,2.51
6,pp_1,10991384381656896642,2513961927.00,5285992.00,3774690050.00,640148.00,37864.00,1000268588.00,1.50,1.00,2.51
7,pp_3,10991384381656896642,2514372901.00,5279515.00,3841645229.00,738064.00,38517.00,1000378991.00,1.53,1.00,2.51
7,pp_2,10991384381656896642,2514039541.00,5171444.00,3712147456.00,709760.00,39558.00,1000253065.00,1.48,1.00,2.51
7,pp_0,10991384381656896642,2513572711.00,5451581.00,3762277093.00,671917.00,38861.00,1000105457.00,1.50,1.00,2.51
7,pp_1,10991384381656896642,2513830948.00,5177410.00,3773968598.00,646162.00,37844.00,1000186658.00,1.50,1.00,2.51
8,pp_3,10991384381656896642,2509982998.00,5321624.00,3834705564.00,737007.00,42430.00,1000247953.00,1.53,1.00,2.51
8,pp_2,10991384381656896642,2509658430.00,5345992.00,3704714387.00,710207.00,38236.00,1000136048.00,1.48,1.00,2.51
8,pp_0,10991384381656896642,2508825284.00,5659813.00,3755061055.00,679486.00,39506.00,999828742.00,1.50,1.00,2.51
8,pp_1,10991384381656896642,2509725504.00,5348761.00,3767566327.00,642358.00,38840.00,1000160752.00,1.50,1.00,2.51
9,pp_3,10991384381656896642,2506599746.00,5374362.00,3831213139.00,733409.00,38293.00,1000258799.00,1.53,1.00,2.51
9,pp_2,10991384381656896642,2506506571.00,5292128.00,3701583782.00,709287.00,37648.00,1000227230.00,1.48,1.00,2.51
9,pp_0,10991384381656896642,2506060573.00,5556252.00,3751134704.00,671853.00,38324.00,1000060152.00,1.50,1.00,2.51
9,pp_1,10991384381656896642,2506266174.00,5314032.00,3762982623.00,643671.00,38720.00,1000144280.00,1.50,1.00,2.51
10,pp_3,10991384381656896642,2507452112.00,5261204.00,3832806573.00,744234.00,39755.00,1000199888.00,1.53,1.00,2.51
10,pp_2,10991384381656896642,2507173038.00,5242651.00,3701961261.00,708482.00,39661.00,1000156167.00,1.48,1.00,2.51
10,pp_0,10991384381656896642,2506763039.00,5671976.00,3752230257.00,689453.00,42410.00,999956167.00,1.50,1.00,2.51
10,pp_1,10991384381656896642,2506854527.00,5665776.00,3762770438.00,660959.00,39796.00,999997435.00,1.50,1.00,2.51
11,pp_3,10991384381656896642,2391856560.00,62897755.00,3470925806.00,3643226.00,166276.00,944681632.00,1.45,0.94,2.53
11,pp_2,10991384381656896642,2440520807.00,67463664.00,3472635270.00,3698842.00,183883.00,960549624.00,1.42,0.96,2.54
11,pp_0,10991384381656896642,2384655407.00,60334275.00,3401300841.00,3533059.00,163488.00,939671230.00,1.43,0.94,2.54
11,pp_1,10991384381656896642,2432925739.00,61121078.00,3489541722.00,3565648.00,186525.00,960187969.00,1.43,0.96,2.53
12,pp_3,10991384381656896642,2504176193.00,5103347.00,3765200438.00,747544.00,34912.00,1000170542.00,1.50,1.00,2.50
12,pp_2,10991384381656896642,2504367674.00,4897491.00,3712892066.00,698179.00,35954.00,1000219181.00,1.48,1.00,2.50
12,pp_0,10991384381656896642,2504251282.00,5125717.00,3696289707.00,717517.00,35912.00,1000173148.00,1.48,1.00,2.50
12,pp_1,10991384381656896642,2504094150.00,4954348.00,3702788904.00,654917.00,38718.00,1000122742.00,1.48,1.00,2.50
13,pp_3,10991384381656896642,2503271742.00,5012184.00,3763564791.00,744806.00,34864.00,1000210886.00,1.50,1.00,2.50
13,pp_2,10991384381656896642,2503379574.00,4847729.00,3697544828.00,696236.00,36254.00,1000225642.00,1.48,1.00,2.50
13,pp_0,10991384381656896642,2502919634.00,5051364.00,3695191279.00,717356.00,35674.00,1000057608.00,1.48,1.00,2.50
13,pp_1,10991384381656896642,2503057679.00,4902703.00,3703681158.00,658117.00,38296.00,1000110896.00,1.48,1.00,2.50
14,pp_3,10991384381656896642,2502839394.00,4976055.00,3763509304.00,750137.00,34570.00,1000172473.00,1.50,1.00,2.50
14,pp_2,10991384381656896642,2503019944.00,4734999.00,3696890086.00,691860.00,37566.00,1000215901.00,1.48,1.00,2.50
14,pp_0,10991384381656896642,2502625160.00,5044658.00,3694651606.00,714368.00,35397.00,1000064280.00,1.48,1.00,2.50
14,pp_1,10991384381656896642,2502661626.00,4815766.00,3701053103.00,658236.00,38342.00,1000097342.00,1.48,1.00,2.50
15,pp_3,10991384381656896642,2500739497.00,4983688.00,3761269460.00,748955.00,34632.00,1000187913.00,1.50,1.00,2.50
15,pp_2,10991384381656896642,2500818026.00,4782523.00,3692785873.00,687740.00,38181.00,1000200204.00,1.48,1.00,2.50
15,pp_0,10991384381656896642,2500470625.00,5032562.00,3691268204.00,712938.00,35622.00,1000079622.00,1.48,1.00,2.50
15,pp_1,10991384381656896642,2500646753.00,4810504.00,3697738317.00,657110.00,38624.00,1000145899.00,1.48,1.00,2.50
16,pp_3,10991384381656896642,2501172242.00,5019329.00,3771079590.00,744349.00,35074.00,1000196450.00,1.51,1.00,2.50
16,pp_2,10991384381656896642,2501298016.00,4825919.00,3706116979.00,688040.00,38368.00,1000215138.00,1.48,1.00,2.50
16,pp_0,10991384381656896642,2500765477.00,5094696.00,3691940453.00,716852.00,35863.00,1000042830.00,1.48,1.00,2.50
16,pp_1,10991384381656896642,2501141567.00,4877259.00,3776398101.00,628014.00,39241.00,1000199464.00,1.51,1.00,2.50
17,pp_3,10991384381656896642,2502037852.00,4898218.00,3763632951.00,741056.00,34963.00,1000203084.00,1.50,1.00,2.50
17,pp_2,10991384381656896642,2502074610.00,4751422.00,3695416396.00,693866.00,37715.00,1000210504.00,1.48,1.00,2.50
17,pp_0,10991384381656896642,2464776686.00,5008628.00,3638821191.00,674662.00,35395.00,985431447.00,1.48,0.98,2.50
17,pp_1,10991384381656896642,2501818317.00,4771250.00,3698979922.00,654809.00,37727.00,1000125389.00,1.48,1.00,2.50
18,pp_3,10991384381656896642,2500436724.00,4837630.00,3760453081.00,745291.00,34932.00,1000198761.00,1.50,1.00,2.50
18,pp_2,10991384381656896642,2500570379.00,4650289.00,3693119998.00,688749.00,38981.00,1000237338.00,1.48,1.00,2.50
18,pp_0,10991384381656896642,2500152330.00,4897836.00,3694024695.00,664449.00,35398.00,1000090283.00,1.48,1.00,2.50
18,pp_1,10991384381656896642,2500457972.00,4729580.00,3696925951.00,653488.00,38039.00,1000216754.00,1.48,1.00,2.50
19,pp_3,10991384381656896642,2499563678.00,4865565.00,3759664294.00,741269.00,34574.00,1000206264.00,1.50,1.00,2.50
19,pp_2,10991384381656896642,2499599978.00,4725833.00,3708905610.00,684186.00,38944.00,1000222169.00,1.48,1.00,2.50
19,pp_0,10991384381656896642,2498433540.00,5193190.00,3689904760.00,671647.00,36515.00,999800742.00,1.48,1.00,2.50
19,pp_1,10991384381656896642,2499346900.00,4827248.00,3695477729.00,654875.00,38122.00,1000132131.00,1.48,1.00,2.50
20,pp_3,10991384381656896642,2488861596.00,16287613.00,3726822950.00,1556492.00,55649.00,997141817.00,1.50,1.00,2.50
20,pp_2,10991384381656896642,2488222732.00,15635133.00,3662820512.00,1492894.00,57483.00,996883366.00,1.47,1.00,2.50
20,pp_0,10991384381656896642,2487952148.00,16116486.00,3663975291.00,1483219.00,56617.00,996701616.00,1.47,1.00,2.50
20,pp_1,10991384381656896642,2488256984.00,16277472.00,3666464982.00,1474492.00,59129.00,996821944.00,1.47,1.00,2.50
21,pp_3,10991384381656896642,2479652717.00,55550211.00,3597660394.00,3178729.00,186044.00,981101020.00,1.45,0.98,2.53
21,pp_2,10991384381656896642,2457048408.00,54138313.00,4486459480.00,2794201.00,187225.00,977233753.00,1.83,0.98,2.51
21,pp_0,10991384381656896642,2464436355.00,57034599.00,3497454772.00,3140742.00,178224.00,975656160.00,1.42,0.97,2.53
21,pp_1,10991384381656896642,2455596388.00,48303909.00,4137943454.00,2699802.00,199489.00,975776210.00,1.69,0.97,2.52
22,pp_3,10991384381656896642,2497387105.00,4294983.00,3776680748.00,613575.00,36714.00,1000287289.00,1.51,1.00,2.50
22,pp_2,10991384381656896642,2497735960.00,3913013.00,4600095864.00,369116.00,41481.00,1000365445.00,1.84,1.00,2.50
22,pp_0,10991384381656896642,2497393802.00,4970123.00,4576011474.00,402104.00,40078.00,1000224017.00,1.83,1.00,2.50
22,pp_1,10991384381656896642,2497285753.00,4217451.00,3749468544.00,674191.00,37161.00,1000248619.00,1.50,1.00,2.50
23,pp_3,10991384381656896642,2510962750.00,4822234.00,3804656025.00,612747.00,38361.00,1000523733.00,1.52,1.00,2.51
23,pp_2,10991384381656896642,2510793840.00,4766666.00,3750562809.00,677540.00,39795.00,1000523001.00,1.49,1.00,2.51
23,pp_0,10991384381656896642,2510412391.00,5589663.00,4513639128.00,446636.00,39948.00,1000395604.00,1.80,1.00,2.51
23,pp_1,10991384381656896642,2510564536.00,4792810.00,3728673714.00,691276.00,37466.00,1000437035.00,1.49,1.00,2.51
24,pp_3,10991384381656896642,2494422889.00,4773240.00,3771104483.00,613220.00,37365.00,1000238757.00,1.51,1.00,2.49
24,pp_2,10991384381656896642,2494465266.00,4685621.00,3695307609.00,693985.00,37992.00,1000241805.00,1.48,1.00,2.49
24,pp_0,10991384381656896642,2494047317.00,5685190.00,3681925418.00,734487.00,37414.00,1000093404.00,1.48,1.00,2.49
24,pp_1,10991384381656896642,2494371166.00,4638808.00,3703954667.00,680903.00,38412.00,1000230205.00,1.48,1.00,2.49
25,pp_3,10991384381656896642,2493182498.00,4750026.00,3770311353.00,613191.00,41020.00,1000253748.00,1.51,1.00,2.49
25,pp_2,10991384381656896642,2493197582.00,4673487.00,3693099912.00,670191.00,38397.00,1000256651.00,1.48,1.00,2.49
25,pp_0,10991384381656896642,2492685735.00,5731716.00,3681026463.00,734766.00,37730.00,1000085330.00,1.48,1.00,2.49
25,pp_1,10991384381656896642,2492837426.00,4707888.00,3689260325.00,684542.00,38516.00,1000157147.00,1.48,1.00,2.49
26,pp_3,10991384381656896642,2497504180.00,4729659.00,3777947726.00,613568.00,42941.00,1000198829.00,1.51,1.00,2.50
26,pp_2,10991384381656896642,2497535513.00,4607226.00,3696152572.00,665604.00,38261.00,1000218719.00,1.48,1.00,2.50
26,pp_0,10991384381656896642,2496806219.00,5666914.00,3687589579.00,737202.00,37845.00,999934133.00,1.48,1.00,2.50
26,pp_1,10991384381656896642,2497524570.00,4646252.00,3694695723.00,683305.00,39071.00,1000219943.00,1.48,1.00,2.50
27,pp_3,10991384381656896642,2491678957.00,4719303.00,3767569363.00,619456.00,42226.00,1000215339.00,1.51,1.00,2.49
27,pp_2,10991384381656896642,2491757642.00,4595594.00,3692194291.00,670283.00,38546.00,1000221754.00,1.48,1.00,2.49
27,pp_0,10991384381656896642,2490024508.00,5803254.00,3676617102.00,731796.00,38108.00,999552385.00,1.48,1.00,2.49
27,pp_1,10991384381656896642,2491519637.00,4616654.00,3685972172.00,686782.00,38202.00,1000156931.00,1.48,1.00,2.49
28,pp_3,10991384381656896642,2488162145.00,4857894.00,3761242313.00,615343.00,43706.00,1000221997.00,1.51,1.00,2.49
28,pp_2,10991384381656896642,2488283979.00,4721144.00,3685576264.00,671954.00,38394.00,1000238358.00,1.48,1.00,2.49
28,pp_0,10991384381656896642,2487107989.00,5853133.00,3672278886.00,732425.00,38576.00,999810289.00,1.48,1.00,2.49
28,pp_1,10991384381656896642,2488163308.00,4792999.00,3679975964.00,691755.00,39260.00,1000214546.00,1.48,1.00,2.49
29,pp_3,10991384381656896642,2487126521.00,4873824.00,3759265483.00,606799.00,42364.00,1000486383.00,1.51,1.00,2.49
29,pp_2,10991384381656896642,2487198183.00,4765241.00,3682889536.00,668925.00,38204.00,1000494623.00,1.48,1.00,2.49
29,pp_0,10991384381656896642,2487064429.00,5832580.00,3671888826.00,729237.00,38126.00,1000436060.00,1.48,1.00,2.49
29,pp_1,10991384381656896642,2486922819.00,4826007.00,3679386295.00,694271.00,37300.00,1000407899.00,1.48,1.00,2.49
0,pp_3,10571069710592830605,-nan,-nan,-nan,-nan,-nan,-nan,-nan,-nan,-nan
0,pp_2,10571069710592830605,-nan,-nan,-nan,-nan,-nan,-nan,-nan,-nan,-nan
0,pp_0,10571069710592830605,-nan,-nan,-nan,-nan,-nan,-nan,-nan,-nan,-nan
0,pp_1,10571069710592830605,-nan,-nan,-nan,-nan,-nan,-nan,-nan,-nan,-nan
1,pp_3,10571069710592830605,1510808763.00,589980167.00,986330684.00,30270199.00,1464229.00,506107489.00,0.65,0.51,2.99
1,pp_2,10571069710592830605,1923854032.00,1346424491.00,746422439.00,27218764.00,1112686.00,623783864.00,0.39,0.62,3.08
1,pp_0,10571069710592830605,1583215924.00,601552440.00,975189359.00,28703808.00,1534246.00,524243449.00,0.62,0.52,3.02
1,pp_1,10571069710592830605,1515286794.00,564342395.00,1074532207.00,28598987.00,1447383.00,521995021.00,0.71,0.52,2.90
2,pp_3,10571069710592830605,2813646063.00,15536481.00,4217323971.00,990276.00,103837.00,982194545.00,1.50,0.98,2.86
2,pp_2,10571069710592830605,2804972517.00,14173404.00,4125250187.00,998161.00,128013.00,979250913.00,1.47,0.98,2.86
2,pp_0,10571069710592830605,2821028830.00,16235699.00,4150063286.00,1043674.00,105727.00,984718768.00,1.47,0.98,2.86
2,pp_1,10571069710592830605,2805240138.00,14660826.00,4180870748.00,1043097.00,96969.00,983722132.00,1.49,0.98,2.85
3,pp_3,10571069710592830605,2556727633.00,5387445.00,3862976050.00,641570.00,89104.00,1000205617.00,1.51,1.00,2.56
3,pp_2,10571069710592830605,2556647384.00,5409796.00,3779676440.00,663095.00,119059.00,1000196773.00,1.48,1.00,2.56
3,pp_0,10571069710592830605,2556160432.00,5665062.00,3778832230.00,676361.00,61232.00,999999376.00,1.48,1.00,2.56
3,pp_1,10571069710592830605,2556546765.00,5430594.00,3825345029.00,705360.00,77090.00,1000142228.00,1.50,1.00,2.56
4,pp_3,10571069710592830605,2492905977.00,4944725.00,3756151314.00,625779.00,85964.00,1000235392.00,1.51,1.00,2.49
4,pp_2,10571069710592830605,2492628134.00,4949266.00,3684173587.00,634256.00,53543.00,1000125773.00,1.48,1.00,2.49
4,pp_0,10571069710592830605,2491758940.00,5182747.00,3683232493.00,659398.00,40437.00,999806307.00,1.48,1.00,2.49
4,pp_1,10571069710592830605,2492674140.00,4786872.00,3728588840.00,693056.00,71033.00,1000117088.00,1.50,1.00,2.49
5,pp_3,10571069710592830605,2493610165.00,5589208.00,3758443828.00,639530.00,79747.00,1000730027.00,1.51,1.00,2.49
5,pp_2,10571069710592830605,2493499498.00,5248916.00,3685977660.00,647353.00,65633.00,1000674756.00,1.48,1.00,2.49
5,pp_0,10571069710592830605,2493426272.00,5298786.00,3685098831.00,662042.00,41297.00,1000648284.00,1.48,1.00,2.49
5,pp_1,10571069710592830605,2493458694.00,5034922.00,3711331420.00,708943.00,113429.00,1000644236.00,1.49,1.00,2.49
6,pp_3,10571069710592830605,2494126657.00,5445942.00,3756392341.00,642201.00,66708.00,1000129938.00,1.51,1.00,2.49
6,pp_2,10571069710592830605,2494420137.00,4758389.00,3687692195.00,634082.00,40371.00,1000234550.00,1.48,1.00,2.49
6,pp_0,10571069710592830605,2494045306.00,5198096.00,3686458524.00,658765.00,40830.00,1000079464.00,1.48,1.00,2.49
6,pp_1,10571069710592830605,2494087728.00,5041005.00,3727282214.00,692696.00,62071.00,1000104745.00,1.49,1.00,2.49
7,pp_3,10571069710592830605,2490739303.00,5214325.00,3751998555.00,630892.00,61574.00,1000143149.00,1.51,1.00,2.49
7,pp_2,10571069710592830605,2490791525.00,5084493.00,3680941477.00,639199.00,39874.00,1000177809.00,1.48,1.00,2.49
7,pp_0,10571069710592830605,2490589100.00,5202199.00,3683013443.00,654436.00,39933.00,1000073661.00,1.48,1.00,2.49
7,pp_1,10571069710592830605,2490644807.00,5193644.00,3723465016.00,691227.00,78698.00,1000103354.00,1.49,1.00,2.49
8,pp_3,10571069710592830605,2490350636.00,5386037.00,3753553529.00,623447.00,84095.00,1000513311.00,1.51,1.00,2.49
8,pp_2,10571069710592830605,2490392900.00,5497387.00,3682876923.00,644289.00,43530.00,1000513976.00,1.48,1.00,2.49
8,pp_0,10571069710592830605,2490160492.00,5642163.00,3680717509.00,656392.00,46869.00,1000412685.00,1.48,1.00,2.49
8,pp_1,10571069710592830605,2490212653.00,5372246.00,3724339407.00,689615.00,60133.00,1000427803.00,1.50,1.00,2.49
9,pp_3,10571069710592830605,2487250164.00,5214971.00,3748747162.00,621019.00,72684.00,1000248816.00,1.51,1.00,2.49
9,pp_2,10571069710592830605,2487342803.00,5171439.00,3675158044.00,642250.00,70216.00,1000287258.00,1.48,1.00,2.49
9,pp_0,10571069710592830605,2486973192.00,5517643.00,3673279592.00,662416.00,65007.00,1000154853.00,1.48,1.00,2.49
9,pp_1,10571069710592830605,2486889620.00,5742235.00,3718100424.00,699314.00,75743.00,1000102493.00,1.50,1.00,2.49
10,pp_3,10571069710592830605,2484739761.00,7762309.00,3740838855.00,791426.00,83582.00,999761081.00,1.51,1.00,2.49
10,pp_2,10571069710592830605,2484535669.00,7550792.00,3669589803.00,811712.00,126444.00,999707344.00,1.48,1.00,2.49
10,pp_0,10571069710592830605,2483938627.00,7892714.00,3666662314.00,824036.00,66517.00,999419496.00,1.48,1.00,2.49
10,pp_1,10571069710592830605,2484115900.00,7771098.00,3711021768.00,868106.00,52743.00,999509022.00,1.49,1.00,2.49
11,pp_3,10571069710592830605,2475769445.00,59569915.00,3596034302.00,3564916.00,219057.00,984872946.00,1.45,0.98,2.51
11,pp_2,10571069710592830605,2456920891.00,57282941.00,3527445349.00,3439346.00,202684.00,978237217.00,1.44,0.98,2.51
11,pp_0,10571069710592830605,2431959075.00,55608698.00,3482461390.00,3363669.00,199249.00,969162441.00,1.43,0.97,2.51
11,pp_1,10571069710592830605,2476453756.00,54336060.00,3752984908.00,3320105.00,219485.00,984931385.00,1.52,0.98,2.51
12,pp_3,10571069710592830605,2483616863.00,4958037.00,3744703882.00,620932.00,153852.00,1000217728.00,1.51,1.00,2.48
12,pp_2,10571069710592830605,2483460681.00,5049260.00,3672549466.00,652458.00,97884.00,1000128122.00,1.48,1.00,2.48
12,pp_0,10571069710592830605,2483242978.00,5192663.00,3668786345.00,683429.00,54876.00,1000034956.00,1.48,1.00,2.48
12,pp_1,10571069710592830605,2483192164.00,5202949.00,3676079824.00,623376.00,52431.00,1000020120.00,1.48,1.00,2.48
13,pp_3,10571069710592830605,2484533996.00,4806751.00,3745341839.00,612431.00,153654.00,1000519599.00,1.51,1.00,2.48
13,pp_2,10571069710592830605,2484380127.00,4766629.00,3675314988.00,643076.00,149416.00,1000469418.00,1.48,1.00,2.48
13,pp_0,10571069710592830605,2483691844.00,4988930.00,3670219849.00,680789.00,39384.00,1000196713.00,1.48,1.00,2.48
13,pp_1,10571069710592830605,2484395213.00,4714153.00,3677379039.00,610857.00,83316.00,1000455845.00,1.48,1.00,2.48
14,pp_3,10571069710592830605,2480522837.00,5117031.00,3735141056.00,610184.00,138310.00,1000213484.00,1.51,1.00,2.48
14,pp_2,10571069710592830605,2480386989.00,5052089.00,3668221443.00,646651.00,127113.00,1000146612.00,1.48,1.00,2.48
14,pp_0,10571069710592830605,2479696006.00,5478364.00,3662445079.00,692992.00,64327.00,999884368.00,1.48,1.00,2.48
14,pp_1,10571069710592830605,2480475882.00,5009942.00,3669673199.00,611540.00,72155.00,1000161169.00,1.48,1.00,2.48
15,pp_3,10571069710592830605,2476329756.00,5044710.00,3728594587.00,611570.00,142602.00,1000210263.00,1.51,1.00,2.48
15,pp_2,10571069710592830605,2476332576.00,4929408.00,3663442650.00,641767.00,127008.00,1000183264.00,1.48,1.00,2.48
15,pp_0,10571069710592830605,2476004684.00,5196102.00,3660041522.00,685166.00,39413.00,1000074481.00,1.48,1.00,2.48
15,pp_1,10571069710592830605,2476177175.00,5097302.00,3665260350.00,614218.00,69446.00,1000125147.00,1.48,1.00,2.48
16,pp_3,10571069710592830605,2473802458.00,5350085.00,3719101798.00,612037.00,80729.00,1000170706.00,1.50,1.00,2.47
16,pp_2,10571069710592830605,2473822016.00,5117332.00,3658420366.00,645804.00,127385.00,1000157029.00,1.48,1.00,2.47
16,pp_0,10571069710592830605,2473478406.00,5215333.00,3654983132.00,679658.00,46522.00,1000022378.00,1.48,1.00,2.47
16,pp_1,10571069710592830605,2473700304.00,5163354.00,3661033589.00,620006.00,79015.00,1000114010.00,1.48,1.00,2.47
17,pp_3,10571069710592830605,2472091716.00,4868772.00,3719605911.00,621949.00,74142.00,1000230897.00,1.50,1.00,2.47
17,pp_2,10571069710592830605,2471943883.00,4890893.00,3654703738.00,649284.00,112650.00,1000149830.00,1.48,1.00,2.47
17,pp_0,10571069710592830605,2471469820.00,5081988.00,3650576708.00,690407.00,75795.00,999942402.00,1.48,1.00,2.47
17,pp_1,10571069710592830605,2472002861.00,4745293.00,3657854919.00,613128.00,49466.00,1000163883.00,1.48,1.00,2.47
18,pp_3,10571069710592830605,2468686752.00,4723744.00,3722811279.00,608540.00,154615.00,1000236841.00,1.51,1.00,2.47
18,pp_2,10571069710592830605,2468330172.00,4592966.00,3651341357.00,646264.00,146586.00,1000077977.00,1.48,1.00,2.47
18,pp_0,10571069710592830605,2468510218.00,4838683.00,3647923235.00,675772.00,113155.00,1000159197.00,1.48,1.00,2.47
18,pp_1,10571069710592830605,2468156962.00,4903813.00,3652601375.00,578578.00,82304.00,1000013966.00,1.48,1.00,2.47
19,pp_3,10571069710592830605,2468671152.00,4785932.00,3718417816.00,609163.00,77334.00,1000206117.00,1.51,1.00,2.47
19,pp_2,10571069710592830605,2468687353.00,4566445.00,3651740431.00,644491.00,134449.00,1000183381.00,1.48,1.00,2.47
19,pp_0,10571069710592830605,2468204808.00,4883954.00,3646239730.00,678623.00,82735.00,999997597.00,1.48,1.00,2.47
19,pp_1,10571069710592830605,2468548609.00,4717571.00,3652487890.00,565884.00,61815.00,1000135460.00,1.48,1.00,2.47
20,pp_3,10571069710592830605,2456354362.00,17561927.00,3684025823.00,1553470.00,86117.00,995562559.00,1.50,0.99,2.47
20,pp_2,10571069710592830605,2455637065.00,17100452.00,3620221676.00,1561108.00,175543.00,995263455.00,1.47,0.99,2.47
20,pp_0,10571069710592830605,2455136715.00,17822950.00,3613562841.00,1624519.00,94286.00,994922519.00,1.47,0.99,2.47
20,pp_1,10571069710592830605,2455711797.00,17602072.00,3623264870.00,1516414.00,66368.00,995204091.00,1.48,0.99,2.47
21,pp_3,10571069710592830605,2380464388.00,57330181.00,4274881070.00,2801455.00,205454.00,953045194.00,1.80,0.95,2.50
21,pp_2,10571069710592830605,2353951831.00,55198228.00,3593240688.00,2711040.00,209297.00,940558392.00,1.53,0.94,2.50
21,pp_0,10571069710592830605,2320318674.00,50371912.00,3370522109.00,2693380.00,196594.00,932364056.00,1.45,0.93,2.49
21,pp_1,10571069710592830605,2341745335.00,48863321.00,3729677355.00,2565704.00,225673.00,941777693.00,1.59,0.94,2.49
22,pp_3,10571069710592830605,2462645141.00,5048399.00,3738207107.00,701558.00,51018.00,1000170631.00,1.52,1.00,2.46
22,pp_2,10571069710592830605,2462871534.00,4726931.00,3640561031.00,646729.00,64697.00,1000234781.00,1.48,1.00,2.46
22,pp_0,10571069710592830605,2462212272.00,5085757.00,3985757949.00,541671.00,50370.00,999993332.00,1.62,1.00,2.46
22,pp_1,10571069710592830605,2462833289.00,4522911.00,3995955878.00,524297.00,74365.00,1000185873.00,1.62,1.00,2.46
23,pp_3,10571069710592830605,2463864337.00,5281009.00,3711033631.00,727880.00,69392.00,1000204370.00,1.51,1.00,2.46
23,pp_2,10571069710592830605,2463829784.00,5376679.00,3654355831.00,644721.00,59181.00,1000185817.00,1.48,1.00,2.46
23,pp_0,10571069710592830605,2463754008.00,5379642.00,3635930352.00,646072.00,62212.00,1000141588.00,1.48,1.00,2.46
23,pp_1,10571069710592830605,2463559610.00,5262054.00,3645767053.00,633876.00,47502.00,1000062647.00,1.48,1.00,2.46
24,pp_3,10571069710592830605,2458497616.00,5164054.00,3702376037.00,708962.00,88901.00,1000157511.00,1.51,1.00,2.46
24,pp_2,10571069710592830605,2458651040.00,5098276.00,3632496923.00,642247.00,71860.00,1000225858.00,1.48,1.00,2.46
24,pp_0,10571069710592830605,2458538013.00,5296380.00,3628985263.00,652685.00,64982.00,1000161185.00,1.48,1.00,2.46
24,pp_1,10571069710592830605,2458769611.00,5140109.00,3638278468.00,635109.00,46836.00,1000242818.00,1.48,1.00,2.46
25,pp_3,10571069710592830605,2462066552.00,5208431.00,3707698948.00,715610.00,72727.00,1000238831.00,1.51,1.00,2.46
25,pp_2,10571069710592830605,2462078867.00,5168670.00,3644800952.00,634408.00,83916.00,1000252860.00,1.48,1.00,2.46
25,pp_0,10571069710592830605,2461935307.00,5426433.00,3633520174.00,644361.00,69846.00,1000162569.00,1.48,1.00,2.46
25,pp_1,10571069710592830605,2461940468.00,5111428.00,3642028765.00,630171.00,64710.00,1000162580.00,1.48,1.00,2.46
26,pp_3,10571069710592830605,2463752124.00,5439161.00,3711136598.00,715318.00,93477.00,1000234983.00,1.51,1.00,2.46
26,pp_2,10571069710592830605,2463721394.00,5392379.00,3654310848.00,639978.00,68472.00,1000248742.00,1.48,1.00,2.46
26,pp_0,10571069710592830605,2463561403.00,5446729.00,3644978504.00,650556.00,85842.00,1000152165.00,1.48,1.00,2.46
26,pp_1,10571069710592830605,2463847974.00,5371888.00,3656480487.00,629146.00,60838.00,1000254063.00,1.48,1.00,2.46
27,pp_3,10571069710592830605,2455146654.00,5729715.00,3693535038.00,691418.00,57200.00,1000501389.00,1.50,1.00,2.45
27,pp_2,10571069710592830605,2455171191.00,5672499.00,3635389155.00,649173.00,82380.00,1000507222.00,1.48,1.00,2.45
27,pp_0,10571069710592830605,2455084188.00,5729926.00,3625815432.00,667436.00,87312.00,1000450080.00,1.48,1.00,2.45
27,pp_1,10571069710592830605,2454935716.00,5426072.00,3632169528.00,626815.00,46738.00,1000395763.00,1.48,1.00,2.45
28,pp_3,10571069710592830605,2455282146.00,5299724.00,3709152898.00,622436.00,61663.00,1000208517.00,1.51,1.00,2.45
28,pp_2,10571069710592830605,2455324578.00,5268286.00,3627874355.00,647947.00,89938.00,1000239260.00,1.48,1.00,2.45
28,pp_0,10571069710592830605,2454886197.00,5522145.00,3627520740.00,657410.00,47426.00,1000036137.00,1.48,1.00,2.45
28,pp_1,10571069710592830605,2455452542.00,5194401.00,3634120437.00,598678.00,40577.00,1000247687.00,1.48,1.00,2.45
29,pp_3,10571069710592830605,2453982732.00,5348080.00,3695849343.00,621021.00,59421.00,1000219802.00,1.51,1.00,2.45
29,pp_2,10571069710592830605,2453914642.00,5358099.00,3626346187.00,639295.00,40672.00,1000202389.00,1.48,1.00,2.45
29,pp_0,10571069710592830605,2453054374.00,5556479.00,3623357821.00,654411.00,41058.00,999808770.00,1.48,1.00,2.45
29,pp_1,10571069710592830605,2453952519.00,5249459.00,3633515650.00,590912.00,39813.00,1000159241.00,1.48,1.00,2.45
