t,c_worker_threads,c_pin_threads,c_smt,c_free_pct,c_cool_pct,c_pp_threads,c_partition_bits,c_dram_gib,c_target_gib,c_zipf_factor,c_run_for_seconds,c_fs,c_cm_split,c_su_merge,c_bstar,c_bulk_insert,c_backoff_strategy,c_cm_update_tracker_pct,c_restarts_threshold,c_backoff,c_mutex,latest_read_ratio,latest_window_gib,latest_window_ms,latest_window_offset_gib,space_usage_gib,consumed_pages,p1_pct,p2_pct,p3_pct,poll_pct,find_parent_pct,iterate_children_pct,pc1,pc2,pc3,free_pct,cool_pct,cool_pct_should,evicted_mib,rounds,touches,unswizzled,cpus,submit_ms,async_mb_ws,w_mib,allocate_ops,r_mib,tx,cycle,instr,L1-miss,br-miss,task,IPC,CPU,GHz,dt_researchy_0,dt_researchy_1,dt_researchy_2,dt_researchy_3,dt_researchy_4,dt_researchy_5,dt_researchy_6,dt_researchy_7,dt_researchy_8,dt_researchy_9,dt_id,dt_name,dt_misses_counter,dt_restarts_update_same_size,dt_restarts_structural_change,dt_restarts_read,cm_split_succ_counter,cm_split_fail_counter,cm_merge_succ_counter,cm_merge_fail_counter,su_merge_partial_counter,su_merge_full_counter
0,120,0,1,1,80,1,6,1,10,0.9,60,0,1,1,0,1,0,1,100,512,1,0,1,2000,0.1,11.1685,731938,8.60267,8.27724,83.1201,62.8796,0.944952,0.102293,9342926,669312,669311,1.00708,94.2518,78,10452.1,75205221,737420,729873,1.73592,13.1972,567,10452.1,731938,13.7611,2,232161,146446,13003.5,1761,470837,0.630793,1.73592,0.493081,0,0,0,0,0,0,0,0,0,0,0,latest,882,0,16117,4927,0,0,0,0,0,0
1,120,0,1,1,80,1,6,1,10,0.9,60,0,1,1,0,1,0,1,100,512,1,0,1,2000,0.1,11.1685,731938,6.0119,19.1404,74.8477,60.5749,0.0868166,0.117651,22123,3471,3471,0.45476,54.9394,79,473.306,928,9533,9383,70.7393,8.98781,416,473.306,0,478.517,374285,345725,59034.2,333.475,57.225,189993,0.170755,70.7393,1.81968,0,0,0,0,0,0,0,0,0,0,0,latest,30675,246720,0,0,0,2,0,0,0,0
2,120,0,1,1,80,1,6,1,10,0.9,60,0,1,1,0,1,0,1,100,512,1,0,1,2000,0.1,11.1685,731938,66.4941,3.09113,30.4147,26.7642,1.01957,3.85819,430672,4191,4192,0.906373,67.9402,79,96.8891,68966,155329,154255,62.8835,2.32007,90,96.8891,1,92.7234,1903988,60589.7,15668.2,137.924,14.5006,33215.1,0.258595,62.8835,1.82416,0,0,0,0,0,0,0,0,0,0,0,latest,5938,1038327,0,0,1,1,0,0,0,1
3,120,0,1,1,80,1,6,1,10,0.9,60,0,1,1,0,1,0,1,100,512,1,0,1,2000,0.1,11.1685,731938,85.5707,1.44915,12.9802,10.5748,0.906198,5.42567,645841,977,977,1.01023,72.9441,78,56.8697,288198,190982,188810,96.8851,1.22482,73,56.8697,2,55.84,1790356,99384.8,12551.7,118.191,13.3358,54459.7,0.126294,96.8851,1.82493,0,0,0,0,0,0,0,0,0,0,0,latest,3579,595847,0,0,2,3,0,0,0,2
4,120,0,1,1,80,1,6,1,10,0.9,60,0,1,1,0,1,0,1,100,512,1,0,1,2000,0.1,11.1685,731940,96.6261,0.420726,2.95313,2.26378,1.58418,6.65484,744660,170,170,0.240755,60.8466,79,19.8771,271466,228923,226368,114.962,0.424626,17,19.7835,4,27.3661,2376519,107889,10420.7,95.3131,11.1537,48606.1,0.0965877,114.962,2.21965,0,0,0,0,0,0,0,0,0,0,0,latest,1754,359707,0,0,4,4,0,0,0,2
5,120,0,1,1,80,1,6,1,10,0.9,60,0,1,1,0,1,0,1,100,512,1,0,1,2000,0.1,11.1685,731940,92.1312,1.27548,6.59336,5.50034,0.73469,5.51631,599268,354,354,1.00865,60.878,78,37.0706,35950,230315,228790,102.992,0.672977,78,36.9614,2,29.566,3218233,95151.5,9804.51,93.4501,11.1559,32164.5,0.103041,102.992,2.95828,0,0,0,0,0,0,0,0,0,0,0,latest,1895,543224,0,0,2,1,0,0,0,2
6,120,0,1,1,80,1,6,1,10,0.9,60,0,1,1,0,1,0,1,100,512,1,0,1,2000,0.1,11.1685,731939,95.104,0.424165,4.47182,3.55518,0.516254,6.11112,654425,180,180,0.190401,57.9182,79,22.9819,34916,252638,250964,114.977,0.422202,26,22.9351,1,30.8454,3663631,102251,9625.39,85.904,10.1503,31510.2,0.0941346,114.977,3.24502,0,0,0,0,0,0,0,0,0,0,0,latest,1978,372023,0,0,1,1,0,0,0,2
7,120,0,1,1,80,1,6,1,10,0.9,60,0,1,1,0,1,0,1,100,512,1,0,1,2000,0.1,11.1685,731940,91.2801,1.37702,7.34283,4.96601,0.51389,6.06396,620870,573,573,1.00865,63.155,78,34.0282,101955,218627,216460,98.9409,1.91022,20,33.8722,2,26.1647,2556019,120579,12906.5,101.746,12.5137,38905.8,0.107038,98.9409,3.09926,0,0,0,0,0,0,0,0,0,0,0,latest,1676,692098,0,0,2,3,0,0,0,1
8,120,0,1,1,80,1,6,1,10,0.9,60,0,1,1,0,1,0,1,100,512,1,0,1,2000,0.1,11.1685,731940,92.3455,0.80561,6.84885,5.42458,0.489753,6.18649,742276,433,432,0.571204,57.0763,79,42.3597,210256,238316,235771,114.325,0.90841,62,42.1257,1,46.3383,2597063,142873,13817.8,93.2665,11.2172,44208.6,0.0967138,114.325,3.2318,0,0,0,0,0,0,0,0,0,0,0,latest,2972,612880,0,0,1,2,0,0,0,1
9,120,0,1,1,80,1,6,1,10,0.9,60,0,1,1,0,1,0,1,100,512,1,0,1,2000,0.1,11.1685,731939,97.8225,0.242356,1.93517,1.5182,0.759369,6.16741,717194,149,150,1.0118,63.7545,78,14.744,97553,258801,257059,101.221,0.267719,19,14.4164,2,10.7499,3209071,99162.9,9445.87,99.1235,10.6971,31705.2,0.0952561,101.221,3.12766,0,0,0,0,0,0,0,0,0,0,0,latest,687,384776,0,0,2,1,0,0,0,3
10,120,0,1,1,80,1,6,1,10,0.9,60,0,1,1,0,1,0,1,100,512,1,0,1,2000,0.1,11.1685,731939,90.7895,2.47962,6.7309,5.59431,0.420033,6.48945,768503,306,306,0.309992,56.738,79,35.6508,124317,270895,269133,113.186,0.69738,34,34.3871,2,42.5938,3326253,112741,10480.7,90.6679,10.4145,34163.2,0.0929625,113.186,3.30008,0,0,0,0,0,0,0,0,0,0,0,latest,2730,343407,0,0,2,1,0,0,0,2
11,120,0,1,1,80,1,6,1,10,0.9,60,0,1,1,0,1,0,1,100,512,1,0,1,2000,0.1,11.1685,731939,94.7647,0.413456,4.82187,4.15246,2.50712,5.66993,723409,270,270,1.01023,64.1432,78,21.3749,230247,229869,227406,98.3166,0.414502,15,20.7976,3,14.4476,2363394,126097,14489.7,105.453,12.3877,41812.1,0.114909,98.3166,3.0158,0,0,0,0,0,0,0,0,0,0,0,latest,926,503718,0,0,3,6,0,0,0,3
12,120,0,1,1,80,1,6,1,10,0.9,60,0,1,1,0,1,0,1,100,512,1,0,1,2000,0.1,11.1685,731938,90.2897,1.08581,8.62448,6.23171,0.485786,5.60366,688447,738,738,0.974036,64.1432,79,54.2017,151433,230979,228714,110.507,1.13203,87,52.2827,0,54.545,2612027,136399,12426.9,95.4508,11.4318,42436.6,0.0911067,110.507,3.2142,0,0,0,0,0,0,0,0,0,0,0,latest,3496,464591,0,0,0,3,0,0,0,1
13,120,0,1,1,80,1,6,1,10,0.9,60,0,1,1,0,1,0,1,100,512,1,0,1,2000,0.1,11.1685,731940,97.7667,0.0743801,2.15891,2.01059,0.576999,6.12452,716809,173,173,1.01023,61.498,78,2.83958,127406,248054,246465,105.088,0.104265,0,2.71477,4,2.48074,2957695,109026,10962.9,100.548,10.853,35713.4,0.100554,105.088,3.0528,0,0,0,0,0,0,0,0,0,0,0,latest,159,396751,0,0,4,4,0,0,1,2
14,120,0,1,1,80,1,6,1,10,0.9,60,0,1,1,0,1,0,1,100,512,1,0,1,2000,0.1,11.1685,731939,88.9179,1.24904,9.83309,8.13304,0.461973,5.54889,640801,692,692,0.892211,55.9858,79,53.9521,43597,241753,240184,109.531,0.943038,70,52.3295,2,55.1223,3335525,107568,11330.5,88.859,10.2008,32963.8,0.105334,109.531,3.26321,0,0,0,0,0,0,0,0,0,0,0,latest,3533,574692,0,0,2,0,0,0,1,3
15,120,0,1,1,80,1,6,1,10,0.9,60,0,1,1,0,1,0,1,100,512,1,0,1,2000,0.1,11.1685,731939,99.1665,0.0501147,0.783417,0.667553,0.52524,5.94651,689629,156,156,1.00865,62.5948,78,3.05801,77246,252634,250208,103.508,0.0775278,1,2.9332,1,1.91906,3188292,98463.4,9462.69,91.8325,10.5393,32630.8,0.0961036,103.508,3.0175,0,0,0,0,0,0,0,0,0,0,0,latest,123,420866,0,0,1,0,0,0,0,1
16,120,0,1,1,80,1,6,1,10,0.9,60,0,1,1,0,1,0,1,100,512,1,0,1,2000,0.1,11.1685,731941,88.715,1.11503,10.17,8.28703,0.438268,5.61555,677660,761,761,1.00708,56.1054,78,57.0725,150877,229077,226862,109.168,1.20271,92,54.6074,5,57.0569,2675756,133233,13174.5,97.5127,11.385,40956.3,0.0988836,109.168,3.25305,0,0,0,0,0,0,0,0,0,0,0,latest,3657,542710,0,0,5,1,0,0,0,3
17,120,0,1,1,80,1,6,1,10,0.9,60,0,1,1,0,1,0,1,100,512,1,0,1,2000,0.1,11.1685,731939,99.9851,0.000309874,0.0145641,0.0132213,0.553745,6.01321,683524,1,1,1.01023,60.288,78,0.0156021,35889,262858,261072,109.514,0.00113621,0,0.0156021,1,0.0156021,3737608,90972.8,9673.48,87.0121,9.98941,29450.6,0.106334,109.514,3.089,0,0,0,0,0,0,0,0,0,0,0,latest,1,515416,0,0,1,1,0,0,0,3
18,120,0,1,1,80,1,6,1,10,0.9,60,0,1,1,0,1,0,1,100,512,1,0,1,2000,0.1,11.1685,731939,89.3842,1.89704,8.71874,7.11597,0.544828,5.99,701067,448,448,0.929976,56.1605,79,55.3719,71575,257286,255528,108.914,0.980283,43,53.6557,0,56.1676,3355778,105197,10294.6,90.5478,10.7945,32575.9,0.0978599,108.914,3.2293,0,0,0,0,0,0,0,0,0,0,0,latest,3600,346818,0,0,0,2,0,0,0,0
19,120,0,1,1,80,1,6,1,10,0.9,60,0,1,1,0,1,0,1,100,512,1,0,1,2000,0.1,11.1685,731938,99.5757,0.0279263,0.396334,0.330077,0.483179,6.2258,724392,80,80,1.01023,69.2478,78,1.70063,115434,258489,255906,108.99,0.044463,0,1.63822,2,0.920525,3040221,115809,10544.8,90.8358,10.6559,36038.7,0.0910535,108.99,3.21346,0,0,0,0,0,0,0,0,0,0,0,latest,59,447528,0,0,2,4,0,0,0,3
20,120,0,1,1,80,1,6,1,10,0.9,60,0,1,1,0,1,0,1,100,512,1,0,1,2000,0.1,11.1685,731938,90.468,1.008,8.52398,6.89056,0.462608,5.77206,681136,610,610,1.00865,63.7624,78,57.0413,122714,237325,234939,105.601,1.03218,44,55.7463,1,57.0569,2820654,123941,13387,94.0379,11.0553,37629.5,0.108012,105.601,3.29371,0,0,0,0,0,0,0,0,0,0,0,latest,3657,514958,0,0,1,4,0,0,0,1
21,120,0,1,1,80,1,6,1,10,0.9,60,0,1,1,0,1,0,1,100,512,1,0,1,2000,0.1,11.1685,731941,99.8462,0.00420436,0.149632,0.124945,0.528455,6.37445,737151,8,8,1.0118,62.705,78,0.124817,87013,269420,267697,111.441,0.0218842,1,0.124817,5,0.0468063,3454240,102749,9503.33,91.6788,10.2255,32429,0.092491,111.441,3.16842,0,0,0,0,0,0,0,0,0,0,0,latest,3,421586,0,0,5,1,0,0,0,2
22,120,0,1,1,80,1,6,1,10,0.9,60,0,1,1,0,1,0,1,100,512,1,0,1,2000,0.1,11.1685,731939,89.1422,1.79387,9.06397,6.09041,0.446702,5.56794,651506,620,620,1.00708,65.6129,78,56.9945,79296,238976,237340,104.639,1.14619,81,56.5889,2,57.0725,3049117,113078,10769.6,98.4926,11.1022,34450.5,0.0952407,104.639,3.28233,0,0,0,0,0,0,0,0,0,0,0,latest,3658,415345,0,0,2,4,0,0,0,4
23,120,0,1,1,80,1,6,1,10,0.9,60,0,1,1,0,1,0,1,100,512,1,0,1,2000,0.1,11.1685,731939,99.8739,0.00176163,0.124371,0.106403,0.542465,6.65897,806124,3,3,1.01023,62.8733,78,0.0468063,210574,259752,256991,113.394,0.0169117,0,0.0468063,2,0.0156021,2795523,130765,11452.6,92.5343,10.778,40775.4,0.0875814,113.394,3.20696,0,0,0,0,0,0,0,0,0,0,0,latest,1,365956,0,0,2,3,0,0,1,2
24,120,0,1,1,80,1,6,1,10,0.9,60,0,1,1,0,1,0,1,100,512,1,0,1,2000,0.1,11.1685,731940,87.2964,1.85511,10.8485,8.62863,0.482169,5.47393,633699,524,524,1.00551,57.7577,78,57.0569,93803,226864,224610,105.142,1.19657,69,56.9945,2,57.0881,2817077,122302,12218,94.3214,11.4769,37461.9,0.0999001,105.142,3.26471,0,0,0,0,0,0,0,0,0,0,0,latest,3659,458635,0,0,2,2,0,0,0,1
25,120,0,1,1,80,1,6,1,10,0.9,60,0,1,1,0,1,0,1,100,512,1,0,1,2000,0.1,11.1685,731939,99.9819,0.000635793,0.0174843,0.00932496,0.495812,6.25026,724277,2,2,1.01023,63.5625,78,0.0312042,70203,267853,266107,113.297,0.00752355,1,0.0312042,1,0,3505652,104830,9566.49,90.0601,9.94384,32489.9,0.0912569,113.297,3.22655,0,0,0,0,0,0,0,0,0,0,0,latest,0,350864,0,0,1,4,0,0,0,2
26,120,0,1,1,80,1,6,1,10,0.9,60,0,1,1,0,1,0,1,100,512,1,0,1,2000,0.1,11.1685,731940,88.2465,1.05838,10.6952,8.93809,0.448492,5.77398,688429,821,821,1.00708,59.6963,78,57.0725,83011,253439,251688,102.857,1.08058,43,56.9633,2,57.0881,3302664,102749,11013.4,95.3202,10.7522,31275.6,0.107188,102.857,3.28528,0,0,0,0,0,0,0,0,0,0,0,latest,3659,496344,0,0,2,0,0,0,0,1
27,120,0,1,1,80,1,6,1,10,0.9,60,0,1,1,0,1,0,1,100,512,1,0,1,2000,0.1,11.1685,731938,100,0,0,0,0.468392,6.82407,860421,0,0,1.01023,70.2769,78,0,360713,246557,243644,115.309,0,0,0,0,0,2090532,179299,14654.4,112.288,12.2219,55431.7,0.0817316,115.309,3.2346,0,0,0,0,0,0,0,0,0,0,0,latest,0,340538,0,0,0,8,0,0,0,2
28,120,0,1,1,80,1,6,1,10,0.9,60,0,1,1,0,1,0,1,100,512,1,0,1,2000,0.1,11.1685,731941,88.8105,1.20457,9.98493,5.90587,0.468931,5.94313,724308,923,923,1.00708,61.5688,78,57.1193,192708,235115,232753,100.465,1.46562,43,57.0881,6,57.1037,2563948,129133,12793,106.135,11.9708,39355.3,0.0990679,100.465,3.28122,0,0,0,0,0,0,0,0,0,0,0,latest,3660,482100,0,0,6,2,0,0,0,3
29,120,0,1,1,80,1,6,1,10,0.9,60,0,1,1,0,1,0,1,100,512,1,0,1,2000,0.1,11.1685,731939,99.9725,0.00169181,0.0258001,0.0085648,0.516532,6.27367,699671,3,3,1.01495,61.0685,78,0.0468063,65354,260335,258639,114.785,0.0162837,1,0.0468063,5,0,3551823,101971,10171.7,88.7164,9.99807,32480.5,0.0997508,114.785,3.13946,0,0,0,0,0,0,0,0,0,0,0,latest,0,487493,0,0,5,1,0,0,0,7
30,120,0,1,1,80,1,6,1,10,0.9,60,0,1,1,0,1,0,1,100,512,1,0,1,2000,0.1,11.1685,731940,87.2516,2.14578,10.6027,8.85724,2.63716,4.7587,543706,494,494,1.00708,59.3297,78,56.8697,26580,209672,208307,105.964,1.03392,65,56.7917,2,56.9321,2996727,114150,11809.4,94.9826,11.9762,35525.7,0.103456,105.964,3.21316,0,0,0,0,0,0,0,0,0,0,0,latest,3649,314731,0,0,2,2,0,0,0,1
31,120,0,1,1,80,1,6,1,10,0.9,60,0,1,1,0,1,0,1,100,512,1,0,1,2000,0.1,11.1685,731939,99.9212,0.00442349,0.0743362,0.0514635,0.488526,5.87321,687406,13,13,1.0118,61.9371,78,0.202827,88871,251101,248640,110.673,0.0194202,0,0.202827,2,0.171623,3204472,111677,10199.5,88.9076,10.3639,34706.3,0.0913307,110.673,3.21777,0,0,0,0,0,0,0,0,0,0,0,latest,11,394953,0,0,2,1,0,0,0,3
32,120,0,1,1,80,1,6,1,10,0.9,60,0,1,1,0,1,0,1,100,512,1,0,1,2000,0.1,11.1685,731939,86.014,1.10256,12.8834,10.1668,0.499021,5.29696,635693,644,644,1.00708,60.749,78,57.0569,97125,226197,224013,101.516,1.37793,58,56.9789,2,57.1037,2785634,119350,11965.6,100.642,11.6621,36628.2,0.100257,101.516,3.2584,0,0,0,0,0,0,0,0,0,0,0,latest,3660,417541,0,0,2,3,0,0,0,2
33,120,0,1,1,80,1,6,1,10,0.9,60,0,1,1,0,1,0,1,100,512,1,0,1,2000,0.1,11.1685,731939,99.9804,0.00126223,0.0183023,0.00589038,0.564951,6.32133,712579,2,2,1.01023,61.391,78,0.0312042,53836,267779,266094,116.825,0.011886,0,0.0312042,2,0,3624682,105990,9613.54,87.7116,9.78071,32391,0.0907022,116.825,3.27221,0,0,0,0,0,0,0,0,0,0,0,latest,0,353573,0,0,2,0,0,0,0,2
34,120,0,1,1,80,1,6,1,10,0.9,60,0,1,1,0,1,0,1,100,512,1,0,1,2000,0.1,11.1685,731939,87.4928,1.05788,11.4493,9.47439,0.398538,4.92825,581128,613,613,1.00708,65.9827,78,57.0569,53904,214603,213198,102.444,1.05244,41,56.9945,3,57.0881,2734969,122707,13810.6,100.82,12.043,37624.3,0.11255,102.444,3.26137,0,0,0,0,0,0,0,0,0,0,0,latest,3659,483492,0,0,3,3,0,0,3,3
35,120,0,1,1,80,1,6,1,10,0.9,60,0,1,1,0,1,0,1,100,512,1,0,1,2000,0.1,11.1685,731941,99.9719,0.00154336,0.0265933,0.0100912,0.472744,6.37421,775138,3,3,1.00865,62.9662,78,0.0468063,224955,242220,239514,114.295,0.0155524,1,0.0468063,3,0,2498405,148081,12518,98.2635,11.1454,45977.6,0.0845352,114.295,3.22071,0,0,0,0,0,0,0,0,0,0,0,latest,0,351787,0,0,3,4,0,0,0,1
36,120,0,1,1,80,1,6,1,10,0.9,60,0,1,1,0,1,0,1,100,512,1,0,1,2000,0.1,11.1685,731940,87.3824,1.17915,11.4384,9.41709,0.954916,5.40864,671490,1040,1040,1.00865,63.764,78,57.0881,218222,218441,216315,97.6132,1.24742,91,56.9945,2,57.1037,2426432,129206,18148.8,98.3326,11.5841,40419.7,0.140463,97.6132,3.19662,0,0,0,0,0,0,0,0,0,0,0,latest,3660,1291158,0,0,2,3,0,0,0,3
37,120,0,1,1,80,1,6,1,10,0.9,60,0,1,1,0,1,0,1,100,512,1,0,1,2000,0.1,11.1685,731939,99.9905,0.000588499,0.00894519,0.0028248,0.499989,6.6019,793310,1,1,1.0118,68.727,78,0.0156021,207892,254332,252659,117.1,0.00576729,0,0.0156021,1,0,2633488,139774,11853.1,101.689,10.7226,44692.1,0.0848023,117.1,3.12748,0,0,0,0,0,0,0,0,0,0,0,latest,0,326321,0,0,1,15,0,0,0,2
38,120,0,1,1,80,1,6,1,10,0.9,60,0,1,1,0,1,0,1,100,512,1,0,1,2000,0.1,11.1685,731940,88.0522,1.07249,10.8753,8.99613,0.575832,5.63623,653259,786,786,1.00708,64.8985,78,57.0569,87780,236313,234538,97.6625,1.16931,79,57.0257,3,57.0881,2997794,105287,11403.2,101.136,11.1418,32747,0.108305,97.6625,3.21517,0,0,0,0,0,0,0,0,0,0,0,latest,3659,516862,0,0,3,2,0,0,0,2
39,120,0,1,1,80,1,6,1,10,0.9,60,0,1,1,0,1,0,1,100,512,1,0,1,2000,0.1,11.1685,731940,99.9726,0.000678273,0.0266788,0.0200091,0.4636,6.23254,732433,1,1,1.00865,62.4658,78,0.0156021,155486,249008,246444,116.89,0.00633055,1,0.0156021,1,0,2911436,130643,11470.3,90.2743,10.4651,40347,0.087799,116.89,3.23798,0,0,0,0,0,0,0,0,0,0,0,latest,0,440697,0,0,1,6,0,0,0,1
40,120,0,1,1,80,1,6,1,10,0.9,60,0,1,1,0,1,0,1,100,512,1,0,1,2000,0.1,11.1685,731940,86.8123,1.26484,11.9228,9.85372,1.61083,5.02681,640184,1010,1010,1.00865,59.6334,78,57.1037,199199,206965,204953,96.868,1.24561,90,57.0413,3,57.1037,2309414,136233,17273,101.369,12.1755,42161,0.12679,96.868,3.23125,0,0,0,0,0,0,0,0,0,0,0,latest,3660,1647796,0,0,3,4,0,0,0,3
41,120,0,1,1,80,1,6,1,10,0.9,60,0,1,1,0,1,0,1,100,512,1,0,1,2000,0.1,11.1685,731941,99.9321,0.00299662,0.0648923,0.041126,0.491962,6.0324,675629,5,5,1.01495,60.6688,78,0.0780106,36296,260692,259022,114.847,0.022113,2,0.0780106,5,0,3768269,96029.6,9004.19,84.5607,9.93419,30631.2,0.0937647,114.847,3.13503,0,0,0,0,0,0,0,0,0,0,0,latest,0,383070,0,0,5,0,0,0,0,4
42,120,0,1,1,80,1,6,1,10,0.9,60,0,1,1,0,1,0,1,100,512,1,0,1,2000,0.1,11.1685,731940,87.2633,1.09061,11.6461,9.58233,1.74265,5.07701,605744,523,523,1.00708,70.1841,78,57.0101,62913,224471,222796,102.501,1.40824,45,56.9321,0,57.1037,2915105,113706,11181,96.4244,11.7727,35337.9,0.0983325,102.501,3.21769,0,0,0,0,0,0,0,0,0,0,0,latest,3660,351473,0,0,0,2,0,0,0,1
43,120,0,1,1,80,1,6,1,10,0.9,60,0,1,1,0,1,0,1,100,512,1,0,1,2000,0.1,11.1685,731940,99.9673,0.00200157,0.0307299,0.00977235,0.478727,6.42938,775941,3,3,1.0118,65.2699,78,0.0468063,212172,250843,248068,117.643,0.0197802,0,0.0468063,3,0,2705902,143363,12179.2,89.8164,10.6395,43707.6,0.0849535,117.643,3.28005,0,0,0,0,0,0,0,0,0,0,0,latest,0,355494,0,0,3,5,0,0,0,3
44,120,0,1,1,80,1,6,1,10,0.9,60,0,1,1,0,1,0,1,100,512,1,0,1,2000,0.1,11.1685,731941,90.4821,1.14591,8.37198,6.28395,0.470713,5.69795,706518,641,641,1.00708,62.2895,78,57.0725,190918,228295,226270,97.6538,1.21735,95,57.0257,3,57.1037,2418559,130487,12067.3,107.816,12.1632,40581.1,0.0924788,97.6538,3.21546,0,0,0,0,0,0,0,0,0,0,0,latest,3660,689790,0,0,3,7,0,0,0,2
45,120,0,1,1,80,1,6,1,10,0.9,60,0,1,1,0,1,0,1,100,512,1,0,1,2000,0.1,11.1685,731940,99.9637,0.00250926,0.0338205,0.0112371,0.502834,6.42088,730596,4,4,1.01495,64.4705,78,0.0624084,102384,260588,258901,117.365,0.0212742,1,0.0624084,4,0,3245451,117860,10361.1,88.637,10.0777,36342.9,0.0879102,117.365,3.24301,0,0,0,0,0,0,0,0,0,0,0,latest,0,338831,0,0,4,8,0,0,0,5
46,120,0,1,1,80,1,6,1,10,0.9,60,0,1,1,0,1,0,1,100,512,1,0,1,2000,0.1,11.1685,731940,89.9771,1.04609,8.9768,7.27372,0.856242,5.47598,614737,506,506,1.01023,62.823,78,57.0413,50334,231998,230156,101.163,1.07399,80,56.9945,4,57.0881,3139251,104543,10844.5,93.5158,11.1408,32396.3,0.103732,101.163,3.22701,0,0,0,0,0,0,0,0,0,0,0,latest,3659,422057,0,0,4,0,0,0,1,4
47,120,0,1,1,80,1,6,1,10,0.9,60,0,1,1,0,1,0,1,100,512,1,0,1,2000,0.1,11.1685,731939,99.9839,0.00112513,0.0150017,0.00537562,0.507059,6.67203,822788,2,2,1.01495,70.0393,78,0.0312042,295365,244817,242037,117.667,0.00875102,1,0.0312042,2,0,2201381,176110,14370,100.246,11.6292,53716.2,0.0815969,117.667,3.27852,0,0,0,0,0,0,0,0,0,0,0,latest,0,342214,0,0,2,7,0,0,1,3
48,120,0,1,1,80,1,6,1,10,0.9,60,0,1,1,0,1,0,1,100,512,1,0,1,2000,0.1,11.1685,731940,90.3708,1.1603,8.46888,6.37118,2.95748,5.61102,716926,856,856,1.00708,61.8474,78,57.0413,240833,219172,216886,99.0192,1.35777,97,56.9633,1,57.1037,2199708,145276,16599,110.294,12.6223,45258.2,0.114258,99.0192,3.20994,0,0,0,0,0,0,0,0,0,0,0,latest,3660,907468,0,0,1,3,0,0,0,0
49,120,0,1,1,80,1,6,1,10,0.9,60,0,1,1,0,1,0,1,100,512,1,0,1,2000,0.1,11.1685,731939,99.9644,0.00201245,0.0335408,0.0144226,0.49797,6.4764,758268,3,3,1.01338,68.8371,78,0.0468063,136404,260062,258418,117.647,0.0181121,1,0.0468063,3,0,3014508,125562,10890.7,96.1783,10.4788,39234.2,0.0867358,117.647,3.20032,0,0,0,0,0,0,0,0,0,0,0,latest,0,336757,0,0,3,3,0,0,1,4
50,120,0,1,1,80,1,6,1,10,0.9,60,0,1,1,0,1,0,1,100,512,1,0,1,2000,0.1,11.1685,731940,84.0666,1.09893,14.8344,11.6821,0.465643,5.29869,655747,810,810,1.00708,62.1338,78,57.0413,151468,217351,215580,98.4139,2.40749,53,56.9945,1,57.0881,2428776,129685,12462,115.748,12.9901,40724.4,0.0960943,98.4139,3.18446,0,0,0,0,0,0,0,0,0,0,0,latest,3659,358597,0,0,1,8,0,0,0,0
51,120,0,1,1,80,1,6,1,10,0.9,60,0,1,1,0,1,0,1,100,512,1,0,1,2000,0.1,11.1685,731940,99.9818,0.00101911,0.0172117,0.00600145,0.496761,6.24173,744381,2,2,1.01023,62.6231,78,0.0312042,159755,251969,249245,115.935,0.0105308,1,0.0312042,2,0,2927318,129448,11329,91.0921,10.6736,39808.7,0.0875179,115.935,3.25175,0,0,0,0,0,0,0,0,0,0,0,latest,0,365525,0,0,2,5,0,0,0,2
52,120,0,1,1,80,1,6,1,10,0.9,60,0,1,1,0,1,0,1,100,512,1,0,1,2000,0.1,11.1685,731940,88.1453,1.12367,10.731,8.9451,0.668678,5.88185,766783,581,581,1.00865,62.3446,78,57.0881,216803,252175,249953,95.9508,1.11743,55,57.0569,3,57.1037,2829605,108133,14720.6,88.5806,12.0029,34081.1,0.136134,95.9508,3.17282,0,0,0,0,0,0,0,0,0,0,0,latest,3660,851852,0,0,3,2,0,0,0,3
53,120,0,1,1,80,1,6,1,10,0.9,60,0,1,1,0,1,0,1,100,512,1,0,1,2000,0.1,11.1685,731940,99.9902,0.000641357,0.00919279,0.00277921,0.57487,6.58278,769040,1,1,1.01023,61.9371,78,0.0156021,73164,284580,282775,117.603,0.005986,0,0.0156021,1,0,3747547,100516,9256.12,57.8453,9.69961,31538.2,0.0920859,117.603,3.18713,0,0,0,0,0,0,0,0,0,0,0,latest,0,382983,0,0,1,1,0,0,0,1
54,120,0,1,1,80,1,6,1,10,0.9,60,0,1,1,0,1,0,1,100,512,1,0,1,2000,0.1,11.1685,731939,87.8609,1.09475,11.0444,9.33019,0.566401,5.28752,677543,579,579,1.00865,70.9788,78,57.0725,153306,229683,227644,102.546,1.08311,44,57.0413,0,57.1037,2592666,126558,12471.2,73.3424,12.5628,39746.1,0.0985417,102.546,3.18417,0,0,0,0,0,0,0,0,0,0,0,latest,3660,419677,0,0,0,2,0,0,0,1
55,120,0,1,1,80,1,6,1,10,0.9,60,0,1,1,0,1,0,1,100,512,1,0,1,2000,0.1,11.1685,731940,99.9812,0.00098312,0.017819,0.00639028,0.507659,6.88086,832826,2,2,1.01023,64.3792,78,0.0312042,271363,257863,254973,117.449,0.0105685,1,0.0312042,2,0,2626179,147265,12464.4,70.6341,11.0508,44940.8,0.084639,117.449,3.27687,0,0,0,0,0,0,0,0,0,0,0,latest,0,355894,0,0,2,4,0,0,0,1
56,120,0,1,1,80,1,6,1,10,0.9,60,0,1,1,0,1,0,1,100,512,1,0,1,2000,0.1,11.1685,731940,88.6024,1.06117,10.3364,7.27181,0.524773,5.55503,679432,727,727,1.00708,63.1282,78,57.0725,114131,239137,237169,96.1581,1.09243,47,57.0413,1,57.1037,2844560,108237,11431.8,74.7646,11.603,33981.6,0.105619,96.1581,3.18515,0,0,0,0,0,0,0,0,0,0,0,latest,3660,541459,0,0,1,5,0,0,0,1
57,120,0,1,1,80,1,6,1,10,0.9,60,0,1,1,0,1,0,1,100,512,1,0,1,2000,0.1,11.1685,731939,99.9872,0.00087515,0.0119239,0.00503211,0.477285,6.46594,763047,2,2,1.0118,68.0708,78,0.0312042,102900,274300,272491,117.637,0.00634484,0,0.0312042,2,0,3392244,111932,9971.09,66.6075,9.78822,34850.1,0.0890816,117.637,3.21182,0,0,0,0,0,0,0,0,0,0,0,latest,0,332077,0,0,2,1,0,0,0,3
58,120,0,1,1,80,1,6,1,10,0.9,60,0,1,1,0,1,0,1,100,512,1,0,1,2000,0.1,11.1685,731939,89.3808,1.97478,8.64447,6.67505,0.705203,5.82447,728313,477,477,1.00708,70.3761,78,57.0413,210241,235754,233447,101.47,1.30938,84,56.9945,2,57.0881,2496751,129980,12008.1,81.7716,12.1556,40851.9,0.0923842,101.47,3.18173,0,0,0,0,0,0,0,0,0,0,0,latest,3659,392744,0,0,2,11,0,0,0,2
59,120,0,1,1,80,1,6,1,10,0.9,60,0,1,1,0,1,0,1,100,512,1,0,1,2000,0.1,11.1685,731940,99.9818,0.00106809,0.0170895,0.00593384,0.484202,6.70524,805497,2,2,1.00865,61.86,78,0.0312042,220311,259796,256823,117.741,0.0105622,1,0.0312042,2,0,2836744,137541,11804.2,69.4694,10.5063,41721.3,0.0858229,117.741,3.29668,0,0,0,0,0,0,0,0,0,0,0,latest,0,351873,0,0,2,3,0,0,0,1
0,120,0,1,1,80,1,6,1,10,0.9,60,0,0,1,0,1,0,1,100,512,1,0,1,2000,0.1,11.1685,731938,8.67967,7.7984,83.5219,63.0574,0.986293,0.132381,8897329,669303,669303,1.00393,94.4485,78,10453.5,65303168,737466,730097,1.51207,13.3942,318,10453.6,731938,15.2589,1,142514,135503,12450,1926,611807,0.950805,1.51207,0.232939,0,0,0,0,0,0,0,0,0,0,0,latest,979,0,17920,14870,0,0,0,0,0,0
1,120,0,1,1,80,1,6,1,10,0.9,60,0,0,1,0,1,0,1,100,512,1,0,1,2000,0.1,11.1685,731938,6.44139,19.2775,74.2811,60.4834,0.154807,0.477906,87587,3928,3927,0.546027,69.4917,79,438.887,44552,24478,24137,67.6374,8.94218,361,438.887,0,443.35,289524,424850,94987,413.445,66.3965,234432,0.223578,67.6374,1.81225,0,0,0,0,0,0,0,0,0,0,0,latest,28415,858560,0,0,0,0,0,0,0,0
2,120,0,1,1,80,1,6,1,10,0.9,60,0,0,1,0,1,0,1,100,512,1,0,1,2000,0.1,11.1685,731938,50.2074,7.88065,41.9119,36.6056,1.32303,3.21958,448486,5288,5289,0.948859,68.9567,79,130.418,176366,134507,133705,53.484,3.15195,232,130.418,0,126.533,1322817,73690.7,24060.6,187.538,18.6167,40651.3,0.326508,53.484,1.81275,0,0,0,0,0,0,0,0,0,0,0,latest,8110,1037408,0,0,0,0,0,0,0,0
3,120,0,1,1,80,1,6,1,10,0.9,60,0,0,1,0,1,0,1,100,512,1,0,1,2000,0.1,11.1685,731938,81.1176,1.44827,17.4342,15.2231,0.827397,5.8319,708633,804,804,1.00708,73.1991,78,57.1505,407326,189112,186933,94.9172,1.36648,30,57.1505,0,56.6045,1505073,117069,13606.3,138.25,15.0925,63463.8,0.116224,94.9172,1.84466,0,0,0,0,0,0,0,0,0,0,0,latest,3628,484746,0,0,0,0,0,0,0,0
4,120,0,1,1,80,1,6,1,10,0.9,60,0,0,1,0,1,0,1,100,512,1,0,1,2000,0.1,11.1685,731938,96.2912,0.534167,3.17465,2.28647,0.621446,7.06852,817847,179,179,0.276947,67.4618,79,22.8415,497750,214308,211691,116.231,0.572911,10,22.7791,0,29.644,1713416,141427,12927.4,115.277,12.8472,68132.3,0.0914069,116.231,2.07577,0,0,0,0,0,0,0,0,0,0,0,latest,1903,331235,0,0,0,0,0,0,0,0
5,120,0,1,1,80,1,6,1,10,0.9,60,0,0,1,0,1,0,1,100,512,1,0,1,2000,0.1,11.1685,731938,91.1704,0.673293,8.15633,7.02274,0.519779,5.94405,739847,527,527,1.00708,69.4209,78,34.1374,257958,222036,220507,94.3301,0.706765,19,33.9814,0,27.3349,2052682,119376,11348.6,130.685,13.65,46194.2,0.0950656,94.3301,2.58423,0,0,0,0,0,0,0,0,0,0,0,latest,1749,369713,0,0,0,0,0,0,0,0
6,120,0,1,1,80,1,6,1,10,0.9,60,0,0,1,0,1,0,1,100,512,1,0,1,2000,0.1,11.1685,731938,94.158,0.771501,5.07052,3.69077,0.427779,6.41893,814539,272,271,0.275374,61.9827,79,35.526,304309,238545,236942,115.086,0.873918,74,35.3076,0,42.6562,2188858,165190,13809,112.664,12.2883,52805.1,0.0835946,115.086,3.12829,0,0,0,0,0,0,0,0,0,0,0,latest,2737,308051,0,0,0,0,0,0,0,0
7,120,0,1,1,80,1,6,1,10,0.9,60,0,0,1,0,1,0,1,100,512,1,0,1,2000,0.1,11.1685,731938,93.5649,0.450466,5.98464,5.18679,0.460985,6.09738,795531,502,503,1.00708,70.1998,78,21.5465,291607,234090,231581,104.818,0.502072,10,21.4841,0,14.4164,2083177,160047,13752.5,112.745,12.8562,50570.6,0.0859275,104.818,3.16483,0,0,0,0,0,0,0,0,0,0,0,latest,921,427187,0,0,0,0,0,0,0,0
8,120,0,1,1,80,1,6,1,10,0.9,60,0,0,1,0,1,0,1,100,512,1,0,1,2000,0.1,11.1685,731938,91.601,0.986041,7.41298,5.92606,0.429436,6.12518,793359,338,337,0.6845,61.1314,79,43.7639,311892,228657,226191,114.025,0.90189,29,43.5455,0,46.8063,2061096,183470,15373.9,105.629,12.4292,55570.5,0.083795,114.025,3.30158,0,0,0,0,0,0,0,0,0,0,0,latest,3000,320174,0,0,0,0,0,0,0,0
9,120,0,1,1,80,1,6,1,10,0.9,60,0,0,1,0,1,0,1,100,512,1,0,1,2000,0.1,11.1685,731938,96.1624,0.294652,3.54294,2.95834,0.56471,6.3044,803141,409,410,1.00708,68.5193,78,13.2774,245950,247366,245767,103.01,0.374585,40,12.8717,0,10.235,2318179,141042,13243.5,115.228,12.029,44658.9,0.0938978,103.01,3.1582,0,0,0,0,0,0,0,0,0,0,0,latest,656,380443,0,0,0,0,0,0,0,0
10,120,0,1,1,80,1,6,1,10,0.9,60,0,0,1,0,1,0,1,100,512,1,0,1,2000,0.1,11.1685,731938,90.2313,1.04692,8.72176,7.0584,0.4424,6.04051,755666,473,473,0.937844,57.4162,79,51.1437,240121,230397,228867,111.903,1.0356,40,49.0686,0,51.7522,2252991,161396,13743.9,111.06,12.1501,49829.2,0.0851565,111.903,3.23899,0,0,0,0,0,0,0,0,0,0,0,latest,3317,345202,0,0,0,0,0,0,0,0
11,120,0,1,1,80,1,6,1,10,0.9,60,0,0,1,0,1,0,1,100,512,1,0,1,2000,0.1,11.1685,731938,95.5368,0.19178,4.27144,3.99699,1.47372,6.12995,789905,322,322,1.00708,70.4815,78,5.83519,289118,232847,230250,103.491,0.170744,0,5.74158,0,5.22671,2057827,154997,14860.8,111.626,12.5659,50543.9,0.0958779,103.491,3.06659,0,0,0,0,0,0,0,0,0,0,0,latest,335,554242,0,0,0,0,0,0,0,0
12,120,0,1,1,80,1,6,1,10,0.9,60,0,0,1,0,1,0,1,100,512,1,0,1,2000,0.1,11.1685,731938,87.3193,1.90655,10.7742,7.5467,0.408116,5.85969,744971,427,427,1.00708,58.4626,78,52.3295,280247,217327,214961,112.383,1.70347,53,50.4572,0,52.2983,2010375,185236,15771.9,108.122,12.8059,56150.7,0.085145,112.383,3.2989,0,0,0,0,0,0,0,0,0,0,0,latest,3352,331478,0,0,0,0,0,0,0,0
13,120,0,1,1,80,1,6,1,10,0.9,60,0,0,1,0,1,0,1,100,512,1,0,1,2000,0.1,11.1685,731938,97.0819,0.117523,2.80054,2.58926,0.538494,6.27019,798543,297,297,1.00708,68.9866,78,4.69624,256932,244113,242501,107.205,0.133532,0,4.58702,0,4.72744,2256365,152026,15041.9,116.106,12.1205,47755,0.0989431,107.205,3.18345,0,0,0,0,0,0,0,0,0,0,0,latest,303,428159,0,0,0,0,0,0,0,0
14,120,0,1,1,80,1,6,1,10,0.9,60,0,0,1,0,1,0,1,100,512,1,0,1,2000,0.1,11.1685,731938,86.0765,1.06745,12.856,9.41842,0.431427,5.7409,740425,721,721,1.00708,60.9457,78,51.0033,244318,223284,221809,111.235,1.02045,48,49.2403,0,50.9565,2131897,173488,17649.6,113.994,12.4319,52424.2,0.101734,111.235,3.30931,0,0,0,0,0,0,0,0,0,0,0,latest,3266,647724,0,0,0,0,0,0,0,0
15,120,0,1,1,80,1,6,1,10,0.9,60,0,0,1,0,1,0,1,100,512,1,0,1,2000,0.1,11.1685,731938,97.0206,0.144953,2.83448,2.55172,0.563543,5.53781,731473,377,377,1.00708,71.1613,78,6.05362,302770,212809,210333,100.229,0.181192,0,5.86639,0,6.10043,1838072,167277,18629.6,124.709,13.5059,54813.1,0.111369,100.229,3.05177,0,0,0,0,0,0,0,0,0,0,0,latest,391,696272,0,0,0,0,0,0,0,0
16,120,0,1,1,80,1,6,1,10,0.9,60,0,0,1,0,1,0,1,100,512,1,0,1,2000,0.1,11.1685,731938,87.7732,1.27412,10.9527,8.97096,0.440532,5.93383,757450,802,802,1.00708,62.3698,78,56.9789,326449,217033,214734,108.205,1.26996,67,54.467,0,56.9789,1978189,173510,14643.3,118.882,13.0685,54907.4,0.0843943,108.205,3.16005,0,0,0,0,0,0,0,0,0,0,0,latest,3652,339772,0,0,0,0,0,0,0,0
17,120,0,1,1,80,1,6,1,10,0.9,60,0,0,1,0,1,0,1,100,512,1,0,1,2000,0.1,11.1685,731938,99.9887,0.000890283,0.010429,0.00699508,0.463965,6.87286,864809,4,4,1.00708,69.9481,78,0.0624084,330706,251045,249329,105.671,0.00267085,0,0.0468063,0,0.0624084,2183602,146845,12620.7,121.128,12.6664,48642.2,0.0859455,105.671,3.01888,0,0,0,0,0,0,0,0,0,0,0,latest,4,405511,0,0,0,0,0,0,0,0
18,120,0,1,1,80,1,6,1,10,0.9,60,0,0,1,0,1,0,1,100,512,1,0,1,2000,0.1,11.1685,731938,86.1946,1.1532,12.6522,10.8011,0.429266,5.71109,738081,733,733,1.00708,64.2801,78,56.9945,245944,222053,220490,108.699,1.13734,42,54.7946,0,56.9945,2106590,165672,15442.2,119.15,13.1161,51790.2,0.0932091,108.699,3.19891,0,0,0,0,0,0,0,0,0,0,0,latest,3653,396289,0,0,0,0,0,0,0,0
19,120,0,1,1,80,1,6,1,10,0.9,60,0,0,1,0,1,0,1,100,512,1,0,1,2000,0.1,11.1685,731938,99.9697,0.00365401,0.0266221,0.016965,0.491072,6.90151,883580,7,7,1.00708,71.4555,78,0.109215,384525,250814,247961,110.172,0.00769952,0,0.109215,0,0.109215,2119324,163797,13753.8,109.784,12.3815,52249.3,0.0839687,110.172,3.13491,0,0,0,0,0,0,0,0,0,0,0,latest,7,360704,0,0,0,0,0,0,0,0
20,120,0,1,1,80,1,6,1,10,0.9,60,0,0,1,0,1,0,1,100,512,1,0,1,2000,0.1,11.1685,731938,84.797,1.48283,13.7202,11.5475,0.400679,5.98717,771686,711,711,1.00708,64.664,78,57.0881,345462,219789,217456,105.979,1.37074,88,55.5435,0,57.0881,1977456,172696,15339.3,116.968,13.6363,53780.1,0.0888227,105.979,3.21115,0,0,0,0,0,0,0,0,0,0,0,latest,3659,476331,0,0,0,0,0,0,0,0
21,120,0,1,1,80,1,6,1,10,0.9,60,0,0,1,0,1,0,1,100,512,1,0,1,2000,0.1,11.1685,731938,99.9953,0.000362265,0.00434718,0.0024151,0.490748,6.40568,808568,1,1,1.00708,68.6829,78,0.0156021,240739,248949,247247,112.302,0.00169057,0,0.0156021,0,0.0156021,2368383,151700,12655.6,113.229,11.7287,47659.3,0.0834249,112.302,3.18302,0,0,0,0,0,0,0,0,0,0,0,latest,1,327599,0,0,0,0,0,0,0,0
22,120,0,1,1,80,1,6,1,10,0.9,60,0,0,1,0,1,0,1,100,512,1,0,1,2000,0.1,11.1685,731938,88.3353,1.20839,10.4563,8.54113,0.447113,5.94195,756122,699,699,1.00708,67.6994,78,57.0881,237269,232739,231068,105.093,1.20886,34,56.5577,0,57.0881,2234005,152963,13994.1,118.603,12.6196,47202.9,0.0914869,105.093,3.24054,0,0,0,0,0,0,0,0,0,0,0,latest,3659,379998,0,0,0,0,0,0,0,0
23,120,0,1,1,80,1,6,1,10,0.9,60,0,0,1,0,1,0,1,100,512,1,0,1,2000,0.1,11.1685,731938,100,0,0,0,0.690909,6.48963,830871,0,0,1.00708,68.8245,78,0,318572,240038,237256,113.589,0,0,0,0,0,2104234,169630,14083.6,106.517,12.1659,54250.2,0.0830253,113.589,3.12681,0,0,0,0,0,0,0,0,0,0,0,latest,0,350279,0,0,0,0,0,0,0,0
24,120,0,1,1,80,1,6,1,10,0.9,60,0,0,1,0,1,0,1,100,512,1,0,1,2000,0.1,11.1685,731938,86.8131,1.21588,11.971,9.88606,0.503184,5.67539,744058,681,681,1.00708,67.1031,78,57.0881,277009,220983,218622,103.557,1.32387,82,57.0413,0,57.0725,2065261,165124,14301.2,115.573,13.125,50361.6,0.0866091,103.557,3.27876,0,0,0,0,0,0,0,0,0,0,0,latest,3658,430756,0,0,0,0,0,0,0,0
25,120,0,1,1,80,1,6,1,10,0.9,60,0,0,1,0,1,0,1,100,512,1,0,1,2000,0.1,11.1685,731938,100,0,0,0,0.484722,6.5467,827253,0,0,1.00708,68.7537,78,0,269947,249192,247480,111.296,0,0,0,0,0.0156021,2310899,151445,12711.9,111.413,11.9014,48405.3,0.0839373,111.296,3.12868,0,0,0,0,0,0,0,0,0,0,0,latest,1,328648,0,0,0,0,0,0,0,0
26,120,0,1,1,80,1,6,1,10,0.9,60,0,0,1,0,1,0,1,100,512,1,0,1,2000,0.1,11.1685,731938,87.7056,1.42544,10.869,9.04624,0.445371,5.77544,736017,646,646,1.00708,68.3367,78,57.0725,215110,227323,225737,102.483,1.13788,37,56.9789,0,57.0725,2189118,151553,13482.5,118.289,12.9449,46992.9,0.0889625,102.483,3.22502,0,0,0,0,0,0,0,0,0,0,0,latest,3658,338018,0,0,0,0,0,0,0,0
27,120,0,1,1,80,1,6,1,10,0.9,60,0,0,1,0,1,0,1,100,512,1,0,1,2000,0.1,11.1685,731938,99.9907,0.000523556,0.00876956,0.00366489,0.498164,6.68058,857939,1,1,1.00708,70.8482,78,0.0156021,372619,241020,238168,114.178,0.004712,0,0.0156021,0,0.0156021,2048398,175769,14491.1,113.126,12.4396,56024.7,0.082444,114.178,3.13735,0,0,0,0,0,0,0,0,0,0,0,latest,1,342119,0,0,0,0,0,0,0,0
28,120,0,1,1,80,1,6,1,10,0.9,60,0,0,1,0,1,0,1,100,512,1,0,1,2000,0.1,11.1685,731938,84.4996,1.92781,13.5726,11.2656,0.407668,5.62977,750079,964,964,1.00708,67.1802,78,57.1037,328841,214965,212653,103.057,1.45434,79,57.0569,0,57.1037,1901177,174169,15533.4,125.795,14.2405,54450.1,0.0891859,103.057,3.19868,0,0,0,0,0,0,0,0,0,0,0,latest,3660,479570,0,0,0,0,0,0,0,0
29,120,0,1,1,80,1,6,1,10,0.9,60,0,0,1,0,1,0,1,100,512,1,0,1,2000,0.1,11.1685,731938,100,0,0,0,0.467595,6.48028,816200,0,0,1.00708,69.24,78,0,273407,245335,243756,115.563,0,0,0,0,0,2268967,164521,13442,114.054,11.8983,51190.7,0.081704,115.563,3.21388,0,0,0,0,0,0,0,0,0,0,0,latest,0,323360,0,0,0,0,0,0,0,0
30,120,0,1,1,80,1,6,1,10,0.9,60,0,0,1,0,1,0,1,100,512,1,0,1,2000,0.1,11.1685,731938,81.2194,2.53981,16.2408,14.3247,1.38451,4.92752,663720,964,964,1.00708,67.1802,78,57.0101,217510,199996,198607,100.786,1.20428,20,56.9321,0,57.0101,1871770,175985,23901.5,125.293,13.5851,54094.1,0.135816,100.786,3.2533,0,0,0,0,0,0,0,0,0,0,0,latest,3654,1018966,0,0,0,0,0,0,0,0
31,120,0,1,1,80,1,6,1,10,0.9,60,0,0,1,0,1,0,1,100,512,1,0,1,2000,0.1,11.1685,731938,99.9041,0.00213175,0.093797,0.084643,0.49281,6.3165,809905,6,6,1.00708,70.1605,78,0.0936127,307523,236893,234144,111.489,0.00727303,0,0.0936127,0,0.0936127,2103826,166202,14320.9,111.205,12.3235,53275.6,0.0861659,111.489,3.11966,0,0,0,0,0,0,0,0,0,0,0,latest,6,385024,0,0,0,0,0,0,0,0
32,120,0,1,1,80,1,6,1,10,0.9,60,0,0,1,0,1,0,1,100,512,1,0,1,2000,0.1,11.1685,731938,88.9739,2.49275,8.53338,6.44964,0.424573,5.99299,764914,598,598,1.00708,67.509,78,57.1037,270132,228655,226328,97.8102,1.23508,61,57.0101,0,57.1037,2140788,149607,13356.7,120.453,13.1004,45919.9,0.0892787,97.8102,3.25799,0,0,0,0,0,0,0,0,0,0,0,latest,3660,425099,0,0,0,0,0,0,0,0
33,120,0,1,1,80,1,6,1,10,0.9,60,0,0,1,0,1,0,1,100,512,1,0,1,2000,0.1,11.1685,731938,100,0,0,0,0.747797,6.50709,798333,0,0,1.00708,68.7034,78,0,235619,246127,244449,116.453,0,0,0,0,0,2368020,156715,12931,105.95,11.4029,49425.6,0.082513,116.453,3.17072,0,0,0,0,0,0,0,0,0,0,0,latest,0,324917,0,0,0,0,0,0,0,0
34,120,0,1,1,80,1,6,1,10,0.9,60,0,0,1,0,1,0,1,100,512,1,0,1,2000,0.1,11.1685,731938,84.8233,1.14228,14.0344,12.1869,0.789677,5.4074,708137,486,486,1.00708,68.0488,78,57.0881,207110,219245,217572,101.631,1.12604,28,57.0413,0,57.0881,2129676,156033,17301.2,118.012,13.1435,47946.7,0.110881,101.631,3.25431,0,0,0,0,0,0,0,0,0,0,0,latest,3659,415119,0,0,0,0,0,0,0,0
35,120,0,1,1,80,1,6,1,10,0.9,60,0,0,1,0,1,0,1,100,512,1,0,1,2000,0.1,11.1685,731938,100,0,0,0,0.477867,6.75263,837386,0,0,1.00708,70.1227,78,0,329249,242235,239357,116.601,0,0,0,0,0,2115257,178557,14506.8,105.742,11.9867,55407.8,0.0812444,116.601,3.2226,0,0,0,0,0,0,0,0,0,0,0,latest,0,335139,0,0,0,0,0,0,0,0
36,120,0,1,1,80,1,6,1,10,0.9,60,0,0,1,0,1,0,1,100,512,1,0,1,2000,0.1,11.1685,731938,86.8597,2.45962,10.6807,8.20326,0.465595,5.41687,715630,900,900,1.00708,65.5515,78,57.1037,253412,214315,212066,98.2033,1.37144,93,56.9945,0,57.1037,2016727,156468,14779.2,121.175,13.2708,48955.2,0.0944554,98.2033,3.19614,0,0,0,0,0,0,0,0,0,0,0,latest,3660,492812,0,0,0,0,0,0,0,0
37,120,0,1,1,80,1,6,1,10,0.9,60,0,0,1,0,1,0,1,100,512,1,0,1,2000,0.1,11.1685,731938,100,0,0,0,0.533108,6.72534,829144,0,0,1.00708,69.2683,78,0,287415,247851,246247,117.647,0,0,0,0,0,2273320,163077,13343.7,108.265,11.4267,52027.4,0.0818244,117.647,3.13445,0,0,0,0,0,0,0,0,0,0,0,latest,0,297746,0,0,0,0,0,0,0,0
38,120,0,1,1,80,1,6,1,10,0.9,60,0,0,1,0,1,0,1,100,512,1,0,1,2000,0.1,11.1685,731938,82.6962,2.28064,15.0232,13.0605,1.8324,5.06408,676244,1003,1003,1.00708,70.0031,78,57.0881,215581,204733,203278,99.6728,1.21801,66,57.0569,0,57.0881,1894995,167802,22442,123.09,13.6646,52854.3,0.133742,99.6728,3.1748,0,0,0,0,0,0,0,0,0,0,0,latest,3659,944643,0,0,0,0,0,0,0,0
39,120,0,1,1,80,1,6,1,10,0.9,60,0,0,1,0,1,0,1,100,512,1,0,1,2000,0.1,11.1685,731938,100,0,0,0,0.567465,6.86415,844728,0,0,1.00708,70.6011,78,0,366248,239124,236212,117.39,0,0,0,0,0,2053153,180831,14755.4,106.144,12.0858,57463.2,0.081598,117.39,3.1469,0,0,0,0,0,0,0,0,0,0,0,latest,0,335116,0,0,0,0,0,0,0,0
40,120,0,1,1,80,1,6,1,10,0.9,60,0,0,1,0,1,0,1,100,512,1,0,1,2000,0.1,11.1685,731938,88.4008,2.37368,9.22555,7.08479,0.447649,5.89362,762055,737,737,1.00708,67.7939,78,57.1037,276591,223528,221245,97.5888,1.33941,35,57.0257,0,57.1037,2030284,156963,14567.8,122.758,13.4681,48326.1,0.0928101,97.5888,3.248,0,0,0,0,0,0,0,0,0,0,0,latest,3660,386297,0,0,0,0,0,0,0,0
41,120,0,1,1,80,1,6,1,10,0.9,60,0,0,1,0,1,0,1,100,512,1,0,1,2000,0.1,11.1685,731938,100,0,0,0,0.509796,6.39292,808621,0,0,1.00708,68.3509,78,0,271433,241344,239770,117.292,0,0,0,0,0,2229305,167210,13633.3,111.034,11.9211,52884.1,0.0815342,117.292,3.16182,0,0,0,0,0,0,0,0,0,0,0,latest,0,318692,0,0,0,0,0,0,0,0
42,120,0,1,1,80,1,6,1,10,0.9,60,0,0,1,0,1,0,1,100,512,1,0,1,2000,0.1,11.1685,731938,85.8813,1.49111,12.6276,10.7118,0.553645,5.49015,722055,919,919,1.00708,70.5917,78,57.1037,243924,219584,217771,99.0171,1.17389,33,57.0101,0,57.1037,2050844,152754,13584.6,121.198,13.3743,48541.1,0.0889313,99.0171,3.14689,0,0,0,0,0,0,0,0,0,0,0,latest,3660,478366,0,0,0,0,0,0,0,0
43,120,0,1,1,80,1,6,1,10,0.9,60,0,0,1,0,1,0,1,100,512,1,0,1,2000,0.1,11.1685,731938,100,0,0,0,0.476494,6.68081,836791,0,0,1.00708,70.4548,78,0,341617,239718,236927,117.94,0,0,0,0,0,2092841,175038,14374,103.742,11.9044,56637.3,0.0821192,117.94,3.0905,0,0,0,0,0,0,0,0,0,0,0,latest,0,346335,0,0,0,0,0,0,0,0
44,120,0,1,1,80,1,6,1,10,0.9,60,0,0,1,0,1,0,1,100,512,1,0,1,2000,0.1,11.1685,731938,86.4615,1.2368,12.3016,9.82525,0.980375,4.93727,662812,474,474,1.00708,66.1668,78,57.1037,218404,201229,199132,102.712,1.20245,54,57.0569,0,57.1037,1931718,170356,15708.7,118.129,14.355,53465.4,0.092211,102.712,3.1863,0,0,0,0,0,0,0,0,0,0,0,latest,3660,421887,0,0,0,0,0,0,0,0
45,120,0,1,1,80,1,6,1,10,0.9,60,0,0,1,0,1,0,1,100,512,1,0,1,2000,0.1,11.1685,731938,100,0,0,0,0.482795,6.75691,834429,0,0,1.00708,68.7286,78,0,273801,253444,251752,117.778,0,0,0,0,0,2383298,161877,13219.5,103.807,11.3761,49684.1,0.0816638,117.778,3.25813,0,0,0,0,0,0,0,0,0,0,0,latest,0,327722,0,0,0,0,0,0,0,0
46,120,0,1,1,80,1,6,1,10,0.9,60,0,0,1,0,1,0,1,100,512,1,0,1,2000,0.1,11.1685,731938,89.5003,1.18444,9.31529,7.36618,1.10338,5.80275,743293,845,845,1.00708,70.0944,78,57.0881,239382,226217,224361,101.657,1.22724,21,57.0257,0,57.0881,2103738,155956,14671.3,116.227,13.0713,48566.1,0.0940732,101.657,3.21122,0,0,0,0,0,0,0,0,0,0,0,latest,3659,633337,0,0,0,0,0,0,0,0
47,120,0,1,1,80,1,6,1,10,0.9,60,0,0,1,0,1,0,1,100,512,1,0,1,2000,0.1,11.1685,731938,100,0,0,0,0.493229,6.4795,830784,0,0,1.00708,69.6554,78,0,326577,239871,237136,117.274,0,0,0,0,0,2125403,181675,14725.3,101.808,11.8505,55480.1,0.081053,117.274,3.2746,0,0,0,0,0,0,0,0,0,0,0,latest,0,331636,0,0,0,0,0,0,0,0
48,120,0,1,1,80,1,6,1,10,0.9,60,0,0,1,0,1,0,1,100,512,1,0,1,2000,0.1,11.1685,731938,88.8538,1.51619,9.63002,7.44686,0.45977,5.64438,742696,702,702,1.00708,69.0181,78,57.1037,256835,223856,221718,102.779,1.40664,82,56.9945,0,57.1037,2101075,158033,13784.6,117.673,13.1679,49189.6,0.0872257,102.779,3.21274,0,0,0,0,0,0,0,0,0,0,0,latest,3660,357079,0,0,0,0,0,0,0,0
49,120,0,1,1,80,1,6,1,10,0.9,60,0,0,1,0,1,0,1,100,512,1,0,1,2000,0.1,11.1685,731938,100,0,0,0,0.459426,7.11545,888918,0,0,1.00708,68.8198,78,0,334177,260787,259036,117.861,0,0,0,0,0,2345604,163573,13332.8,105.93,11.4629,50503.7,0.0815097,117.861,3.23883,0,0,0,0,0,0,0,0,0,0,0,latest,0,311086,0,0,0,0,0,0,0,0
50,120,0,1,1,80,1,6,1,10,0.9,60,0,0,1,0,1,0,1,100,512,1,0,1,2000,0.1,11.1685,731938,84.2463,1.2426,14.5111,12.5256,0.592912,5.17312,680624,997,997,1.00708,70.7333,78,57.0881,207053,210387,208745,101.053,1.22919,34,57.0413,0,57.0881,1989867,163512,15953,121.467,13.7307,51037.9,0.0975649,101.053,3.20373,0,0,0,0,0,0,0,0,0,0,0,latest,3659,601377,0,0,0,0,0,0,0,0
51,120,0,1,1,80,1,6,1,10,0.9,60,0,0,1,0,1,0,1,100,512,1,0,1,2000,0.1,11.1685,731938,100,0,0,0,0.478472,6.79209,856471,0,0,1.00708,71.1865,78,0,383848,239968,237030,117.856,0,0,0,0,0,2045799,189414,15265.8,105.144,12.179,57923.4,0.080595,117.856,3.27007,0,0,0,0,0,0,0,0,0,0,0,latest,0,342305,0,0,0,0,0,0,0,0
52,120,0,1,1,80,1,6,1,10,0.9,60,0,0,1,0,1,0,1,100,512,1,0,1,2000,0.1,11.1685,731938,87.1611,1.23321,11.6057,9.6004,0.609173,5.66918,735259,796,796,1.00708,69.989,78,57.1037,268960,216409,214354,95.68,1.20686,27,57.0413,0,57.1037,1966789,155216,14935.2,123.638,13.716,48924.2,0.0962218,95.68,3.17259,0,0,0,0,0,0,0,0,0,0,0,latest,3660,458129,0,0,0,0,0,0,0,0
53,120,0,1,1,80,1,6,1,10,0.9,60,0,0,1,0,1,0,1,100,512,1,0,1,2000,0.1,11.1685,731938,100,0,0,0,0.453207,6.72702,849489,0,0,1.00708,69.4036,78,0,315132,248850,247189,117.851,0,0,0,0,0,2238323,172252,13878.2,108.464,11.8242,52917.9,0.0805693,117.851,3.25508,0,0,0,0,0,0,0,0,0,0,0,latest,0,324832,0,0,0,0,0,0,0,0
54,120,0,1,1,80,1,6,1,10,0.9,60,0,0,1,0,1,0,1,100,512,1,0,1,2000,0.1,11.1685,731938,87.1325,1.68155,11.1859,9.02188,0.434867,5.5439,734340,710,710,1.00708,70.0865,78,57.1037,246851,221725,219764,98.5586,1.20528,1851,57.0569,0,57.1037,2075152,152549,13508.1,122.103,13.4644,47738.1,0.0885493,98.5586,3.19555,0,0,0,0,0,0,0,0,0,0,0,latest,3660,392944,0,0,0,0,0,0,0,0
55,120,0,1,1,80,1,6,1,10,0.9,60,0,0,1,0,1,0,1,100,512,1,0,1,2000,0.1,11.1685,731938,100,0,0,0,0.461013,6.73665,852652,0,0,1.00708,70.1495,78,0,339130,243689,240868,118.045,0,0,0,0,0,2133241,178454,14511.7,104.955,11.9413,55638.9,0.0813187,118.045,3.20737,0,0,0,0,0,0,0,0,0,0,0,latest,0,335095,0,0,0,0,0,0,0,0
56,120,0,1,1,80,1,6,1,10,0.9,60,0,0,1,0,1,0,1,100,512,1,0,1,2000,0.1,11.1685,731938,85.6626,1.20732,13.1301,11.1133,0.493844,5.50159,730124,823,823,1.00708,68.5287,78,57.1037,255854,220640,218596,98.1086,1.21414,40,57.0257,0,57.1037,2085280,150097,14643.7,121.386,13.4543,47292,0.0975615,98.1086,3.17385,0,0,0,0,0,0,0,0,0,0,0,latest,3660,472884,0,0,0,0,0,0,0,0
57,120,0,1,1,80,1,6,1,10,0.9,60,0,0,1,0,1,0,1,100,512,1,0,1,2000,0.1,11.1685,731938,100,0,0,0,0.460206,6.55961,828303,0,0,1.00708,69.2809,78,0,253313,250963,249272,117.179,0,0,0,0,0,2368978,160418,13109.5,105.352,11.2525,49714.3,0.0817208,117.179,3.2268,0,0,0,0,0,0,0,0,0,0,0,latest,0,315440,0,0,0,0,0,0,0,0
58,120,0,1,1,80,1,6,1,10,0.9,60,0,0,1,0,1,0,1,100,512,1,0,1,2000,0.1,11.1685,731938,87.099,2.33064,10.5704,8.64467,0.449644,5.88951,715901,817,817,1.00708,70.4784,78,57.0881,213020,220265,218257,97.1003,1.21345,30,57.0101,0,57.0881,2106387,146084,13316.7,122.446,13.3912,46344,0.0911576,97.1003,3.15216,0,0,0,0,0,0,0,0,0,0,0,latest,3659,387344,0,0,0,0,0,0,0,0
59,120,0,1,1,80,1,6,1,10,0.9,60,0,0,1,0,1,0,1,100,512,1,0,1,2000,0.1,11.1685,731938,100,0,0,0,0.507353,6.73074,847068,0,0,1.00708,70.417,78,0,357878,241592,238736,117.899,0,0,0,0,0,2096084,180941,14729.5,106.422,12.0114,56556.6,0.0814047,117.899,3.19929,0,0,0,0,0,0,0,0,0,0,0,latest,0,345060,0,0,0,0,0,0,0,0
