t,c_worker_threads,c_free_pct,c_cool_pct,c_pp_threads,c_partition_bits,c_dram_gib,c_target_gib,c_zipf_factor,c_fs,c_contention_management,c_backoff_strategy,c_contention_update_tracker_pct,c_restarts_threshold,tpcc_warehouse_count,tpcc_warehouse_affinity,space_usage_gib,p1_pct,p2_pct,p3_pct,poll_pct,find_parent_pct,iterate_children_pct,pc1,pc2,pc3,free_pct,cool_pct,evicted_mib,rounds,unswizzled,cpus,submit_ms,async_mb_ws,w_mib,allocate_ops,r_mib,tx,cycle,instr,L1-miss,br-miss,task,IPC,CPU,GHz,dt_id,dt_name,dt_misses_counter,dt_restarts_update_same_size,dt_restarts_structural_change,dt_restarts_read,dt_researchy_0,dt_researchy_1,dt_researchy_2
0,60,1,20,4,6,200,0,0,0,0,0,1,100,30,0,5.49692,100,0,0,0,0,0,0,0,0,97.1657,0,0,5648409,0,3.10852,0,0,0,360246,0,35,22296.5,18123.8,961.857,277.657,55105.9,0.812853,3.10852,0.404611,10,stock,0,0,7035,0,0,0,0
0,60,1,20,4,6,200,0,0,0,0,0,1,100,30,0,5.49692,100,0,0,0,0,0,0,0,0,97.1657,0,0,5648409,0,3.10852,0,0,0,360246,0,35,22296.5,18123.8,961.857,277.657,55105.9,0.812853,3.10852,0.404611,9,item,0,0,0,0,0,0,0
0,60,1,20,4,6,200,0,0,0,0,0,1,100,30,0,5.49692,100,0,0,0,0,0,0,0,0,97.1657,0,0,5648409,0,3.10852,0,0,0,360246,0,35,22296.5,18123.8,961.857,277.657,55105.9,0.812853,3.10852,0.404611,8,orderline,0,0,2233,0,0,0,0
0,60,1,20,4,6,200,0,0,0,0,0,1,100,30,0,5.49692,100,0,0,0,0,0,0,0,0,97.1657,0,0,5648409,0,3.10852,0,0,0,360246,0,35,22296.5,18123.8,961.857,277.657,55105.9,0.812853,3.10852,0.404611,7,order_wdc,0,0,200,0,0,0,0
0,60,1,20,4,6,200,0,0,0,0,0,1,100,30,0,5.49692,100,0,0,0,0,0,0,0,0,97.1657,0,0,5648409,0,3.10852,0,0,0,360246,0,35,22296.5,18123.8,961.857,277.657,55105.9,0.812853,3.10852,0.404611,6,order,0,0,289,0,0,0,0
0,60,1,20,4,6,200,0,0,0,0,0,1,100,30,0,5.49692,100,0,0,0,0,0,0,0,0,97.1657,0,0,5648409,0,3.10852,0,0,0,360246,0,35,22296.5,18123.8,961.857,277.657,55105.9,0.812853,3.10852,0.404611,5,neworder,0,0,35,0,0,0,0
0,60,1,20,4,6,200,0,0,0,0,0,1,100,30,0,5.49692,100,0,0,0,0,0,0,0,0,97.1657,0,0,5648409,0,3.10852,0,0,0,360246,0,35,22296.5,18123.8,961.857,277.657,55105.9,0.812853,3.10852,0.404611,1,district,0,1,0,0,0,0,0
0,60,1,20,4,6,200,0,0,0,0,0,1,100,30,0,5.49692,100,0,0,0,0,0,0,0,0,97.1657,0,0,5648409,0,3.10852,0,0,0,360246,0,35,22296.5,18123.8,961.857,277.657,55105.9,0.812853,3.10852,0.404611,0,warehouse,0,0,0,1,0,0,0
0,60,1,20,4,6,200,0,0,0,0,0,1,100,30,0,5.49692,100,0,0,0,0,0,0,0,0,97.1657,0,0,5648409,0,3.10852,0,0,0,360246,0,35,22296.5,18123.8,961.857,277.657,55105.9,0.812853,3.10852,0.404611,2,customer,0,0,654,0,0,0,0
0,60,1,20,4,6,200,0,0,0,0,0,1,100,30,0,5.49692,100,0,0,0,0,0,0,0,0,97.1657,0,0,5648409,0,3.10852,0,0,0,360246,0,35,22296.5,18123.8,961.857,277.657,55105.9,0.812853,3.10852,0.404611,3,customerwdl,0,0,281,0,0,0,0
0,60,1,20,4,6,200,0,0,0,0,0,1,100,30,0,5.49692,100,0,0,0,0,0,0,0,0,97.1657,0,0,5648409,0,3.10852,0,0,0,360246,0,35,22296.5,18123.8,961.857,277.657,55105.9,0.812853,3.10852,0.404611,4,history,0,0,390,0,0,0,0
1,60,1,20,4,6,200,0,0,0,0,0,1,100,30,0,7.39014,100,0,0,0,0,0,0,0,0,96.1895,0,0,3493136,0,59.8368,0,0,0,126243,0,1880268,58699.8,66701.4,858.569,354.97,31911.9,1.13631,59.8368,1.83943,10,stock,0,614,0,1675,0,0,0
1,60,1,20,4,6,200,0,0,0,0,0,1,100,30,0,7.39014,100,0,0,0,0,0,0,0,0,96.1895,0,0,3493136,0,59.8368,0,0,0,126243,0,1880268,58699.8,66701.4,858.569,354.97,31911.9,1.13631,59.8368,1.83943,9,item,0,0,0,0,0,0,0
1,60,1,20,4,6,200,0,0,0,0,0,1,100,30,0,7.39014,100,0,0,0,0,0,0,0,0,96.1895,0,0,3493136,0,59.8368,0,0,0,126243,0,1880268,58699.8,66701.4,858.569,354.97,31911.9,1.13631,59.8368,1.83943,8,orderline,0,34136,39396,112,0,0,0
1,60,1,20,4,6,200,0,0,0,0,0,1,100,30,0,7.39014,100,0,0,0,0,0,0,0,0,96.1895,0,0,3493136,0,59.8368,0,0,0,126243,0,1880268,58699.8,66701.4,858.569,354.97,31911.9,1.13631,59.8368,1.83943,7,order_wdc,0,0,193,8,0,0,0
1,60,1,20,4,6,200,0,0,0,0,0,1,100,30,0,7.39014,100,0,0,0,0,0,0,0,0,96.1895,0,0,3493136,0,59.8368,0,0,0,126243,0,1880268,58699.8,66701.4,858.569,354.97,31911.9,1.13631,59.8368,1.83943,6,order,0,271,294,471,0,0,0
1,60,1,20,4,6,200,0,0,0,0,0,1,100,30,0,7.39014,100,0,0,0,0,0,0,0,0,96.1895,0,0,3493136,0,59.8368,0,0,0,126243,0,1880268,58699.8,66701.4,858.569,354.97,31911.9,1.13631,59.8368,1.83943,5,neworder,0,0,2385,1487,0,0,0
1,60,1,20,4,6,200,0,0,0,0,0,1,100,30,0,7.39014,100,0,0,0,0,0,0,0,0,96.1895,0,0,3493136,0,59.8368,0,0,0,126243,0,1880268,58699.8,66701.4,858.569,354.97,31911.9,1.13631,59.8368,1.83943,1,district,0,286466,0,200815,0,0,0
1,60,1,20,4,6,200,0,0,0,0,0,1,100,30,0,7.39014,100,0,0,0,0,0,0,0,0,96.1895,0,0,3493136,0,59.8368,0,0,0,126243,0,1880268,58699.8,66701.4,858.569,354.97,31911.9,1.13631,59.8368,1.83943,0,warehouse,0,677302,0,648039,0,0,0
1,60,1,20,4,6,200,0,0,0,0,0,1,100,30,0,7.39014,100,0,0,0,0,0,0,0,0,96.1895,0,0,3493136,0,59.8368,0,0,0,126243,0,1880268,58699.8,66701.4,858.569,354.97,31911.9,1.13631,59.8368,1.83943,2,customer,0,27,0,26,0,0,0
1,60,1,20,4,6,200,0,0,0,0,0,1,100,30,0,7.39014,100,0,0,0,0,0,0,0,0,96.1895,0,0,3493136,0,59.8368,0,0,0,126243,0,1880268,58699.8,66701.4,858.569,354.97,31911.9,1.13631,59.8368,1.83943,3,customerwdl,0,0,0,0,0,0,0
1,60,1,20,4,6,200,0,0,0,0,0,1,100,30,0,7.39014,100,0,0,0,0,0,0,0,0,96.1895,0,0,3493136,0,59.8368,0,0,0,126243,0,1880268,58699.8,66701.4,858.569,354.97,31911.9,1.13631,59.8368,1.83943,4,history,0,0,522,0,0,0,0
2,60,1,20,4,6,200,0,0,0,0,0,1,100,30,0,9.53835,100,0,0,0,0,0,0,0,0,95.0819,0,0,3468511,0,59.9336,0,0,0,143500,0,2123099,64000,68523.8,831.938,356.759,28295.3,1.07068,59.9336,2.26186,10,stock,0,661,0,1867,0,0,0
2,60,1,20,4,6,200,0,0,0,0,0,1,100,30,0,9.53835,100,0,0,0,0,0,0,0,0,95.0819,0,0,3468511,0,59.9336,0,0,0,143500,0,2123099,64000,68523.8,831.938,356.759,28295.3,1.07068,59.9336,2.26186,9,item,0,0,0,0,0,0,0
2,60,1,20,4,6,200,0,0,0,0,0,1,100,30,0,9.53835,100,0,0,0,0,0,0,0,0,95.0819,0,0,3468511,0,59.9336,0,0,0,143500,0,2123099,64000,68523.8,831.938,356.759,28295.3,1.07068,59.9336,2.26186,8,orderline,0,36264,43519,120,0,0,0
2,60,1,20,4,6,200,0,0,0,0,0,1,100,30,0,9.53835,100,0,0,0,0,0,0,0,0,95.0819,0,0,3468511,0,59.9336,0,0,0,143500,0,2123099,64000,68523.8,831.938,356.759,28295.3,1.07068,59.9336,2.26186,7,order_wdc,0,0,140,10,0,0,0
2,60,1,20,4,6,200,0,0,0,0,0,1,100,30,0,9.53835,100,0,0,0,0,0,0,0,0,95.0819,0,0,3468511,0,59.9336,0,0,0,143500,0,2123099,64000,68523.8,831.938,356.759,28295.3,1.07068,59.9336,2.26186,6,order,0,280,210,514,0,0,0
2,60,1,20,4,6,200,0,0,0,0,0,1,100,30,0,9.53835,100,0,0,0,0,0,0,0,0,95.0819,0,0,3468511,0,59.9336,0,0,0,143500,0,2123099,64000,68523.8,831.938,356.759,28295.3,1.07068,59.9336,2.26186,5,neworder,0,0,2324,1235,0,0,0
2,60,1,20,4,6,200,0,0,0,0,0,1,100,30,0,9.53835,100,0,0,0,0,0,0,0,0,95.0819,0,0,3468511,0,59.9336,0,0,0,143500,0,2123099,64000,68523.8,831.938,356.759,28295.3,1.07068,59.9336,2.26186,1,district,0,317822,0,216634,0,0,0
2,60,1,20,4,6,200,0,0,0,0,0,1,100,30,0,9.53835,100,0,0,0,0,0,0,0,0,95.0819,0,0,3468511,0,59.9336,0,0,0,143500,0,2123099,64000,68523.8,831.938,356.759,28295.3,1.07068,59.9336,2.26186,0,warehouse,0,1146493,0,861290,0,0,0
2,60,1,20,4,6,200,0,0,0,0,0,1,100,30,0,9.53835,100,0,0,0,0,0,0,0,0,95.0819,0,0,3468511,0,59.9336,0,0,0,143500,0,2123099,64000,68523.8,831.938,356.759,28295.3,1.07068,59.9336,2.26186,2,customer,0,38,0,42,0,0,0
2,60,1,20,4,6,200,0,0,0,0,0,1,100,30,0,9.53835,100,0,0,0,0,0,0,0,0,95.0819,0,0,3468511,0,59.9336,0,0,0,143500,0,2123099,64000,68523.8,831.938,356.759,28295.3,1.07068,59.9336,2.26186,3,customerwdl,0,0,0,0,0,0,0
2,60,1,20,4,6,200,0,0,0,0,0,1,100,30,0,9.53835,100,0,0,0,0,0,0,0,0,95.0819,0,0,3468511,0,59.9336,0,0,0,143500,0,2123099,64000,68523.8,831.938,356.759,28295.3,1.07068,59.9336,2.26186,4,history,0,0,25,0,0,0,0
3,60,1,20,4,6,200,0,0,0,0,0,1,100,30,0,11.7926,100,0,0,0,0,0,0,0,0,93.9195,0,0,3275653,0,59.9383,0,0,0,150584,0,2227172,80615.9,69916.1,800.462,363.17,26972.9,0.867274,59.9383,2.98878,10,stock,0,684,0,1937,0,0,0
3,60,1,20,4,6,200,0,0,0,0,0,1,100,30,0,11.7926,100,0,0,0,0,0,0,0,0,93.9195,0,0,3275653,0,59.9383,0,0,0,150584,0,2227172,80615.9,69916.1,800.462,363.17,26972.9,0.867274,59.9383,2.98878,9,item,0,0,0,0,0,0,0
3,60,1,20,4,6,200,0,0,0,0,0,1,100,30,0,11.7926,100,0,0,0,0,0,0,0,0,93.9195,0,0,3275653,0,59.9383,0,0,0,150584,0,2227172,80615.9,69916.1,800.462,363.17,26972.9,0.867274,59.9383,2.98878,8,orderline,0,36625,44359,116,0,0,0
3,60,1,20,4,6,200,0,0,0,0,0,1,100,30,0,11.7926,100,0,0,0,0,0,0,0,0,93.9195,0,0,3275653,0,59.9383,0,0,0,150584,0,2227172,80615.9,69916.1,800.462,363.17,26972.9,0.867274,59.9383,2.98878,7,order_wdc,0,0,93,8,0,0,0
3,60,1,20,4,6,200,0,0,0,0,0,1,100,30,0,11.7926,100,0,0,0,0,0,0,0,0,93.9195,0,0,3275653,0,59.9383,0,0,0,150584,0,2227172,80615.9,69916.1,800.462,363.17,26972.9,0.867274,59.9383,2.98878,6,order,0,296,181,509,0,0,0
3,60,1,20,4,6,200,0,0,0,0,0,1,100,30,0,11.7926,100,0,0,0,0,0,0,0,0,93.9195,0,0,3275653,0,59.9383,0,0,0,150584,0,2227172,80615.9,69916.1,800.462,363.17,26972.9,0.867274,59.9383,2.98878,5,neworder,0,0,1943,972,0,0,0
3,60,1,20,4,6,200,0,0,0,0,0,1,100,30,0,11.7926,100,0,0,0,0,0,0,0,0,93.9195,0,0,3275653,0,59.9383,0,0,0,150584,0,2227172,80615.9,69916.1,800.462,363.17,26972.9,0.867274,59.9383,2.98878,1,district,0,295460,0,198653,0,0,0
3,60,1,20,4,6,200,0,0,0,0,0,1,100,30,0,11.7926,100,0,0,0,0,0,0,0,0,93.9195,0,0,3275653,0,59.9383,0,0,0,150584,0,2227172,80615.9,69916.1,800.462,363.17,26972.9,0.867274,59.9383,2.98878,0,warehouse,0,2914143,0,1487923,0,0,0
3,60,1,20,4,6,200,0,0,0,0,0,1,100,30,0,11.7926,100,0,0,0,0,0,0,0,0,93.9195,0,0,3275653,0,59.9383,0,0,0,150584,0,2227172,80615.9,69916.1,800.462,363.17,26972.9,0.867274,59.9383,2.98878,2,customer,0,64,0,44,0,0,0
3,60,1,20,4,6,200,0,0,0,0,0,1,100,30,0,11.7926,100,0,0,0,0,0,0,0,0,93.9195,0,0,3275653,0,59.9383,0,0,0,150584,0,2227172,80615.9,69916.1,800.462,363.17,26972.9,0.867274,59.9383,2.98878,3,customerwdl,0,0,0,0,0,0,0
3,60,1,20,4,6,200,0,0,0,0,0,1,100,30,0,11.7926,100,0,0,0,0,0,0,0,0,93.9195,0,0,3275653,0,59.9383,0,0,0,150584,0,2227172,80615.9,69916.1,800.462,363.17,26972.9,0.867274,59.9383,2.98878,4,history,0,0,12,0,0,0,0
4,60,1,20,4,6,200,0,0,0,0,0,1,100,30,0,14.0385,100,0,0,0,0,0,0,0,0,92.7615,0,0,3228199,0,59.9401,0,0,0,150050,0,2215510,83103.7,70363.1,802.032,365.68,27113.1,0.84669,59.9401,3.06507,10,stock,0,664,0,1879,0,0,0
4,60,1,20,4,6,200,0,0,0,0,0,1,100,30,0,14.0385,100,0,0,0,0,0,0,0,0,92.7615,0,0,3228199,0,59.9401,0,0,0,150050,0,2215510,83103.7,70363.1,802.032,365.68,27113.1,0.84669,59.9401,3.06507,9,item,0,0,0,0,0,0,0
4,60,1,20,4,6,200,0,0,0,0,0,1,100,30,0,14.0385,100,0,0,0,0,0,0,0,0,92.7615,0,0,3228199,0,59.9401,0,0,0,150050,0,2215510,83103.7,70363.1,802.032,365.68,27113.1,0.84669,59.9401,3.06507,8,orderline,0,34769,43231,128,0,0,0
4,60,1,20,4,6,200,0,0,0,0,0,1,100,30,0,14.0385,100,0,0,0,0,0,0,0,0,92.7615,0,0,3228199,0,59.9401,0,0,0,150050,0,2215510,83103.7,70363.1,802.032,365.68,27113.1,0.84669,59.9401,3.06507,7,order_wdc,0,0,57,5,0,0,0
4,60,1,20,4,6,200,0,0,0,0,0,1,100,30,0,14.0385,100,0,0,0,0,0,0,0,0,92.7615,0,0,3228199,0,59.9401,0,0,0,150050,0,2215510,83103.7,70363.1,802.032,365.68,27113.1,0.84669,59.9401,3.06507,6,order,0,211,168,404,0,0,0
4,60,1,20,4,6,200,0,0,0,0,0,1,100,30,0,14.0385,100,0,0,0,0,0,0,0,0,92.7615,0,0,3228199,0,59.9401,0,0,0,150050,0,2215510,83103.7,70363.1,802.032,365.68,27113.1,0.84669,59.9401,3.06507,5,neworder,0,0,1700,712,0,0,0
4,60,1,20,4,6,200,0,0,0,0,0,1,100,30,0,14.0385,100,0,0,0,0,0,0,0,0,92.7615,0,0,3228199,0,59.9401,0,0,0,150050,0,2215510,83103.7,70363.1,802.032,365.68,27113.1,0.84669,59.9401,3.06507,1,district,0,290119,0,194168,0,0,0
4,60,1,20,4,6,200,0,0,0,0,0,1,100,30,0,14.0385,100,0,0,0,0,0,0,0,0,92.7615,0,0,3228199,0,59.9401,0,0,0,150050,0,2215510,83103.7,70363.1,802.032,365.68,27113.1,0.84669,59.9401,3.06507,0,warehouse,0,3131610,0,1528589,0,0,0
4,60,1,20,4,6,200,0,0,0,0,0,1,100,30,0,14.0385,100,0,0,0,0,0,0,0,0,92.7615,0,0,3228199,0,59.9401,0,0,0,150050,0,2215510,83103.7,70363.1,802.032,365.68,27113.1,0.84669,59.9401,3.06507,2,customer,0,66,0,27,0,0,0
4,60,1,20,4,6,200,0,0,0,0,0,1,100,30,0,14.0385,100,0,0,0,0,0,0,0,0,92.7615,0,0,3228199,0,59.9401,0,0,0,150050,0,2215510,83103.7,70363.1,802.032,365.68,27113.1,0.84669,59.9401,3.06507,3,customerwdl,0,0,0,0,0,0,0
4,60,1,20,4,6,200,0,0,0,0,0,1,100,30,0,14.0385,100,0,0,0,0,0,0,0,0,92.7615,0,0,3228199,0,59.9401,0,0,0,150050,0,2215510,83103.7,70363.1,802.032,365.68,27113.1,0.84669,59.9401,3.06507,4,history,0,0,2,0,0,0,0
5,60,1,20,4,6,200,0,0,0,0,0,1,100,30,0,16.2617,100,0,0,0,0,0,0,0,0,91.6151,0,0,3222823,0,59.9408,0,0,0,148513,0,2197248,84491.8,70479.4,803.811,366.52,27336.6,0.834158,59.9408,3.09079,10,stock,0,642,0,1807,0,0,0
5,60,1,20,4,6,200,0,0,0,0,0,1,100,30,0,16.2617,100,0,0,0,0,0,0,0,0,91.6151,0,0,3222823,0,59.9408,0,0,0,148513,0,2197248,84491.8,70479.4,803.811,366.52,27336.6,0.834158,59.9408,3.09079,9,item,0,0,0,0,0,0,0
5,60,1,20,4,6,200,0,0,0,0,0,1,100,30,0,16.2617,100,0,0,0,0,0,0,0,0,91.6151,0,0,3222823,0,59.9408,0,0,0,148513,0,2197248,84491.8,70479.4,803.811,366.52,27336.6,0.834158,59.9408,3.09079,8,orderline,0,32850,42644,107,0,0,0
5,60,1,20,4,6,200,0,0,0,0,0,1,100,30,0,16.2617,100,0,0,0,0,0,0,0,0,91.6151,0,0,3222823,0,59.9408,0,0,0,148513,0,2197248,84491.8,70479.4,803.811,366.52,27336.6,0.834158,59.9408,3.09079,7,order_wdc,0,0,73,2,0,0,0
5,60,1,20,4,6,200,0,0,0,0,0,1,100,30,0,16.2617,100,0,0,0,0,0,0,0,0,91.6151,0,0,3222823,0,59.9408,0,0,0,148513,0,2197248,84491.8,70479.4,803.811,366.52,27336.6,0.834158,59.9408,3.09079,6,order,0,207,155,369,0,0,0
5,60,1,20,4,6,200,0,0,0,0,0,1,100,30,0,16.2617,100,0,0,0,0,0,0,0,0,91.6151,0,0,3222823,0,59.9408,0,0,0,148513,0,2197248,84491.8,70479.4,803.811,366.52,27336.6,0.834158,59.9408,3.09079,5,neworder,0,0,1705,651,0,0,0
5,60,1,20,4,6,200,0,0,0,0,0,1,100,30,0,16.2617,100,0,0,0,0,0,0,0,0,91.6151,0,0,3222823,0,59.9408,0,0,0,148513,0,2197248,84491.8,70479.4,803.811,366.52,27336.6,0.834158,59.9408,3.09079,1,district,0,283917,0,190781,0,0,0
5,60,1,20,4,6,200,0,0,0,0,0,1,100,30,0,16.2617,100,0,0,0,0,0,0,0,0,91.6151,0,0,3222823,0,59.9408,0,0,0,148513,0,2197248,84491.8,70479.4,803.811,366.52,27336.6,0.834158,59.9408,3.09079,0,warehouse,0,3286747,0,1547906,0,0,0
5,60,1,20,4,6,200,0,0,0,0,0,1,100,30,0,16.2617,100,0,0,0,0,0,0,0,0,91.6151,0,0,3222823,0,59.9408,0,0,0,148513,0,2197248,84491.8,70479.4,803.811,366.52,27336.6,0.834158,59.9408,3.09079,2,customer,0,49,0,30,0,0,0
5,60,1,20,4,6,200,0,0,0,0,0,1,100,30,0,16.2617,100,0,0,0,0,0,0,0,0,91.6151,0,0,3222823,0,59.9408,0,0,0,148513,0,2197248,84491.8,70479.4,803.811,366.52,27336.6,0.834158,59.9408,3.09079,3,customerwdl,0,0,0,0,0,0,0
5,60,1,20,4,6,200,0,0,0,0,0,1,100,30,0,16.2617,100,0,0,0,0,0,0,0,0,91.6151,0,0,3222823,0,59.9408,0,0,0,148513,0,2197248,84491.8,70479.4,803.811,366.52,27336.6,0.834158,59.9408,3.09079,4,history,0,0,1,0,0,0,0
6,60,1,20,4,6,200,0,0,0,0,0,1,100,30,0,18.5054,100,0,0,0,0,0,0,0,0,90.4583,0,0,3214863,0,59.9393,0,0,0,149899,0,2216420,83639.3,70662.7,803.32,367.399,27099.3,0.84485,59.9393,3.0864,10,stock,0,657,0,1898,0,0,0
6,60,1,20,4,6,200,0,0,0,0,0,1,100,30,0,18.5054,100,0,0,0,0,0,0,0,0,90.4583,0,0,3214863,0,59.9393,0,0,0,149899,0,2216420,83639.3,70662.7,803.32,367.399,27099.3,0.84485,59.9393,3.0864,9,item,0,0,0,0,0,0,0
6,60,1,20,4,6,200,0,0,0,0,0,1,100,30,0,18.5054,100,0,0,0,0,0,0,0,0,90.4583,0,0,3214863,0,59.9393,0,0,0,149899,0,2216420,83639.3,70662.7,803.32,367.399,27099.3,0.84485,59.9393,3.0864,8,orderline,0,35572,43960,125,0,0,0
6,60,1,20,4,6,200,0,0,0,0,0,1,100,30,0,18.5054,100,0,0,0,0,0,0,0,0,90.4583,0,0,3214863,0,59.9393,0,0,0,149899,0,2216420,83639.3,70662.7,803.32,367.399,27099.3,0.84485,59.9393,3.0864,7,order_wdc,0,0,42,7,0,0,0
6,60,1,20,4,6,200,0,0,0,0,0,1,100,30,0,18.5054,100,0,0,0,0,0,0,0,0,90.4583,0,0,3214863,0,59.9393,0,0,0,149899,0,2216420,83639.3,70662.7,803.32,367.399,27099.3,0.84485,59.9393,3.0864,6,order,0,242,178,425,0,0,0
6,60,1,20,4,6,200,0,0,0,0,0,1,100,30,0,18.5054,100,0,0,0,0,0,0,0,0,90.4583,0,0,3214863,0,59.9393,0,0,0,149899,0,2216420,83639.3,70662.7,803.32,367.399,27099.3,0.84485,59.9393,3.0864,5,neworder,0,0,1661,706,0,0,0
6,60,1,20,4,6,200,0,0,0,0,0,1,100,30,0,18.5054,100,0,0,0,0,0,0,0,0,90.4583,0,0,3214863,0,59.9393,0,0,0,149899,0,2216420,83639.3,70662.7,803.32,367.399,27099.3,0.84485,59.9393,3.0864,1,district,0,290346,0,194852,0,0,0
6,60,1,20,4,6,200,0,0,0,0,0,1,100,30,0,18.5054,100,0,0,0,0,0,0,0,0,90.4583,0,0,3214863,0,59.9393,0,0,0,149899,0,2216420,83639.3,70662.7,803.32,367.399,27099.3,0.84485,59.9393,3.0864,0,warehouse,0,3121637,0,1526653,0,0,0
6,60,1,20,4,6,200,0,0,0,0,0,1,100,30,0,18.5054,100,0,0,0,0,0,0,0,0,90.4583,0,0,3214863,0,59.9393,0,0,0,149899,0,2216420,83639.3,70662.7,803.32,367.399,27099.3,0.84485,59.9393,3.0864,2,customer,0,78,0,43,0,0,0
6,60,1,20,4,6,200,0,0,0,0,0,1,100,30,0,18.5054,100,0,0,0,0,0,0,0,0,90.4583,0,0,3214863,0,59.9393,0,0,0,149899,0,2216420,83639.3,70662.7,803.32,367.399,27099.3,0.84485,59.9393,3.0864,3,customerwdl,0,0,0,0,0,0,0
6,60,1,20,4,6,200,0,0,0,0,0,1,100,30,0,18.5054,100,0,0,0,0,0,0,0,0,90.4583,0,0,3214863,0,59.9393,0,0,0,149899,0,2216420,83639.3,70662.7,803.32,367.399,27099.3,0.84485,59.9393,3.0864,4,history,0,0,3,0,0,0,0
7,60,1,20,4,6,200,0,0,0,0,0,1,100,30,0,20.7543,100,0,0,0,0,0,0,0,0,89.2987,0,0,3213944,0,59.9358,0,0,0,150225,0,2216211,83622.6,70601.4,803.716,367.203,27099.8,0.844286,59.9358,3.08572,10,stock,0,646,0,1944,0,0,0
7,60,1,20,4,6,200,0,0,0,0,0,1,100,30,0,20.7543,100,0,0,0,0,0,0,0,0,89.2987,0,0,3213944,0,59.9358,0,0,0,150225,0,2216211,83622.6,70601.4,803.716,367.203,27099.8,0.844286,59.9358,3.08572,9,item,0,0,0,0,0,0,0
7,60,1,20,4,6,200,0,0,0,0,0,1,100,30,0,20.7543,100,0,0,0,0,0,0,0,0,89.2987,0,0,3213944,0,59.9358,0,0,0,150225,0,2216211,83622.6,70601.4,803.716,367.203,27099.8,0.844286,59.9358,3.08572,8,orderline,0,35446,43472,138,0,0,0
7,60,1,20,4,6,200,0,0,0,0,0,1,100,30,0,20.7543,100,0,0,0,0,0,0,0,0,89.2987,0,0,3213944,0,59.9358,0,0,0,150225,0,2216211,83622.6,70601.4,803.716,367.203,27099.8,0.844286,59.9358,3.08572,7,order_wdc,0,0,60,1,0,0,0
7,60,1,20,4,6,200,0,0,0,0,0,1,100,30,0,20.7543,100,0,0,0,0,0,0,0,0,89.2987,0,0,3213944,0,59.9358,0,0,0,150225,0,2216211,83622.6,70601.4,803.716,367.203,27099.8,0.844286,59.9358,3.08572,6,order,0,215,173,407,0,0,0
7,60,1,20,4,6,200,0,0,0,0,0,1,100,30,0,20.7543,100,0,0,0,0,0,0,0,0,89.2987,0,0,3213944,0,59.9358,0,0,0,150225,0,2216211,83622.6,70601.4,803.716,367.203,27099.8,0.844286,59.9358,3.08572,5,neworder,0,0,1572,589,0,0,0
7,60,1,20,4,6,200,0,0,0,0,0,1,100,30,0,20.7543,100,0,0,0,0,0,0,0,0,89.2987,0,0,3213944,0,59.9358,0,0,0,150225,0,2216211,83622.6,70601.4,803.716,367.203,27099.8,0.844286,59.9358,3.08572,1,district,0,290010,0,193803,0,0,0
7,60,1,20,4,6,200,0,0,0,0,0,1,100,30,0,20.7543,100,0,0,0,0,0,0,0,0,89.2987,0,0,3213944,0,59.9358,0,0,0,150225,0,2216211,83622.6,70601.4,803.716,367.203,27099.8,0.844286,59.9358,3.08572,0,warehouse,0,3119859,0,1522595,0,0,0
7,60,1,20,4,6,200,0,0,0,0,0,1,100,30,0,20.7543,100,0,0,0,0,0,0,0,0,89.2987,0,0,3213944,0,59.9358,0,0,0,150225,0,2216211,83622.6,70601.4,803.716,367.203,27099.8,0.844286,59.9358,3.08572,2,customer,0,67,0,53,0,0,0
7,60,1,20,4,6,200,0,0,0,0,0,1,100,30,0,20.7543,100,0,0,0,0,0,0,0,0,89.2987,0,0,3213944,0,59.9358,0,0,0,150225,0,2216211,83622.6,70601.4,803.716,367.203,27099.8,0.844286,59.9358,3.08572,3,customerwdl,0,0,0,0,0,0,0
7,60,1,20,4,6,200,0,0,0,0,0,1,100,30,0,20.7543,100,0,0,0,0,0,0,0,0,89.2987,0,0,3213944,0,59.9358,0,0,0,150225,0,2216211,83622.6,70601.4,803.716,367.203,27099.8,0.844286,59.9358,3.08572,4,history,0,0,0,0,0,0,0
8,60,1,20,4,6,200,0,0,0,0,0,1,100,30,0,23.0213,100,0,0,0,0,0,0,0,0,88.1297,0,0,3212299,0,59.9386,0,0,0,151414,0,2230537,83004.7,70651.6,806.773,367.54,26928.6,0.851177,59.9386,3.0824,10,stock,0,661,0,1922,0,0,0
8,60,1,20,4,6,200,0,0,0,0,0,1,100,30,0,23.0213,100,0,0,0,0,0,0,0,0,88.1297,0,0,3212299,0,59.9386,0,0,0,151414,0,2230537,83004.7,70651.6,806.773,367.54,26928.6,0.851177,59.9386,3.0824,9,item,0,0,0,0,0,0,0
8,60,1,20,4,6,200,0,0,0,0,0,1,100,30,0,23.0213,100,0,0,0,0,0,0,0,0,88.1297,0,0,3212299,0,59.9386,0,0,0,151414,0,2230537,83004.7,70651.6,806.773,367.54,26928.6,0.851177,59.9386,3.0824,8,orderline,0,32966,43788,115,0,0,0
8,60,1,20,4,6,200,0,0,0,0,0,1,100,30,0,23.0213,100,0,0,0,0,0,0,0,0,88.1297,0,0,3212299,0,59.9386,0,0,0,151414,0,2230537,83004.7,70651.6,806.773,367.54,26928.6,0.851177,59.9386,3.0824,7,order_wdc,0,0,58,2,0,0,0
8,60,1,20,4,6,200,0,0,0,0,0,1,100,30,0,23.0213,100,0,0,0,0,0,0,0,0,88.1297,0,0,3212299,0,59.9386,0,0,0,151414,0,2230537,83004.7,70651.6,806.773,367.54,26928.6,0.851177,59.9386,3.0824,6,order,0,227,164,357,0,0,0
8,60,1,20,4,6,200,0,0,0,0,0,1,100,30,0,23.0213,100,0,0,0,0,0,0,0,0,88.1297,0,0,3212299,0,59.9386,0,0,0,151414,0,2230537,83004.7,70651.6,806.773,367.54,26928.6,0.851177,59.9386,3.0824,5,neworder,0,0,1424,426,0,0,0
8,60,1,20,4,6,200,0,0,0,0,0,1,100,30,0,23.0213,100,0,0,0,0,0,0,0,0,88.1297,0,0,3212299,0,59.9386,0,0,0,151414,0,2230537,83004.7,70651.6,806.773,367.54,26928.6,0.851177,59.9386,3.0824,1,district,0,294355,0,194711,0,0,0
8,60,1,20,4,6,200,0,0,0,0,0,1,100,30,0,23.0213,100,0,0,0,0,0,0,0,0,88.1297,0,0,3212299,0,59.9386,0,0,0,151414,0,2230537,83004.7,70651.6,806.773,367.54,26928.6,0.851177,59.9386,3.0824,0,warehouse,0,3007345,0,1502347,0,0,0
8,60,1,20,4,6,200,0,0,0,0,0,1,100,30,0,23.0213,100,0,0,0,0,0,0,0,0,88.1297,0,0,3212299,0,59.9386,0,0,0,151414,0,2230537,83004.7,70651.6,806.773,367.54,26928.6,0.851177,59.9386,3.0824,2,customer,0,65,0,37,0,0,0
8,60,1,20,4,6,200,0,0,0,0,0,1,100,30,0,23.0213,100,0,0,0,0,0,0,0,0,88.1297,0,0,3212299,0,59.9386,0,0,0,151414,0,2230537,83004.7,70651.6,806.773,367.54,26928.6,0.851177,59.9386,3.0824,3,customerwdl,0,0,0,0,0,0,0
8,60,1,20,4,6,200,0,0,0,0,0,1,100,30,0,23.0213,100,0,0,0,0,0,0,0,0,88.1297,0,0,3212299,0,59.9386,0,0,0,151414,0,2230537,83004.7,70651.6,806.773,367.54,26928.6,0.851177,59.9386,3.0824,4,history,0,0,0,0,0,0,0
9,60,1,20,4,6,200,0,0,0,0,0,1,100,30,0,25.2768,100,0,0,0,0,0,0,0,0,86.9668,0,0,3210706,0,59.9394,0,0,0,150684,0,2225902,83156.4,70790.2,806.595,368.374,26984.9,0.85129,59.9394,3.08159,10,stock,0,690,0,1917,0,0,0
9,60,1,20,4,6,200,0,0,0,0,0,1,100,30,0,25.2768,100,0,0,0,0,0,0,0,0,86.9668,0,0,3210706,0,59.9394,0,0,0,150684,0,2225902,83156.4,70790.2,806.595,368.374,26984.9,0.85129,59.9394,3.08159,9,item,0,0,0,0,0,0,0
9,60,1,20,4,6,200,0,0,0,0,0,1,100,30,0,25.2768,100,0,0,0,0,0,0,0,0,86.9668,0,0,3210706,0,59.9394,0,0,0,150684,0,2225902,83156.4,70790.2,806.595,368.374,26984.9,0.85129,59.9394,3.08159,8,orderline,0,34224,44047,131,0,0,0
9,60,1,20,4,6,200,0,0,0,0,0,1,100,30,0,25.2768,100,0,0,0,0,0,0,0,0,86.9668,0,0,3210706,0,59.9394,0,0,0,150684,0,2225902,83156.4,70790.2,806.595,368.374,26984.9,0.85129,59.9394,3.08159,7,order_wdc,0,0,34,1,0,0,0
9,60,1,20,4,6,200,0,0,0,0,0,1,100,30,0,25.2768,100,0,0,0,0,0,0,0,0,86.9668,0,0,3210706,0,59.9394,0,0,0,150684,0,2225902,83156.4,70790.2,806.595,368.374,26984.9,0.85129,59.9394,3.08159,6,order,0,210,118,404,0,0,0
9,60,1,20,4,6,200,0,0,0,0,0,1,100,30,0,25.2768,100,0,0,0,0,0,0,0,0,86.9668,0,0,3210706,0,59.9394,0,0,0,150684,0,2225902,83156.4,70790.2,806.595,368.374,26984.9,0.85129,59.9394,3.08159,5,neworder,0,0,1377,457,0,0,0
9,60,1,20,4,6,200,0,0,0,0,0,1,100,30,0,25.2768,100,0,0,0,0,0,0,0,0,86.9668,0,0,3210706,0,59.9394,0,0,0,150684,0,2225902,83156.4,70790.2,806.595,368.374,26984.9,0.85129,59.9394,3.08159,1,district,0,291373,0,195232,0,0,0
9,60,1,20,4,6,200,0,0,0,0,0,1,100,30,0,25.2768,100,0,0,0,0,0,0,0,0,86.9668,0,0,3210706,0,59.9394,0,0,0,150684,0,2225902,83156.4,70790.2,806.595,368.374,26984.9,0.85129,59.9394,3.08159,0,warehouse,0,3041698,0,1494925,0,0,0
9,60,1,20,4,6,200,0,0,0,0,0,1,100,30,0,25.2768,100,0,0,0,0,0,0,0,0,86.9668,0,0,3210706,0,59.9394,0,0,0,150684,0,2225902,83156.4,70790.2,806.595,368.374,26984.9,0.85129,59.9394,3.08159,2,customer,0,58,0,40,0,0,0
9,60,1,20,4,6,200,0,0,0,0,0,1,100,30,0,25.2768,100,0,0,0,0,0,0,0,0,86.9668,0,0,3210706,0,59.9394,0,0,0,150684,0,2225902,83156.4,70790.2,806.595,368.374,26984.9,0.85129,59.9394,3.08159,3,customerwdl,0,0,0,0,0,0,0
9,60,1,20,4,6,200,0,0,0,0,0,1,100,30,0,25.2768,100,0,0,0,0,0,0,0,0,86.9668,0,0,3210706,0,59.9394,0,0,0,150684,0,2225902,83156.4,70790.2,806.595,368.374,26984.9,0.85129,59.9394,3.08159,4,history,0,0,2,0,0,0,0
10,60,1,20,4,6,200,0,0,0,0,0,1,100,30,0,27.538,100,0,0,0,0,0,0,0,0,85.8008,0,0,3207210,0,59.9384,0,0,0,151025,0,2233731,82827.5,70740.5,807.335,368.138,26888.9,0.854071,59.9384,3.08036,10,stock,0,690,0,1967,0,0,0
10,60,1,20,4,6,200,0,0,0,0,0,1,100,30,0,27.538,100,0,0,0,0,0,0,0,0,85.8008,0,0,3207210,0,59.9384,0,0,0,151025,0,2233731,82827.5,70740.5,807.335,368.138,26888.9,0.854071,59.9384,3.08036,9,item,0,0,0,0,0,0,0
10,60,1,20,4,6,200,0,0,0,0,0,1,100,30,0,27.538,100,0,0,0,0,0,0,0,0,85.8008,0,0,3207210,0,59.9384,0,0,0,151025,0,2233731,82827.5,70740.5,807.335,368.138,26888.9,0.854071,59.9384,3.08036,8,orderline,0,33914,44733,151,0,0,0
10,60,1,20,4,6,200,0,0,0,0,0,1,100,30,0,27.538,100,0,0,0,0,0,0,0,0,85.8008,0,0,3207210,0,59.9384,0,0,0,151025,0,2233731,82827.5,70740.5,807.335,368.138,26888.9,0.854071,59.9384,3.08036,7,order_wdc,0,0,49,3,0,0,0
10,60,1,20,4,6,200,0,0,0,0,0,1,100,30,0,27.538,100,0,0,0,0,0,0,0,0,85.8008,0,0,3207210,0,59.9384,0,0,0,151025,0,2233731,82827.5,70740.5,807.335,368.138,26888.9,0.854071,59.9384,3.08036,6,order,0,176,145,364,0,0,0
10,60,1,20,4,6,200,0,0,0,0,0,1,100,30,0,27.538,100,0,0,0,0,0,0,0,0,85.8008,0,0,3207210,0,59.9384,0,0,0,151025,0,2233731,82827.5,70740.5,807.335,368.138,26888.9,0.854071,59.9384,3.08036,5,neworder,0,0,1380,400,0,0,0
10,60,1,20,4,6,200,0,0,0,0,0,1,100,30,0,27.538,100,0,0,0,0,0,0,0,0,85.8008,0,0,3207210,0,59.9384,0,0,0,151025,0,2233731,82827.5,70740.5,807.335,368.138,26888.9,0.854071,59.9384,3.08036,1,district,0,293682,0,196855,0,0,0
10,60,1,20,4,6,200,0,0,0,0,0,1,100,30,0,27.538,100,0,0,0,0,0,0,0,0,85.8008,0,0,3207210,0,59.9384,0,0,0,151025,0,2233731,82827.5,70740.5,807.335,368.138,26888.9,0.854071,59.9384,3.08036,0,warehouse,0,2989392,0,1488008,0,0,0
10,60,1,20,4,6,200,0,0,0,0,0,1,100,30,0,27.538,100,0,0,0,0,0,0,0,0,85.8008,0,0,3207210,0,59.9384,0,0,0,151025,0,2233731,82827.5,70740.5,807.335,368.138,26888.9,0.854071,59.9384,3.08036,2,customer,0,66,0,31,0,0,0
10,60,1,20,4,6,200,0,0,0,0,0,1,100,30,0,27.538,100,0,0,0,0,0,0,0,0,85.8008,0,0,3207210,0,59.9384,0,0,0,151025,0,2233731,82827.5,70740.5,807.335,368.138,26888.9,0.854071,59.9384,3.08036,3,customerwdl,0,0,0,0,0,0,0
10,60,1,20,4,6,200,0,0,0,0,0,1,100,30,0,27.538,100,0,0,0,0,0,0,0,0,85.8008,0,0,3207210,0,59.9384,0,0,0,151025,0,2233731,82827.5,70740.5,807.335,368.138,26888.9,0.854071,59.9384,3.08036,4,history,0,0,0,0,0,0,0
11,60,1,20,4,6,200,0,0,0,0,0,1,100,30,0,29.8033,100,0,0,0,0,0,0,0,0,84.6328,0,0,3192909,0,59.9372,0,0,0,151326,0,2234395,82557.3,70682.6,809.9,367.414,26881.6,0.856164,59.9372,3.07115,10,stock,0,701,0,1997,0,0,0
11,60,1,20,4,6,200,0,0,0,0,0,1,100,30,0,29.8033,100,0,0,0,0,0,0,0,0,84.6328,0,0,3192909,0,59.9372,0,0,0,151326,0,2234395,82557.3,70682.6,809.9,367.414,26881.6,0.856164,59.9372,3.07115,9,item,0,0,0,0,0,0,0
11,60,1,20,4,6,200,0,0,0,0,0,1,100,30,0,29.8033,100,0,0,0,0,0,0,0,0,84.6328,0,0,3192909,0,59.9372,0,0,0,151326,0,2234395,82557.3,70682.6,809.9,367.414,26881.6,0.856164,59.9372,3.07115,8,orderline,0,32909,44501,119,0,0,0
11,60,1,20,4,6,200,0,0,0,0,0,1,100,30,0,29.8033,100,0,0,0,0,0,0,0,0,84.6328,0,0,3192909,0,59.9372,0,0,0,151326,0,2234395,82557.3,70682.6,809.9,367.414,26881.6,0.856164,59.9372,3.07115,7,order_wdc,0,0,63,6,0,0,0
11,60,1,20,4,6,200,0,0,0,0,0,1,100,30,0,29.8033,100,0,0,0,0,0,0,0,0,84.6328,0,0,3192909,0,59.9372,0,0,0,151326,0,2234395,82557.3,70682.6,809.9,367.414,26881.6,0.856164,59.9372,3.07115,6,order,0,211,99,340,0,0,0
11,60,1,20,4,6,200,0,0,0,0,0,1,100,30,0,29.8033,100,0,0,0,0,0,0,0,0,84.6328,0,0,3192909,0,59.9372,0,0,0,151326,0,2234395,82557.3,70682.6,809.9,367.414,26881.6,0.856164,59.9372,3.07115,5,neworder,0,0,1349,431,0,0,0
11,60,1,20,4,6,200,0,0,0,0,0,1,100,30,0,29.8033,100,0,0,0,0,0,0,0,0,84.6328,0,0,3192909,0,59.9372,0,0,0,151326,0,2234395,82557.3,70682.6,809.9,367.414,26881.6,0.856164,59.9372,3.07115,1,district,0,293961,0,198250,0,0,0
11,60,1,20,4,6,200,0,0,0,0,0,1,100,30,0,29.8033,100,0,0,0,0,0,0,0,0,84.6328,0,0,3192909,0,59.9372,0,0,0,151326,0,2234395,82557.3,70682.6,809.9,367.414,26881.6,0.856164,59.9372,3.07115,0,warehouse,0,2902021,0,1465044,0,0,0
11,60,1,20,4,6,200,0,0,0,0,0,1,100,30,0,29.8033,100,0,0,0,0,0,0,0,0,84.6328,0,0,3192909,0,59.9372,0,0,0,151326,0,2234395,82557.3,70682.6,809.9,367.414,26881.6,0.856164,59.9372,3.07115,2,customer,0,55,0,46,0,0,0
11,60,1,20,4,6,200,0,0,0,0,0,1,100,30,0,29.8033,100,0,0,0,0,0,0,0,0,84.6328,0,0,3192909,0,59.9372,0,0,0,151326,0,2234395,82557.3,70682.6,809.9,367.414,26881.6,0.856164,59.9372,3.07115,3,customerwdl,0,0,0,0,0,0,0
11,60,1,20,4,6,200,0,0,0,0,0,1,100,30,0,29.8033,100,0,0,0,0,0,0,0,0,84.6328,0,0,3192909,0,59.9372,0,0,0,151326,0,2234395,82557.3,70682.6,809.9,367.414,26881.6,0.856164,59.9372,3.07115,4,history,0,0,1,0,0,0,0
12,60,1,20,4,6,200,0,0,0,0,0,1,100,30,0,32.0541,100,0,0,0,0,0,0,0,0,83.4722,0,0,3208476,0,59.9369,0,0,0,150364,0,2222516,83288.7,70867,809.436,367.587,27024.1,0.85086,59.9369,3.08202,10,stock,0,684,0,1900,0,0,0
12,60,1,20,4,6,200,0,0,0,0,0,1,100,30,0,32.0541,100,0,0,0,0,0,0,0,0,83.4722,0,0,3208476,0,59.9369,0,0,0,150364,0,2222516,83288.7,70867,809.436,367.587,27024.1,0.85086,59.9369,3.08202,9,item,0,0,0,0,0,0,0
12,60,1,20,4,6,200,0,0,0,0,0,1,100,30,0,32.0541,100,0,0,0,0,0,0,0,0,83.4722,0,0,3208476,0,59.9369,0,0,0,150364,0,2222516,83288.7,70867,809.436,367.587,27024.1,0.85086,59.9369,3.08202,8,orderline,0,33060,44198,105,0,0,0
12,60,1,20,4,6,200,0,0,0,0,0,1,100,30,0,32.0541,100,0,0,0,0,0,0,0,0,83.4722,0,0,3208476,0,59.9369,0,0,0,150364,0,2222516,83288.7,70867,809.436,367.587,27024.1,0.85086,59.9369,3.08202,7,order_wdc,0,0,36,2,0,0,0
12,60,1,20,4,6,200,0,0,0,0,0,1,100,30,0,32.0541,100,0,0,0,0,0,0,0,0,83.4722,0,0,3208476,0,59.9369,0,0,0,150364,0,2222516,83288.7,70867,809.436,367.587,27024.1,0.85086,59.9369,3.08202,6,order,0,205,188,346,0,0,0
12,60,1,20,4,6,200,0,0,0,0,0,1,100,30,0,32.0541,100,0,0,0,0,0,0,0,0,83.4722,0,0,3208476,0,59.9369,0,0,0,150364,0,2222516,83288.7,70867,809.436,367.587,27024.1,0.85086,59.9369,3.08202,5,neworder,0,0,1304,419,0,0,0
12,60,1,20,4,6,200,0,0,0,0,0,1,100,30,0,32.0541,100,0,0,0,0,0,0,0,0,83.4722,0,0,3208476,0,59.9369,0,0,0,150364,0,2222516,83288.7,70867,809.436,367.587,27024.1,0.85086,59.9369,3.08202,1,district,0,289860,0,193939,0,0,0
12,60,1,20,4,6,200,0,0,0,0,0,1,100,30,0,32.0541,100,0,0,0,0,0,0,0,0,83.4722,0,0,3208476,0,59.9369,0,0,0,150364,0,2222516,83288.7,70867,809.436,367.587,27024.1,0.85086,59.9369,3.08202,0,warehouse,0,3034982,0,1487811,0,0,0
12,60,1,20,4,6,200,0,0,0,0,0,1,100,30,0,32.0541,100,0,0,0,0,0,0,0,0,83.4722,0,0,3208476,0,59.9369,0,0,0,150364,0,2222516,83288.7,70867,809.436,367.587,27024.1,0.85086,59.9369,3.08202,2,customer,0,54,0,39,0,0,0
12,60,1,20,4,6,200,0,0,0,0,0,1,100,30,0,32.0541,100,0,0,0,0,0,0,0,0,83.4722,0,0,3208476,0,59.9369,0,0,0,150364,0,2222516,83288.7,70867,809.436,367.587,27024.1,0.85086,59.9369,3.08202,3,customerwdl,0,0,0,0,0,0,0
12,60,1,20,4,6,200,0,0,0,0,0,1,100,30,0,32.0541,100,0,0,0,0,0,0,0,0,83.4722,0,0,3208476,0,59.9369,0,0,0,150364,0,2222516,83288.7,70867,809.436,367.587,27024.1,0.85086,59.9369,3.08202,4,history,0,0,0,0,0,0,0
13,60,1,20,4,6,200,0,0,0,0,0,1,100,30,0,34.3178,100,0,0,0,0,0,0,0,0,82.305,0,0,3202284,0,59.9379,0,0,0,151207,0,2235741,82661.4,70906.4,810.017,367.891,26865.8,0.857793,59.9379,3.07682,10,stock,0,691,0,1959,0,0,0
13,60,1,20,4,6,200,0,0,0,0,0,1,100,30,0,34.3178,100,0,0,0,0,0,0,0,0,82.305,0,0,3202284,0,59.9379,0,0,0,151207,0,2235741,82661.4,70906.4,810.017,367.891,26865.8,0.857793,59.9379,3.07682,9,item,0,0,0,0,0,0,0
13,60,1,20,4,6,200,0,0,0,0,0,1,100,30,0,34.3178,100,0,0,0,0,0,0,0,0,82.305,0,0,3202284,0,59.9379,0,0,0,151207,0,2235741,82661.4,70906.4,810.017,367.891,26865.8,0.857793,59.9379,3.07682,8,orderline,0,32633,44030,97,0,0,0
13,60,1,20,4,6,200,0,0,0,0,0,1,100,30,0,34.3178,100,0,0,0,0,0,0,0,0,82.305,0,0,3202284,0,59.9379,0,0,0,151207,0,2235741,82661.4,70906.4,810.017,367.891,26865.8,0.857793,59.9379,3.07682,7,order_wdc,0,0,34,2,0,0,0
13,60,1,20,4,6,200,0,0,0,0,0,1,100,30,0,34.3178,100,0,0,0,0,0,0,0,0,82.305,0,0,3202284,0,59.9379,0,0,0,151207,0,2235741,82661.4,70906.4,810.017,367.891,26865.8,0.857793,59.9379,3.07682,6,order,0,219,136,360,0,0,0
13,60,1,20,4,6,200,0,0,0,0,0,1,100,30,0,34.3178,100,0,0,0,0,0,0,0,0,82.305,0,0,3202284,0,59.9379,0,0,0,151207,0,2235741,82661.4,70906.4,810.017,367.891,26865.8,0.857793,59.9379,3.07682,5,neworder,0,0,1341,430,0,0,0
13,60,1,20,4,6,200,0,0,0,0,0,1,100,30,0,34.3178,100,0,0,0,0,0,0,0,0,82.305,0,0,3202284,0,59.9379,0,0,0,151207,0,2235741,82661.4,70906.4,810.017,367.891,26865.8,0.857793,59.9379,3.07682,1,district,0,295084,0,196318,0,0,0
13,60,1,20,4,6,200,0,0,0,0,0,1,100,30,0,34.3178,100,0,0,0,0,0,0,0,0,82.305,0,0,3202284,0,59.9379,0,0,0,151207,0,2235741,82661.4,70906.4,810.017,367.891,26865.8,0.857793,59.9379,3.07682,0,warehouse,0,2929174,0,1465885,0,0,0
13,60,1,20,4,6,200,0,0,0,0,0,1,100,30,0,34.3178,100,0,0,0,0,0,0,0,0,82.305,0,0,3202284,0,59.9379,0,0,0,151207,0,2235741,82661.4,70906.4,810.017,367.891,26865.8,0.857793,59.9379,3.07682,2,customer,0,64,0,38,0,0,0
13,60,1,20,4,6,200,0,0,0,0,0,1,100,30,0,34.3178,100,0,0,0,0,0,0,0,0,82.305,0,0,3202284,0,59.9379,0,0,0,151207,0,2235741,82661.4,70906.4,810.017,367.891,26865.8,0.857793,59.9379,3.07682,3,customerwdl,0,0,0,0,0,0,0
13,60,1,20,4,6,200,0,0,0,0,0,1,100,30,0,34.3178,100,0,0,0,0,0,0,0,0,82.305,0,0,3202284,0,59.9379,0,0,0,151207,0,2235741,82661.4,70906.4,810.017,367.891,26865.8,0.857793,59.9379,3.07682,4,history,0,0,1,0,0,0,0
14,60,1,20,4,6,200,0,0,0,0,0,1,100,30,0,36.5871,100,0,0,0,0,0,0,0,0,81.1349,0,0,3199338,0,59.9371,0,0,0,151591,0,2239903,82437.9,70886.9,809.723,367.113,26815.4,0.859882,59.9371,3.07427,10,stock,0,677,0,1977,0,0,0
14,60,1,20,4,6,200,0,0,0,0,0,1,100,30,0,36.5871,100,0,0,0,0,0,0,0,0,81.1349,0,0,3199338,0,59.9371,0,0,0,151591,0,2239903,82437.9,70886.9,809.723,367.113,26815.4,0.859882,59.9371,3.07427,9,item,0,0,0,0,0,0,0
14,60,1,20,4,6,200,0,0,0,0,0,1,100,30,0,36.5871,100,0,0,0,0,0,0,0,0,81.1349,0,0,3199338,0,59.9371,0,0,0,151591,0,2239903,82437.9,70886.9,809.723,367.113,26815.4,0.859882,59.9371,3.07427,8,orderline,0,33741,44045,117,0,0,0
14,60,1,20,4,6,200,0,0,0,0,0,1,100,30,0,36.5871,100,0,0,0,0,0,0,0,0,81.1349,0,0,3199338,0,59.9371,0,0,0,151591,0,2239903,82437.9,70886.9,809.723,367.113,26815.4,0.859882,59.9371,3.07427,7,order_wdc,0,0,39,2,0,0,0
14,60,1,20,4,6,200,0,0,0,0,0,1,100,30,0,36.5871,100,0,0,0,0,0,0,0,0,81.1349,0,0,3199338,0,59.9371,0,0,0,151591,0,2239903,82437.9,70886.9,809.723,367.113,26815.4,0.859882,59.9371,3.07427,6,order,0,226,113,356,0,0,0
14,60,1,20,4,6,200,0,0,0,0,0,1,100,30,0,36.5871,100,0,0,0,0,0,0,0,0,81.1349,0,0,3199338,0,59.9371,0,0,0,151591,0,2239903,82437.9,70886.9,809.723,367.113,26815.4,0.859882,59.9371,3.07427,5,neworder,0,0,1386,421,0,0,0
14,60,1,20,4,6,200,0,0,0,0,0,1,100,30,0,36.5871,100,0,0,0,0,0,0,0,0,81.1349,0,0,3199338,0,59.9371,0,0,0,151591,0,2239903,82437.9,70886.9,809.723,367.113,26815.4,0.859882,59.9371,3.07427,1,district,0,296479,0,197838,0,0,0
14,60,1,20,4,6,200,0,0,0,0,0,1,100,30,0,36.5871,100,0,0,0,0,0,0,0,0,81.1349,0,0,3199338,0,59.9371,0,0,0,151591,0,2239903,82437.9,70886.9,809.723,367.113,26815.4,0.859882,59.9371,3.07427,0,warehouse,0,2902878,0,1459822,0,0,0
14,60,1,20,4,6,200,0,0,0,0,0,1,100,30,0,36.5871,100,0,0,0,0,0,0,0,0,81.1349,0,0,3199338,0,59.9371,0,0,0,151591,0,2239903,82437.9,70886.9,809.723,367.113,26815.4,0.859882,59.9371,3.07427,2,customer,0,63,0,44,0,0,0
14,60,1,20,4,6,200,0,0,0,0,0,1,100,30,0,36.5871,100,0,0,0,0,0,0,0,0,81.1349,0,0,3199338,0,59.9371,0,0,0,151591,0,2239903,82437.9,70886.9,809.723,367.113,26815.4,0.859882,59.9371,3.07427,3,customerwdl,0,0,0,0,0,0,0
14,60,1,20,4,6,200,0,0,0,0,0,1,100,30,0,36.5871,100,0,0,0,0,0,0,0,0,81.1349,0,0,3199338,0,59.9371,0,0,0,151591,0,2239903,82437.9,70886.9,809.723,367.113,26815.4,0.859882,59.9371,3.07427,4,history,0,0,1,0,0,0,0
15,60,1,20,4,6,200,0,0,0,0,0,1,100,30,0,38.849,100,0,0,0,0,0,0,0,0,79.9685,0,0,3197850,0,59.9372,0,0,0,151087,0,2234975,82563.8,71029.4,810.534,368.214,26872.6,0.860298,59.9372,3.07241,10,stock,0,599,0,1902,0,0,0
15,60,1,20,4,6,200,0,0,0,0,0,1,100,30,0,38.849,100,0,0,0,0,0,0,0,0,79.9685,0,0,3197850,0,59.9372,0,0,0,151087,0,2234975,82563.8,71029.4,810.534,368.214,26872.6,0.860298,59.9372,3.07241,9,item,0,0,0,0,0,0,0
15,60,1,20,4,6,200,0,0,0,0,0,1,100,30,0,38.849,100,0,0,0,0,0,0,0,0,79.9685,0,0,3197850,0,59.9372,0,0,0,151087,0,2234975,82563.8,71029.4,810.534,368.214,26872.6,0.860298,59.9372,3.07241,8,orderline,0,33833,44363,129,0,0,0
15,60,1,20,4,6,200,0,0,0,0,0,1,100,30,0,38.849,100,0,0,0,0,0,0,0,0,79.9685,0,0,3197850,0,59.9372,0,0,0,151087,0,2234975,82563.8,71029.4,810.534,368.214,26872.6,0.860298,59.9372,3.07241,7,order_wdc,0,0,26,2,0,0,0
15,60,1,20,4,6,200,0,0,0,0,0,1,100,30,0,38.849,100,0,0,0,0,0,0,0,0,79.9685,0,0,3197850,0,59.9372,0,0,0,151087,0,2234975,82563.8,71029.4,810.534,368.214,26872.6,0.860298,59.9372,3.07241,6,order,0,182,143,384,0,0,0
15,60,1,20,4,6,200,0,0,0,0,0,1,100,30,0,38.849,100,0,0,0,0,0,0,0,0,79.9685,0,0,3197850,0,59.9372,0,0,0,151087,0,2234975,82563.8,71029.4,810.534,368.214,26872.6,0.860298,59.9372,3.07241,5,neworder,0,0,1371,371,0,0,0
15,60,1,20,4,6,200,0,0,0,0,0,1,100,30,0,38.849,100,0,0,0,0,0,0,0,0,79.9685,0,0,3197850,0,59.9372,0,0,0,151087,0,2234975,82563.8,71029.4,810.534,368.214,26872.6,0.860298,59.9372,3.07241,1,district,0,293067,0,197557,0,0,0
15,60,1,20,4,6,200,0,0,0,0,0,1,100,30,0,38.849,100,0,0,0,0,0,0,0,0,79.9685,0,0,3197850,0,59.9372,0,0,0,151087,0,2234975,82563.8,71029.4,810.534,368.214,26872.6,0.860298,59.9372,3.07241,0,warehouse,0,2905606,0,1454313,0,0,0
15,60,1,20,4,6,200,0,0,0,0,0,1,100,30,0,38.849,100,0,0,0,0,0,0,0,0,79.9685,0,0,3197850,0,59.9372,0,0,0,151087,0,2234975,82563.8,71029.4,810.534,368.214,26872.6,0.860298,59.9372,3.07241,2,customer,0,65,0,33,0,0,0
15,60,1,20,4,6,200,0,0,0,0,0,1,100,30,0,38.849,100,0,0,0,0,0,0,0,0,79.9685,0,0,3197850,0,59.9372,0,0,0,151087,0,2234975,82563.8,71029.4,810.534,368.214,26872.6,0.860298,59.9372,3.07241,3,customerwdl,0,0,0,0,0,0,0
15,60,1,20,4,6,200,0,0,0,0,0,1,100,30,0,38.849,100,0,0,0,0,0,0,0,0,79.9685,0,0,3197850,0,59.9372,0,0,0,151087,0,2234975,82563.8,71029.4,810.534,368.214,26872.6,0.860298,59.9372,3.07241,4,history,0,0,1,0,0,0,0
16,60,1,20,4,6,200,0,0,0,0,0,1,100,30,0,41.1373,100,0,0,0,0,0,0,0,0,78.7887,0,0,3179452,0,59.9374,0,0,0,152850,0,2253781,81536.8,71096.7,813.722,368.294,26649.5,0.871958,59.9374,3.0596,10,stock,0,682,0,1928,0,0,0
16,60,1,20,4,6,200,0,0,0,0,0,1,100,30,0,41.1373,100,0,0,0,0,0,0,0,0,78.7887,0,0,3179452,0,59.9374,0,0,0,152850,0,2253781,81536.8,71096.7,813.722,368.294,26649.5,0.871958,59.9374,3.0596,9,item,0,0,0,0,0,0,0
16,60,1,20,4,6,200,0,0,0,0,0,1,100,30,0,41.1373,100,0,0,0,0,0,0,0,0,78.7887,0,0,3179452,0,59.9374,0,0,0,152850,0,2253781,81536.8,71096.7,813.722,368.294,26649.5,0.871958,59.9374,3.0596,8,orderline,0,35321,45746,123,0,0,0
16,60,1,20,4,6,200,0,0,0,0,0,1,100,30,0,41.1373,100,0,0,0,0,0,0,0,0,78.7887,0,0,3179452,0,59.9374,0,0,0,152850,0,2253781,81536.8,71096.7,813.722,368.294,26649.5,0.871958,59.9374,3.0596,7,order_wdc,0,0,36,6,0,0,0
16,60,1,20,4,6,200,0,0,0,0,0,1,100,30,0,41.1373,100,0,0,0,0,0,0,0,0,78.7887,0,0,3179452,0,59.9374,0,0,0,152850,0,2253781,81536.8,71096.7,813.722,368.294,26649.5,0.871958,59.9374,3.0596,6,order,0,206,89,362,0,0,0
16,60,1,20,4,6,200,0,0,0,0,0,1,100,30,0,41.1373,100,0,0,0,0,0,0,0,0,78.7887,0,0,3179452,0,59.9374,0,0,0,152850,0,2253781,81536.8,71096.7,813.722,368.294,26649.5,0.871958,59.9374,3.0596,5,neworder,0,0,1377,292,0,0,0
16,60,1,20,4,6,200,0,0,0,0,0,1,100,30,0,41.1373,100,0,0,0,0,0,0,0,0,78.7887,0,0,3179452,0,59.9374,0,0,0,152850,0,2253781,81536.8,71096.7,813.722,368.294,26649.5,0.871958,59.9374,3.0596,1,district,0,301229,0,201449,0,0,0
16,60,1,20,4,6,200,0,0,0,0,0,1,100,30,0,41.1373,100,0,0,0,0,0,0,0,0,78.7887,0,0,3179452,0,59.9374,0,0,0,152850,0,2253781,81536.8,71096.7,813.722,368.294,26649.5,0.871958,59.9374,3.0596,0,warehouse,0,2739079,0,1402740,0,0,0
16,60,1,20,4,6,200,0,0,0,0,0,1,100,30,0,41.1373,100,0,0,0,0,0,0,0,0,78.7887,0,0,3179452,0,59.9374,0,0,0,152850,0,2253781,81536.8,71096.7,813.722,368.294,26649.5,0.871958,59.9374,3.0596,2,customer,0,60,0,35,0,0,0
16,60,1,20,4,6,200,0,0,0,0,0,1,100,30,0,41.1373,100,0,0,0,0,0,0,0,0,78.7887,0,0,3179452,0,59.9374,0,0,0,152850,0,2253781,81536.8,71096.7,813.722,368.294,26649.5,0.871958,59.9374,3.0596,3,customerwdl,0,0,0,0,0,0,0
16,60,1,20,4,6,200,0,0,0,0,0,1,100,30,0,41.1373,100,0,0,0,0,0,0,0,0,78.7887,0,0,3179452,0,59.9374,0,0,0,152850,0,2253781,81536.8,71096.7,813.722,368.294,26649.5,0.871958,59.9374,3.0596,4,history,0,0,0,0,0,0,0
17,60,1,20,4,6,200,0,0,0,0,0,1,100,30,0,43.4391,100,0,0,0,0,0,0,0,0,77.6018,0,0,3175040,0,59.9379,0,0,0,153761,0,2266853,80923.1,71332.4,816.775,368.49,26496.7,0.881483,59.9379,3.05408,10,stock,0,692,0,1977,0,0,0
17,60,1,20,4,6,200,0,0,0,0,0,1,100,30,0,43.4391,100,0,0,0,0,0,0,0,0,77.6018,0,0,3175040,0,59.9379,0,0,0,153761,0,2266853,80923.1,71332.4,816.775,368.49,26496.7,0.881483,59.9379,3.05408,9,item,0,0,0,0,0,0,0
17,60,1,20,4,6,200,0,0,0,0,0,1,100,30,0,43.4391,100,0,0,0,0,0,0,0,0,77.6018,0,0,3175040,0,59.9379,0,0,0,153761,0,2266853,80923.1,71332.4,816.775,368.49,26496.7,0.881483,59.9379,3.05408,8,orderline,0,33248,46050,152,0,0,0
17,60,1,20,4,6,200,0,0,0,0,0,1,100,30,0,43.4391,100,0,0,0,0,0,0,0,0,77.6018,0,0,3175040,0,59.9379,0,0,0,153761,0,2266853,80923.1,71332.4,816.775,368.49,26496.7,0.881483,59.9379,3.05408,7,order_wdc,0,0,36,4,0,0,0
17,60,1,20,4,6,200,0,0,0,0,0,1,100,30,0,43.4391,100,0,0,0,0,0,0,0,0,77.6018,0,0,3175040,0,59.9379,0,0,0,153761,0,2266853,80923.1,71332.4,816.775,368.49,26496.7,0.881483,59.9379,3.05408,6,order,0,196,120,371,0,0,0
17,60,1,20,4,6,200,0,0,0,0,0,1,100,30,0,43.4391,100,0,0,0,0,0,0,0,0,77.6018,0,0,3175040,0,59.9379,0,0,0,153761,0,2266853,80923.1,71332.4,816.775,368.49,26496.7,0.881483,59.9379,3.05408,5,neworder,0,0,1283,336,0,0,0
17,60,1,20,4,6,200,0,0,0,0,0,1,100,30,0,43.4391,100,0,0,0,0,0,0,0,0,77.6018,0,0,3175040,0,59.9379,0,0,0,153761,0,2266853,80923.1,71332.4,816.775,368.49,26496.7,0.881483,59.9379,3.05408,1,district,0,305956,0,204241,0,0,0
17,60,1,20,4,6,200,0,0,0,0,0,1,100,30,0,43.4391,100,0,0,0,0,0,0,0,0,77.6018,0,0,3175040,0,59.9379,0,0,0,153761,0,2266853,80923.1,71332.4,816.775,368.49,26496.7,0.881483,59.9379,3.05408,0,warehouse,0,2622007,0,1373772,0,0,0
17,60,1,20,4,6,200,0,0,0,0,0,1,100,30,0,43.4391,100,0,0,0,0,0,0,0,0,77.6018,0,0,3175040,0,59.9379,0,0,0,153761,0,2266853,80923.1,71332.4,816.775,368.49,26496.7,0.881483,59.9379,3.05408,2,customer,0,59,0,26,0,0,0
17,60,1,20,4,6,200,0,0,0,0,0,1,100,30,0,43.4391,100,0,0,0,0,0,0,0,0,77.6018,0,0,3175040,0,59.9379,0,0,0,153761,0,2266853,80923.1,71332.4,816.775,368.49,26496.7,0.881483,59.9379,3.05408,3,customerwdl,0,0,0,0,0,0,0
17,60,1,20,4,6,200,0,0,0,0,0,1,100,30,0,43.4391,100,0,0,0,0,0,0,0,0,77.6018,0,0,3175040,0,59.9379,0,0,0,153761,0,2266853,80923.1,71332.4,816.775,368.49,26496.7,0.881483,59.9379,3.05408,4,history,0,0,0,0,0,0,0
18,60,1,20,4,6,200,0,0,0,0,0,1,100,30,0,45.7162,100,0,0,0,0,0,0,0,0,76.4277,0,0,3183408,0,59.9376,0,0,0,152112,0,2246533,81828,71281.3,817.1,367.716,26736.5,0.871112,59.9376,3.06053,10,stock,0,652,0,1942,0,0,0
18,60,1,20,4,6,200,0,0,0,0,0,1,100,30,0,45.7162,100,0,0,0,0,0,0,0,0,76.4277,0,0,3183408,0,59.9376,0,0,0,152112,0,2246533,81828,71281.3,817.1,367.716,26736.5,0.871112,59.9376,3.06053,9,item,0,0,0,0,0,0,0
18,60,1,20,4,6,200,0,0,0,0,0,1,100,30,0,45.7162,100,0,0,0,0,0,0,0,0,76.4277,0,0,3183408,0,59.9376,0,0,0,152112,0,2246533,81828,71281.3,817.1,367.716,26736.5,0.871112,59.9376,3.06053,8,orderline,0,35800,44737,141,0,0,0
18,60,1,20,4,6,200,0,0,0,0,0,1,100,30,0,45.7162,100,0,0,0,0,0,0,0,0,76.4277,0,0,3183408,0,59.9376,0,0,0,152112,0,2246533,81828,71281.3,817.1,367.716,26736.5,0.871112,59.9376,3.06053,7,order_wdc,0,0,28,3,0,0,0
18,60,1,20,4,6,200,0,0,0,0,0,1,100,30,0,45.7162,100,0,0,0,0,0,0,0,0,76.4277,0,0,3183408,0,59.9376,0,0,0,152112,0,2246533,81828,71281.3,817.1,367.716,26736.5,0.871112,59.9376,3.06053,6,order,0,213,137,414,0,0,0
18,60,1,20,4,6,200,0,0,0,0,0,1,100,30,0,45.7162,100,0,0,0,0,0,0,0,0,76.4277,0,0,3183408,0,59.9376,0,0,0,152112,0,2246533,81828,71281.3,817.1,367.716,26736.5,0.871112,59.9376,3.06053,5,neworder,0,0,1261,327,0,0,0
18,60,1,20,4,6,200,0,0,0,0,0,1,100,30,0,45.7162,100,0,0,0,0,0,0,0,0,76.4277,0,0,3183408,0,59.9376,0,0,0,152112,0,2246533,81828,71281.3,817.1,367.716,26736.5,0.871112,59.9376,3.06053,1,district,0,299075,0,200195,0,0,0
18,60,1,20,4,6,200,0,0,0,0,0,1,100,30,0,45.7162,100,0,0,0,0,0,0,0,0,76.4277,0,0,3183408,0,59.9376,0,0,0,152112,0,2246533,81828,71281.3,817.1,367.716,26736.5,0.871112,59.9376,3.06053,0,warehouse,0,2767737,0,1409052,0,0,0
18,60,1,20,4,6,200,0,0,0,0,0,1,100,30,0,45.7162,100,0,0,0,0,0,0,0,0,76.4277,0,0,3183408,0,59.9376,0,0,0,152112,0,2246533,81828,71281.3,817.1,367.716,26736.5,0.871112,59.9376,3.06053,2,customer,0,67,0,32,0,0,0
18,60,1,20,4,6,200,0,0,0,0,0,1,100,30,0,45.7162,100,0,0,0,0,0,0,0,0,76.4277,0,0,3183408,0,59.9376,0,0,0,152112,0,2246533,81828,71281.3,817.1,367.716,26736.5,0.871112,59.9376,3.06053,3,customerwdl,0,0,0,0,0,0,0
18,60,1,20,4,6,200,0,0,0,0,0,1,100,30,0,45.7162,100,0,0,0,0,0,0,0,0,76.4277,0,0,3183408,0,59.9376,0,0,0,152112,0,2246533,81828,71281.3,817.1,367.716,26736.5,0.871112,59.9376,3.06053,4,history,0,0,2,0,0,0,0
19,60,1,20,4,6,200,0,0,0,0,0,1,100,30,0,48.0035,100,0,0,0,0,0,0,0,0,75.2483,0,0,3173194,0,59.9368,0,0,0,152798,0,2256198,81261.6,71378.7,819.768,368.358,26620.2,0.878382,59.9368,3.05262,10,stock,0,653,0,1923,0,0,0
19,60,1,20,4,6,200,0,0,0,0,0,1,100,30,0,48.0035,100,0,0,0,0,0,0,0,0,75.2483,0,0,3173194,0,59.9368,0,0,0,152798,0,2256198,81261.6,71378.7,819.768,368.358,26620.2,0.878382,59.9368,3.05262,9,item,0,0,0,0,0,0,0
19,60,1,20,4,6,200,0,0,0,0,0,1,100,30,0,48.0035,100,0,0,0,0,0,0,0,0,75.2483,0,0,3173194,0,59.9368,0,0,0,152798,0,2256198,81261.6,71378.7,819.768,368.358,26620.2,0.878382,59.9368,3.05262,8,orderline,0,32804,45139,108,0,0,0
19,60,1,20,4,6,200,0,0,0,0,0,1,100,30,0,48.0035,100,0,0,0,0,0,0,0,0,75.2483,0,0,3173194,0,59.9368,0,0,0,152798,0,2256198,81261.6,71378.7,819.768,368.358,26620.2,0.878382,59.9368,3.05262,7,order_wdc,0,0,24,2,0,0,0
19,60,1,20,4,6,200,0,0,0,0,0,1,100,30,0,48.0035,100,0,0,0,0,0,0,0,0,75.2483,0,0,3173194,0,59.9368,0,0,0,152798,0,2256198,81261.6,71378.7,819.768,368.358,26620.2,0.878382,59.9368,3.05262,6,order,0,183,125,351,0,0,0
19,60,1,20,4,6,200,0,0,0,0,0,1,100,30,0,48.0035,100,0,0,0,0,0,0,0,0,75.2483,0,0,3173194,0,59.9368,0,0,0,152798,0,2256198,81261.6,71378.7,819.768,368.358,26620.2,0.878382,59.9368,3.05262,5,neworder,0,0,1197,322,0,0,0
19,60,1,20,4,6,200,0,0,0,0,0,1,100,30,0,48.0035,100,0,0,0,0,0,0,0,0,75.2483,0,0,3173194,0,59.9368,0,0,0,152798,0,2256198,81261.6,71378.7,819.768,368.358,26620.2,0.878382,59.9368,3.05262,1,district,0,301446,0,202131,0,0,0
19,60,1,20,4,6,200,0,0,0,0,0,1,100,30,0,48.0035,100,0,0,0,0,0,0,0,0,75.2483,0,0,3173194,0,59.9368,0,0,0,152798,0,2256198,81261.6,71378.7,819.768,368.358,26620.2,0.878382,59.9368,3.05262,0,warehouse,0,2670134,0,1385869,0,0,0
19,60,1,20,4,6,200,0,0,0,0,0,1,100,30,0,48.0035,100,0,0,0,0,0,0,0,0,75.2483,0,0,3173194,0,59.9368,0,0,0,152798,0,2256198,81261.6,71378.7,819.768,368.358,26620.2,0.878382,59.9368,3.05262,2,customer,0,79,0,39,0,0,0
19,60,1,20,4,6,200,0,0,0,0,0,1,100,30,0,48.0035,100,0,0,0,0,0,0,0,0,75.2483,0,0,3173194,0,59.9368,0,0,0,152798,0,2256198,81261.6,71378.7,819.768,368.358,26620.2,0.878382,59.9368,3.05262,3,customerwdl,0,0,0,0,0,0,0
19,60,1,20,4,6,200,0,0,0,0,0,1,100,30,0,48.0035,100,0,0,0,0,0,0,0,0,75.2483,0,0,3173194,0,59.9368,0,0,0,152798,0,2256198,81261.6,71378.7,819.768,368.358,26620.2,0.878382,59.9368,3.05262,4,history,0,0,1,0,0,0,0
20,60,1,20,4,6,200,0,0,0,0,0,1,100,30,0,50.3061,100,0,0,0,0,0,0,0,0,74.061,0,0,3166765,0,59.9376,0,0,0,153817,0,2270191,80593.8,71405.4,820.197,368.621,26455.6,0.885991,59.9376,3.04638,10,stock,0,748,0,2036,0,0,0
20,60,1,20,4,6,200,0,0,0,0,0,1,100,30,0,50.3061,100,0,0,0,0,0,0,0,0,74.061,0,0,3166765,0,59.9376,0,0,0,153817,0,2270191,80593.8,71405.4,820.197,368.621,26455.6,0.885991,59.9376,3.04638,9,item,0,0,0,0,0,0,0
20,60,1,20,4,6,200,0,0,0,0,0,1,100,30,0,50.3061,100,0,0,0,0,0,0,0,0,74.061,0,0,3166765,0,59.9376,0,0,0,153817,0,2270191,80593.8,71405.4,820.197,368.621,26455.6,0.885991,59.9376,3.04638,8,orderline,0,34050,45392,112,0,0,0
20,60,1,20,4,6,200,0,0,0,0,0,1,100,30,0,50.3061,100,0,0,0,0,0,0,0,0,74.061,0,0,3166765,0,59.9376,0,0,0,153817,0,2270191,80593.8,71405.4,820.197,368.621,26455.6,0.885991,59.9376,3.04638,7,order_wdc,0,0,37,0,0,0,0
20,60,1,20,4,6,200,0,0,0,0,0,1,100,30,0,50.3061,100,0,0,0,0,0,0,0,0,74.061,0,0,3166765,0,59.9376,0,0,0,153817,0,2270191,80593.8,71405.4,820.197,368.621,26455.6,0.885991,59.9376,3.04638,6,order,0,228,139,331,0,0,0
20,60,1,20,4,6,200,0,0,0,0,0,1,100,30,0,50.3061,100,0,0,0,0,0,0,0,0,74.061,0,0,3166765,0,59.9376,0,0,0,153817,0,2270191,80593.8,71405.4,820.197,368.621,26455.6,0.885991,59.9376,3.04638,5,neworder,0,0,1330,296,0,0,0
20,60,1,20,4,6,200,0,0,0,0,0,1,100,30,0,50.3061,100,0,0,0,0,0,0,0,0,74.061,0,0,3166765,0,59.9376,0,0,0,153817,0,2270191,80593.8,71405.4,820.197,368.621,26455.6,0.885991,59.9376,3.04638,1,district,0,306868,0,205409,0,0,0
20,60,1,20,4,6,200,0,0,0,0,0,1,100,30,0,50.3061,100,0,0,0,0,0,0,0,0,74.061,0,0,3166765,0,59.9376,0,0,0,153817,0,2270191,80593.8,71405.4,820.197,368.621,26455.6,0.885991,59.9376,3.04638,0,warehouse,0,2570208,0,1360337,0,0,0
20,60,1,20,4,6,200,0,0,0,0,0,1,100,30,0,50.3061,100,0,0,0,0,0,0,0,0,74.061,0,0,3166765,0,59.9376,0,0,0,153817,0,2270191,80593.8,71405.4,820.197,368.621,26455.6,0.885991,59.9376,3.04638,2,customer,0,74,0,37,0,0,0
20,60,1,20,4,6,200,0,0,0,0,0,1,100,30,0,50.3061,100,0,0,0,0,0,0,0,0,74.061,0,0,3166765,0,59.9376,0,0,0,153817,0,2270191,80593.8,71405.4,820.197,368.621,26455.6,0.885991,59.9376,3.04638,3,customerwdl,0,0,0,0,0,0,0
20,60,1,20,4,6,200,0,0,0,0,0,1,100,30,0,50.3061,100,0,0,0,0,0,0,0,0,74.061,0,0,3166765,0,59.9376,0,0,0,153817,0,2270191,80593.8,71405.4,820.197,368.621,26455.6,0.885991,59.9376,3.04638,4,history,0,0,3,0,0,0,0
21,60,1,20,4,6,200,0,0,0,0,0,1,100,30,0,52.6122,100,0,0,0,0,0,0,0,0,72.8719,0,0,3134427,0,59.9377,0,0,0,154060,0,2272572,80359.3,71449.1,821.78,368.45,26429.7,0.889121,59.9377,3.0405,10,stock,0,759,0,1939,0,0,0
21,60,1,20,4,6,200,0,0,0,0,0,1,100,30,0,52.6122,100,0,0,0,0,0,0,0,0,72.8719,0,0,3134427,0,59.9377,0,0,0,154060,0,2272572,80359.3,71449.1,821.78,368.45,26429.7,0.889121,59.9377,3.0405,9,item,0,0,0,0,0,0,0
21,60,1,20,4,6,200,0,0,0,0,0,1,100,30,0,52.6122,100,0,0,0,0,0,0,0,0,72.8719,0,0,3134427,0,59.9377,0,0,0,154060,0,2272572,80359.3,71449.1,821.78,368.45,26429.7,0.889121,59.9377,3.0405,8,orderline,0,34506,46611,109,0,0,0
21,60,1,20,4,6,200,0,0,0,0,0,1,100,30,0,52.6122,100,0,0,0,0,0,0,0,0,72.8719,0,0,3134427,0,59.9377,0,0,0,154060,0,2272572,80359.3,71449.1,821.78,368.45,26429.7,0.889121,59.9377,3.0405,7,order_wdc,0,0,26,3,0,0,0
21,60,1,20,4,6,200,0,0,0,0,0,1,100,30,0,52.6122,100,0,0,0,0,0,0,0,0,72.8719,0,0,3134427,0,59.9377,0,0,0,154060,0,2272572,80359.3,71449.1,821.78,368.45,26429.7,0.889121,59.9377,3.0405,6,order,0,217,149,354,0,0,0
21,60,1,20,4,6,200,0,0,0,0,0,1,100,30,0,52.6122,100,0,0,0,0,0,0,0,0,72.8719,0,0,3134427,0,59.9377,0,0,0,154060,0,2272572,80359.3,71449.1,821.78,368.45,26429.7,0.889121,59.9377,3.0405,5,neworder,0,0,1303,327,0,0,0
21,60,1,20,4,6,200,0,0,0,0,0,1,100,30,0,52.6122,100,0,0,0,0,0,0,0,0,72.8719,0,0,3134427,0,59.9377,0,0,0,154060,0,2272572,80359.3,71449.1,821.78,368.45,26429.7,0.889121,59.9377,3.0405,1,district,0,308199,0,206643,0,0,0
21,60,1,20,4,6,200,0,0,0,0,0,1,100,30,0,52.6122,100,0,0,0,0,0,0,0,0,72.8719,0,0,3134427,0,59.9377,0,0,0,154060,0,2272572,80359.3,71449.1,821.78,368.45,26429.7,0.889121,59.9377,3.0405,0,warehouse,0,2502168,0,1333839,0,0,0
21,60,1,20,4,6,200,0,0,0,0,0,1,100,30,0,52.6122,100,0,0,0,0,0,0,0,0,72.8719,0,0,3134427,0,59.9377,0,0,0,154060,0,2272572,80359.3,71449.1,821.78,368.45,26429.7,0.889121,59.9377,3.0405,2,customer,0,76,0,35,0,0,0
21,60,1,20,4,6,200,0,0,0,0,0,1,100,30,0,52.6122,100,0,0,0,0,0,0,0,0,72.8719,0,0,3134427,0,59.9377,0,0,0,154060,0,2272572,80359.3,71449.1,821.78,368.45,26429.7,0.889121,59.9377,3.0405,3,customerwdl,0,0,0,0,0,0,0
21,60,1,20,4,6,200,0,0,0,0,0,1,100,30,0,52.6122,100,0,0,0,0,0,0,0,0,72.8719,0,0,3134427,0,59.9377,0,0,0,154060,0,2272572,80359.3,71449.1,821.78,368.45,26429.7,0.889121,59.9377,3.0405,4,history,0,0,0,0,0,0,0
22,60,1,20,4,6,200,0,0,0,0,0,1,100,30,0,54.926,100,0,0,0,0,0,0,0,0,71.6789,0,0,3157873,0,59.9362,0,0,0,154549,0,2276068,80280,71559.6,822.613,367.994,26389.9,0.891376,59.9362,3.04207,10,stock,0,737,0,2132,0,0,0
22,60,1,20,4,6,200,0,0,0,0,0,1,100,30,0,54.926,100,0,0,0,0,0,0,0,0,71.6789,0,0,3157873,0,59.9362,0,0,0,154549,0,2276068,80280,71559.6,822.613,367.994,26389.9,0.891376,59.9362,3.04207,9,item,0,0,0,0,0,0,0
22,60,1,20,4,6,200,0,0,0,0,0,1,100,30,0,54.926,100,0,0,0,0,0,0,0,0,71.6789,0,0,3157873,0,59.9362,0,0,0,154549,0,2276068,80280,71559.6,822.613,367.994,26389.9,0.891376,59.9362,3.04207,8,orderline,0,35940,46989,138,0,0,0
22,60,1,20,4,6,200,0,0,0,0,0,1,100,30,0,54.926,100,0,0,0,0,0,0,0,0,71.6789,0,0,3157873,0,59.9362,0,0,0,154549,0,2276068,80280,71559.6,822.613,367.994,26389.9,0.891376,59.9362,3.04207,7,order_wdc,0,0,34,1,0,0,0
22,60,1,20,4,6,200,0,0,0,0,0,1,100,30,0,54.926,100,0,0,0,0,0,0,0,0,71.6789,0,0,3157873,0,59.9362,0,0,0,154549,0,2276068,80280,71559.6,822.613,367.994,26389.9,0.891376,59.9362,3.04207,6,order,0,210,144,387,0,0,0
22,60,1,20,4,6,200,0,0,0,0,0,1,100,30,0,54.926,100,0,0,0,0,0,0,0,0,71.6789,0,0,3157873,0,59.9362,0,0,0,154549,0,2276068,80280,71559.6,822.613,367.994,26389.9,0.891376,59.9362,3.04207,5,neworder,0,0,1273,327,0,0,0
22,60,1,20,4,6,200,0,0,0,0,0,1,100,30,0,54.926,100,0,0,0,0,0,0,0,0,71.6789,0,0,3157873,0,59.9362,0,0,0,154549,0,2276068,80280,71559.6,822.613,367.994,26389.9,0.891376,59.9362,3.04207,1,district,0,309664,0,206788,0,0,0
22,60,1,20,4,6,200,0,0,0,0,0,1,100,30,0,54.926,100,0,0,0,0,0,0,0,0,71.6789,0,0,3157873,0,59.9362,0,0,0,154549,0,2276068,80280,71559.6,822.613,367.994,26389.9,0.891376,59.9362,3.04207,0,warehouse,0,2483554,0,1329024,0,0,0
22,60,1,20,4,6,200,0,0,0,0,0,1,100,30,0,54.926,100,0,0,0,0,0,0,0,0,71.6789,0,0,3157873,0,59.9362,0,0,0,154549,0,2276068,80280,71559.6,822.613,367.994,26389.9,0.891376,59.9362,3.04207,2,customer,0,58,0,38,0,0,0
22,60,1,20,4,6,200,0,0,0,0,0,1,100,30,0,54.926,100,0,0,0,0,0,0,0,0,71.6789,0,0,3157873,0,59.9362,0,0,0,154549,0,2276068,80280,71559.6,822.613,367.994,26389.9,0.891376,59.9362,3.04207,3,customerwdl,0,0,0,0,0,0,0
22,60,1,20,4,6,200,0,0,0,0,0,1,100,30,0,54.926,100,0,0,0,0,0,0,0,0,71.6789,0,0,3157873,0,59.9362,0,0,0,154549,0,2276068,80280,71559.6,822.613,367.994,26389.9,0.891376,59.9362,3.04207,4,history,0,0,0,0,0,0,0
23,60,1,20,4,6,200,0,0,0,0,0,1,100,30,0,57.2445,100,0,0,0,0,0,0,0,0,70.4834,0,0,3157232,0,59.9364,0,0,0,154853,0,2281273,80016.4,71568.3,823.055,367.463,26329.9,0.894421,59.9364,3.039,10,stock,0,746,0,1943,0,0,0
23,60,1,20,4,6,200,0,0,0,0,0,1,100,30,0,57.2445,100,0,0,0,0,0,0,0,0,70.4834,0,0,3157232,0,59.9364,0,0,0,154853,0,2281273,80016.4,71568.3,823.055,367.463,26329.9,0.894421,59.9364,3.039,9,item,0,0,0,0,0,0,0
23,60,1,20,4,6,200,0,0,0,0,0,1,100,30,0,57.2445,100,0,0,0,0,0,0,0,0,70.4834,0,0,3157232,0,59.9364,0,0,0,154853,0,2281273,80016.4,71568.3,823.055,367.463,26329.9,0.894421,59.9364,3.039,8,orderline,0,34444,47499,119,0,0,0
23,60,1,20,4,6,200,0,0,0,0,0,1,100,30,0,57.2445,100,0,0,0,0,0,0,0,0,70.4834,0,0,3157232,0,59.9364,0,0,0,154853,0,2281273,80016.4,71568.3,823.055,367.463,26329.9,0.894421,59.9364,3.039,7,order_wdc,0,0,25,2,0,0,0
23,60,1,20,4,6,200,0,0,0,0,0,1,100,30,0,57.2445,100,0,0,0,0,0,0,0,0,70.4834,0,0,3157232,0,59.9364,0,0,0,154853,0,2281273,80016.4,71568.3,823.055,367.463,26329.9,0.894421,59.9364,3.039,6,order,0,236,125,367,0,0,0
23,60,1,20,4,6,200,0,0,0,0,0,1,100,30,0,57.2445,100,0,0,0,0,0,0,0,0,70.4834,0,0,3157232,0,59.9364,0,0,0,154853,0,2281273,80016.4,71568.3,823.055,367.463,26329.9,0.894421,59.9364,3.039,5,neworder,0,0,1274,311,0,0,0
23,60,1,20,4,6,200,0,0,0,0,0,1,100,30,0,57.2445,100,0,0,0,0,0,0,0,0,70.4834,0,0,3157232,0,59.9364,0,0,0,154853,0,2281273,80016.4,71568.3,823.055,367.463,26329.9,0.894421,59.9364,3.039,1,district,0,311218,0,208441,0,0,0
23,60,1,20,4,6,200,0,0,0,0,0,1,100,30,0,57.2445,100,0,0,0,0,0,0,0,0,70.4834,0,0,3157232,0,59.9364,0,0,0,154853,0,2281273,80016.4,71568.3,823.055,367.463,26329.9,0.894421,59.9364,3.039,0,warehouse,0,2446054,0,1316757,0,0,0
23,60,1,20,4,6,200,0,0,0,0,0,1,100,30,0,57.2445,100,0,0,0,0,0,0,0,0,70.4834,0,0,3157232,0,59.9364,0,0,0,154853,0,2281273,80016.4,71568.3,823.055,367.463,26329.9,0.894421,59.9364,3.039,2,customer,0,68,0,40,0,0,0
23,60,1,20,4,6,200,0,0,0,0,0,1,100,30,0,57.2445,100,0,0,0,0,0,0,0,0,70.4834,0,0,3157232,0,59.9364,0,0,0,154853,0,2281273,80016.4,71568.3,823.055,367.463,26329.9,0.894421,59.9364,3.039,3,customerwdl,0,0,0,0,0,0,0
23,60,1,20,4,6,200,0,0,0,0,0,1,100,30,0,57.2445,100,0,0,0,0,0,0,0,0,70.4834,0,0,3157232,0,59.9364,0,0,0,154853,0,2281273,80016.4,71568.3,823.055,367.463,26329.9,0.894421,59.9364,3.039,4,history,0,0,2,0,0,0,0
24,60,1,20,4,6,200,0,0,0,0,0,1,100,30,0,59.5646,100,0,0,0,0,0,0,0,0,69.2871,0,0,3149309,0,59.9369,0,0,0,155001,0,2289419,79546.5,71676.9,824.125,367.451,26232.5,0.901069,59.9369,3.03236,10,stock,0,674,0,1927,0,0,0
24,60,1,20,4,6,200,0,0,0,0,0,1,100,30,0,59.5646,100,0,0,0,0,0,0,0,0,69.2871,0,0,3149309,0,59.9369,0,0,0,155001,0,2289419,79546.5,71676.9,824.125,367.451,26232.5,0.901069,59.9369,3.03236,9,item,0,0,0,0,0,0,0
24,60,1,20,4,6,200,0,0,0,0,0,1,100,30,0,59.5646,100,0,0,0,0,0,0,0,0,69.2871,0,0,3149309,0,59.9369,0,0,0,155001,0,2289419,79546.5,71676.9,824.125,367.451,26232.5,0.901069,59.9369,3.03236,8,orderline,0,36411,47571,123,0,0,0
24,60,1,20,4,6,200,0,0,0,0,0,1,100,30,0,59.5646,100,0,0,0,0,0,0,0,0,69.2871,0,0,3149309,0,59.9369,0,0,0,155001,0,2289419,79546.5,71676.9,824.125,367.451,26232.5,0.901069,59.9369,3.03236,7,order_wdc,0,0,31,3,0,0,0
24,60,1,20,4,6,200,0,0,0,0,0,1,100,30,0,59.5646,100,0,0,0,0,0,0,0,0,69.2871,0,0,3149309,0,59.9369,0,0,0,155001,0,2289419,79546.5,71676.9,824.125,367.451,26232.5,0.901069,59.9369,3.03236,6,order,0,220,111,388,0,0,0
24,60,1,20,4,6,200,0,0,0,0,0,1,100,30,0,59.5646,100,0,0,0,0,0,0,0,0,69.2871,0,0,3149309,0,59.9369,0,0,0,155001,0,2289419,79546.5,71676.9,824.125,367.451,26232.5,0.901069,59.9369,3.03236,5,neworder,0,0,1355,305,0,0,0
24,60,1,20,4,6,200,0,0,0,0,0,1,100,30,0,59.5646,100,0,0,0,0,0,0,0,0,69.2871,0,0,3149309,0,59.9369,0,0,0,155001,0,2289419,79546.5,71676.9,824.125,367.451,26232.5,0.901069,59.9369,3.03236,1,district,0,313270,0,209023,0,0,0
24,60,1,20,4,6,200,0,0,0,0,0,1,100,30,0,59.5646,100,0,0,0,0,0,0,0,0,69.2871,0,0,3149309,0,59.9369,0,0,0,155001,0,2289419,79546.5,71676.9,824.125,367.451,26232.5,0.901069,59.9369,3.03236,0,warehouse,0,2370585,0,1300402,0,0,0
24,60,1,20,4,6,200,0,0,0,0,0,1,100,30,0,59.5646,100,0,0,0,0,0,0,0,0,69.2871,0,0,3149309,0,59.9369,0,0,0,155001,0,2289419,79546.5,71676.9,824.125,367.451,26232.5,0.901069,59.9369,3.03236,2,customer,0,80,0,42,0,0,0
24,60,1,20,4,6,200,0,0,0,0,0,1,100,30,0,59.5646,100,0,0,0,0,0,0,0,0,69.2871,0,0,3149309,0,59.9369,0,0,0,155001,0,2289419,79546.5,71676.9,824.125,367.451,26232.5,0.901069,59.9369,3.03236,3,customerwdl,0,0,0,0,0,0,0
24,60,1,20,4,6,200,0,0,0,0,0,1,100,30,0,59.5646,100,0,0,0,0,0,0,0,0,69.2871,0,0,3149309,0,59.9369,0,0,0,155001,0,2289419,79546.5,71676.9,824.125,367.451,26232.5,0.901069,59.9369,3.03236,4,history,0,0,1,0,0,0,0
