t,c_worker_threads,c_free_pct,c_cool_pct,c_pp_threads,c_partition_bits,c_dram_gib,c_target_gib,c_zipf_factor,c_run_for_seconds,c_fs,c_cm_split,c_cm_merge,c_su_merge,c_backoff_strategy,c_cm_update_tracker_pct,c_restarts_threshold,cm_threads_pro_page,space_usage_gib,p1_pct,p2_pct,p3_pct,poll_pct,find_parent_pct,iterate_children_pct,pc1,pc2,pc3,free_pct,cool_pct,cool_pct_should,evicted_mib,rounds,touches,unswizzled,cpus,submit_ms,async_mb_ws,w_mib,allocate_ops,r_mib,tx,cycle,instr,L1-miss,br-miss,task,IPC,CPU,GHz,dt_id,dt_name,dt_misses_counter,dt_restarts_update_same_size,dt_restarts_structural_change,dt_restarts_read,dt_researchy_0,dt_researchy_1,dt_researchy_2
0,120,1,10,1,6,10,1,0,60,0,1,1,0,0,1,100,2,1.78215,100,0,0,0,0,0,0,0,0,81.6216,0,18446744073709551545,0,2067217,0,0,3.38306,0,0,0,116795,0,1475,555.955,1613.74,17.9159,3.49898,2056.84,2.90265,3.38306,0.270296,0,contention,0,539,0,0,0,0,0
1,120,1,10,1,6,10,1,0,60,0,1,1,0,0,1,100,2,1.78253,100,0,0,0,0,0,0,0,0,81.6176,0,18446744073709551545,0,171341,0,0,118.474,0,0,0,25,0,142834847,1526.1,2253.32,2.25208,0.543265,835.124,1.47652,118.474,1.82739,0,contention,0,1894652,0,0,25,0,0
2,120,1,10,1,6,10,1,0,60,0,1,1,0,0,1,100,2,1.78259,100,0,0,0,0,0,0,0,0,81.617,0,18446744073709551545,0,171314,0,0,119.889,0,0,0,4,0,162529855,1436.04,2223.84,1.7969,0.485334,742.137,1.54859,119.889,1.93501,0,contention,0,1042861,0,0,4,0,0
3,120,1,10,1,6,10,1,0,60,0,1,1,0,0,1,100,2,1.78267,100,0,0,0,0,0,0,0,0,81.6162,0,18446744073709551545,0,150529,0,0,119.923,0,0,0,5,0,218390191,1523.99,2241.89,1.51598,0.487496,552.145,1.47106,119.923,2.76013,0,contention,0,3242118,0,0,5,0,0
4,120,1,10,1,6,10,1,0,60,0,1,1,0,0,1,100,2,1.78281,100,0,0,0,0,0,0,0,0,81.6148,0,18446744073709551545,0,144133,0,0,119.914,0,0,0,9,0,245852219,1381.89,2218.26,1.14777,0.436006,490.518,1.60524,119.914,2.8172,0,contention,0,2411516,0,0,9,0,0
5,120,1,10,1,6,10,1,0,60,0,1,1,0,0,1,100,2,1.78284,100,0,0,0,0,0,0,0,0,81.6145,0,18446744073709551545,0,141112,0,0,119.893,0,0,0,2,0,266391955,1248.54,2207.78,0.892265,0.400095,452.628,1.76828,119.893,2.75843,0,contention,0,894495,0,0,2,0,0
6,120,1,10,1,6,10,1,0,60,0,1,1,0,0,1,100,2,1.78284,100,0,0,0,0,0,0,0,0,81.6145,0,18446744073709551545,0,142005,0,0,119.902,0,0,0,0,0,272873342,1215.56,2187.81,0.845371,0.400926,446.095,1.79984,119.902,2.72489,0,contention,0,701453,0,0,0,0,0
7,120,1,10,1,6,10,1,0,60,0,1,1,0,0,1,100,2,1.78288,100,0,0,0,0,0,0,0,0,81.614,0,18446744073709551545,0,139517,0,0,119.912,0,0,0,3,0,273445067,1203.79,2210.03,0.785393,0.410237,440.908,1.83589,119.912,2.73026,0,contention,0,792883,0,0,3,0,0
8,120,1,10,1,6,10,1,0,60,0,1,1,0,0,1,100,2,1.78288,100,0,0,0,0,0,0,0,0,81.614,0,18446744073709551545,0,139280,0,0,119.911,0,0,0,0,0,275331876,1191.83,2203.66,0.764029,0.420442,437.857,1.84897,119.911,2.72196,0,contention,0,683057,0,0,0,0,0
9,120,1,10,1,6,10,1,0,60,0,1,1,0,0,1,100,2,1.78291,100,0,0,0,0,0,0,0,0,81.6137,0,18446744073709551545,0,138423,0,0,119.925,0,0,0,2,0,278554992,1173.8,2199.21,0.737263,0.416902,432.825,1.87359,119.925,2.71194,0,contention,0,624442,0,0,2,0,0
10,120,1,10,1,6,10,1,0,60,0,1,1,0,0,1,100,2,1.78291,100,0,0,0,0,0,0,0,0,81.6137,0,18446744073709551545,0,137913,0,0,119.926,0,0,0,0,0,281491186,1157.2,2196.46,0.68471,0.418898,428.309,1.89808,119.926,2.70178,0,contention,0,677310,0,0,0,0,0
11,120,1,10,1,6,10,1,0,60,0,1,1,0,0,1,100,2,1.78291,100,0,0,0,0,0,0,0,0,81.6137,0,18446744073709551545,0,138430,0,0,119.923,0,0,0,0,0,279796361,1168.53,2198.67,0.681654,0.43078,430.931,1.88157,119.923,2.71164,0,contention,0,860245,0,0,0,0,0
12,120,1,10,1,6,10,1,0,60,0,1,1,0,0,1,100,2,1.78293,100,0,0,0,0,0,0,0,0,81.6135,0,18446744073709551545,0,137961,0,0,119.922,0,0,0,1,0,280870351,1159.94,2200.05,0.686732,0.425648,429.291,1.89668,119.922,2.702,0,contention,0,737003,0,0,1,0,0
13,120,1,10,1,6,10,1,0,60,0,1,1,0,0,1,100,2,1.78293,100,0,0,0,0,0,0,0,0,81.6135,0,18446744073709551545,0,137972,0,0,119.928,0,0,0,0,0,284040435,1143.73,2200.25,0.644985,0.417069,424.498,1.92375,119.928,2.69432,0,contention,0,621497,0,0,0,0,0
14,120,1,10,1,6,10,1,0,60,0,1,1,0,0,1,100,2,1.78294,100,0,0,0,0,0,0,0,0,81.6134,0,18446744073709551545,0,137280,0,0,119.93,0,0,0,1,0,283931280,1141.98,2209.44,0.618057,0.422883,424.65,1.93474,119.93,2.68923,0,contention,0,608269,0,0,1,0,0
15,120,1,10,1,6,10,1,0,60,0,1,1,0,0,1,100,2,1.78294,100,0,0,0,0,0,0,0,0,81.6134,0,18446744073709551545,0,137929,0,0,119.923,0,0,0,0,0,283658687,1147.22,2210.66,0.621658,0.42635,426.199,1.92697,119.923,2.69175,0,contention,0,612530,0,0,0,0,0
16,120,1,10,1,6,10,1,0,60,0,1,1,0,0,1,100,2,1.78294,100,0,0,0,0,0,0,0,0,81.6134,0,18446744073709551545,0,137565,0,0,119.924,0,0,0,0,0,282743298,1147.5,2210.75,0.633534,0.432288,426.429,1.92658,119.924,2.69095,0,contention,0,667305,0,0,0,0,0
17,120,1,10,1,6,10,1,0,60,0,1,1,0,0,1,100,2,1.78294,100,0,0,0,0,0,0,0,0,81.6134,0,18446744073709551545,0,137255,0,0,119.924,0,0,0,0,0,283998000,1137.81,2205.39,0.643005,0.425432,424.558,1.93828,119.924,2.67998,0,contention,0,667661,0,0,0,0,0
18,120,1,10,1,6,10,1,0,60,0,1,1,0,0,1,100,2,1.78296,100,0,0,0,0,0,0,0,0,81.6132,0,18446744073709551545,0,138044,0,0,119.923,0,0,0,1,0,285777209,1131.16,2187.81,0.614967,0.424334,422.01,1.93412,119.923,2.68042,0,contention,0,699430,0,0,1,0,0
19,120,1,10,1,6,10,1,0,60,0,1,1,0,0,1,100,2,1.78296,100,0,0,0,0,0,0,0,0,81.6132,0,18446744073709551545,0,136625,0,0,119.925,0,0,0,0,0,285857655,1129.05,2189.67,0.594967,0.430443,421.892,1.93938,119.925,2.67617,0,contention,0,646591,0,0,0,0,0
20,120,1,10,1,6,10,1,0,60,0,1,1,0,0,1,100,2,1.78296,100,0,0,0,0,0,0,0,0,81.6132,0,18446744073709551545,0,136305,0,0,119.925,0,0,0,0,0,286022358,1126.27,2191.02,0.593116,0.43009,421.679,1.94537,119.925,2.67092,0,contention,0,799424,0,0,0,0,0
21,120,1,10,1,6,10,1,0,60,0,1,1,0,0,1,100,2,1.78296,100,0,0,0,0,0,0,0,0,81.6132,0,18446744073709551545,0,136365,0,0,119.926,0,0,0,0,0,284560240,1132.27,2191.71,0.587899,0.435547,423.872,1.93567,119.926,2.67126,0,contention,0,959819,0,0,0,0,0
22,120,1,10,1,6,10,1,0,60,0,1,1,0,0,1,100,2,1.78296,100,0,0,0,0,0,0,0,0,81.6132,0,18446744073709551545,0,136537,0,0,119.919,0,0,0,0,0,284716901,1132.94,2192.06,0.59098,0.437201,423.534,1.93484,119.919,2.67498,0,contention,0,997158,0,0,0,0,0
23,120,1,10,1,6,10,1,0,60,0,1,1,0,0,1,100,2,1.78299,100,0,0,0,0,0,0,0,0,81.6129,0,18446744073709551545,0,137306,0,0,119.905,0,0,0,2,0,287615130,1119.89,2180.19,0.581959,0.433043,419.147,1.94678,119.905,2.67184,0,contention,0,1103103,0,0,2,0,0
24,120,1,10,1,6,10,1,0,60,0,1,1,0,0,1,100,2,1.78299,100,0,0,0,0,0,0,0,0,81.6129,0,18446744073709551545,0,135812,0,0,119.92,0,0,0,0,0,287609326,1115.55,2201.3,0.535117,0.452073,419.221,1.97329,119.92,2.66101,0,contention,0,1106377,0,0,0,0,0
25,120,1,10,1,6,10,1,0,60,0,1,1,0,0,1,100,2,1.78299,100,0,0,0,0,0,0,0,0,81.6129,0,18446744073709551545,0,135845,0,0,119.918,0,0,0,0,0,287356425,1117.08,2199.47,0.531638,0.45229,419.61,1.96894,119.918,2.66219,0,contention,0,820158,0,0,0,0,0
26,120,1,10,1,6,10,1,0,60,0,1,1,0,0,1,100,2,1.783,100,0,0,0,0,0,0,0,0,81.6127,0,18446744073709551545,0,131767,0,0,119.915,0,0,0,1,0,288983885,1105.94,2199.37,0.530557,0.444174,417.214,1.98869,119.915,2.65078,0,contention,0,766307,0,0,1,0,0
27,120,1,10,1,6,10,1,0,60,0,1,1,0,0,1,100,2,1.78302,100,0,0,0,0,0,0,0,0,81.6126,0,18446744073709551545,0,126915,0,0,119.921,0,0,0,1,0,289739610,1102.74,2195.45,0.52069,0.450096,416.257,1.9909,119.921,2.64919,0,contention,0,623124,0,0,1,0,0
28,120,1,10,1,6,10,1,0,60,0,1,1,0,0,1,100,2,1.78302,100,0,0,0,0,0,0,0,0,81.6126,0,18446744073709551545,0,126644,0,0,119.923,0,0,0,0,0,293629708,1084.57,2199.58,0.46956,0.439453,410.739,2.02807,119.923,2.64053,0,contention,0,432205,0,0,0,0,0
29,120,1,10,1,6,10,1,0,60,0,1,1,0,0,1,100,2,1.78302,100,0,0,0,0,0,0,0,0,81.6126,0,18446744073709551545,0,126687,0,0,119.921,0,0,0,0,0,293833944,1084.44,2200.07,0.461563,0.437848,410.488,2.02876,119.921,2.64184,0,contention,0,497228,0,0,0,0,0
30,120,1,10,1,6,10,1,0,60,0,1,1,0,0,1,100,2,1.78302,100,0,0,0,0,0,0,0,0,81.6126,0,18446744073709551545,0,126597,0,0,119.927,0,0,0,0,0,293538583,1083.59,2199.7,0.45839,0.436647,410.881,2.03002,119.927,2.63723,0,contention,0,326150,0,0,0,0,0
31,120,1,10,1,6,10,1,0,60,0,1,1,0,0,1,100,2,1.78302,100,0,0,0,0,0,0,0,0,81.6126,0,18446744073709551545,0,126329,0,0,119.922,0,0,0,0,0,292727456,1086.25,2199.18,0.463283,0.43869,411.999,2.02456,119.922,2.63653,0,contention,0,338463,0,0,0,0,0
32,120,1,10,1,6,10,1,0,60,0,1,1,0,0,1,100,2,1.78304,100,0,0,0,0,0,0,0,0,81.6124,0,18446744073709551545,0,127062,0,0,119.924,0,0,0,1,0,295104175,1076.53,2184.83,0.459573,0.43591,408.753,2.02952,119.924,2.63369,0,contention,0,332003,0,0,1,0,0
33,120,1,10,1,6,10,1,0,60,0,1,1,0,0,1,100,2,1.78305,100,0,0,0,0,0,0,0,0,81.6123,0,18446744073709551545,0,125643,0,0,119.926,0,0,0,1,0,297456626,1063.08,2195.96,0.415187,0.435902,405.529,2.06566,119.926,2.62145,0,contention,0,268034,0,0,1,0,0
34,120,1,10,1,6,10,1,0,60,0,1,1,0,0,1,100,2,1.78305,100,0,0,0,0,0,0,0,0,81.6123,0,18446744073709551545,0,125561,0,0,119.927,0,0,0,0,0,298481906,1059.14,2195.45,0.402427,0.432375,404.127,2.07285,119.927,2.62082,0,contention,0,269120,0,0,0,0,0
35,120,1,10,1,6,10,1,0,60,0,1,1,0,0,1,100,2,1.78305,100,0,0,0,0,0,0,0,0,81.6123,0,18446744073709551545,0,125409,0,0,119.926,0,0,0,0,0,298200937,1059.52,2196.29,0.400595,0.433636,404.532,2.07292,119.926,2.61912,0,contention,0,265447,0,0,0,0,0
36,120,1,10,1,6,10,1,0,60,0,1,1,0,0,1,100,2,1.78307,100,0,0,0,0,0,0,0,0,81.6121,0,18446744073709551545,0,125241,0,0,119.919,0,0,0,1,0,300142832,1050.58,2193.48,0.398256,0.43989,401.863,2.08788,119.919,2.61426,0,contention,0,244339,0,0,1,0,0
37,120,1,10,1,6,10,1,0,60,0,1,1,0,0,1,100,2,1.78307,100,0,0,0,0,0,0,0,0,81.6121,0,18446744073709551545,0,125163,0,0,119.926,0,0,0,0,0,299890229,1050.76,2192.47,0.402997,0.445556,402.226,2.08656,119.926,2.61236,0,contention,0,229416,0,0,0,0,0
38,120,1,10,1,6,10,1,0,60,0,1,1,0,0,1,100,2,1.78307,100,0,0,0,0,0,0,0,0,81.6121,0,18446744073709551545,0,125224,0,0,119.927,0,0,0,0,0,300261039,1049.8,2191.56,0.398997,0.443993,401.733,2.0876,119.927,2.61318,0,contention,0,225672,0,0,0,0,0
39,120,1,10,1,6,10,1,0,60,0,1,1,0,0,1,100,2,1.78307,100,0,0,0,0,0,0,0,0,81.6121,0,18446744073709551545,0,125578,0,0,119.923,0,0,0,0,0,301405800,1044.77,2183.58,0.395779,0.44307,400.045,2.09001,119.923,2.61163,0,contention,0,228457,0,0,0,0,0
40,120,1,10,1,6,10,1,0,60,0,1,1,0,0,1,100,2,1.78307,100,0,0,0,0,0,0,0,0,81.6121,0,18446744073709551545,0,125228,0,0,119.916,0,0,0,0,0,299822061,1051.69,2193.37,0.405422,0.444995,403.098,2.08556,119.916,2.60902,0,contention,0,229494,0,0,0,0,0
41,120,1,10,1,6,10,1,0,60,0,1,1,0,0,1,100,2,1.78307,100,0,0,0,0,0,0,0,0,81.6121,0,18446744073709551545,0,124816,0,0,119.916,0,0,0,0,0,299880787,1047.95,2193.02,0.404498,0.440227,402.153,2.09267,119.916,2.60586,0,contention,0,230285,0,0,0,0,0
42,120,1,10,1,6,10,1,0,60,0,1,1,0,0,1,100,2,1.78307,100,0,0,0,0,0,0,0,0,81.6121,0,18446744073709551545,0,124908,0,0,119.928,0,0,0,0,0,299990958,1047.53,2189.76,0.393949,0.444426,401.944,2.09039,119.928,2.60617,0,contention,0,228103,0,0,0,0,0
43,120,1,10,1,6,10,1,0,60,0,1,1,0,0,1,100,2,1.78307,100,0,0,0,0,0,0,0,0,81.6121,0,18446744073709551545,0,125326,0,0,119.929,0,0,0,0,0,300805360,1045.38,2184.34,0.390207,0.442943,400.891,2.08953,119.929,2.60763,0,contention,0,249334,0,0,0,0,0
44,120,1,10,1,6,10,1,0,60,0,1,1,0,0,1,100,2,1.78307,100,0,0,0,0,0,0,0,0,81.6121,0,18446744073709551545,0,124678,0,0,119.927,0,0,0,0,0,299280018,1049.2,2193.06,0.387861,0.444817,402.94,2.09023,119.927,2.60386,0,contention,0,246526,0,0,0,0,0
45,120,1,10,1,6,10,1,0,60,0,1,1,0,0,1,100,2,1.78307,100,0,0,0,0,0,0,0,0,81.6121,0,18446744073709551545,0,125073,0,0,119.912,0,0,0,0,0,300916658,1042.38,2184.57,0.385406,0.435005,400.733,2.09574,119.912,2.6012,0,contention,0,251215,0,0,0,0,0
46,120,1,10,1,6,10,1,0,60,0,1,1,0,0,1,100,2,1.78307,100,0,0,0,0,0,0,0,0,81.6121,0,18446744073709551545,0,125405,0,0,119.927,0,0,0,0,0,301093803,1041.82,2175.95,0.384565,0.440197,400.479,2.0886,119.927,2.60144,0,contention,0,287750,0,0,0,0,0
47,120,1,10,1,6,10,1,0,60,0,1,1,0,0,1,100,2,1.78307,100,0,0,0,0,0,0,0,0,81.6121,0,18446744073709551545,0,124898,0,0,119.928,0,0,0,0,0,300046481,1045.74,2185.7,0.381137,0.443827,401.868,2.09009,119.928,2.60221,0,contention,0,256991,0,0,0,0,0
48,120,1,10,1,6,10,1,0,60,0,1,1,0,0,1,100,2,1.78308,100,0,0,0,0,0,0,0,0,81.612,0,18446744073709551545,0,125330,0,0,119.928,0,0,0,1,0,302931213,1033.56,2178.62,0.342695,0.439714,398.057,2.10788,119.928,2.59651,0,contention,0,221767,0,0,1,0,0
49,120,1,10,1,6,10,1,0,60,0,1,1,0,0,1,100,2,1.78308,100,0,0,0,0,0,0,0,0,81.612,0,18446744073709551545,0,124255,0,0,119.928,0,0,0,0,0,300285838,1042.65,2196.05,0.34693,0.445168,401.564,2.10622,119.928,2.59647,0,contention,0,266430,0,0,0,0,0
50,120,1,10,1,6,10,1,0,60,0,1,1,0,0,1,100,2,1.78308,100,0,0,0,0,0,0,0,0,81.612,0,18446744073709551545,0,124270,0,0,119.91,0,0,0,0,0,300635343,1041.11,2195.99,0.348129,0.440203,401.05,2.10928,119.91,2.59596,0,contention,0,176237,0,0,0,0,0
51,120,1,10,1,6,10,1,0,60,0,1,1,0,0,1,100,2,1.78308,100,0,0,0,0,0,0,0,0,81.612,0,18446744073709551545,0,124340,0,0,119.926,0,0,0,0,0,300113266,1043.44,2197.62,0.350044,0.44504,401.844,2.10614,119.926,2.59662,0,contention,0,363025,0,0,0,0,0
52,120,1,10,1,6,10,1,0,60,0,1,1,0,0,1,100,2,1.78308,100,0,0,0,0,0,0,0,0,81.612,0,18446744073709551545,0,124257,0,0,119.906,0,0,0,0,0,299460613,1045.4,2197.57,0.348264,0.446127,402.632,2.10213,119.906,2.59642,0,contention,0,558431,0,0,0,0,0
53,120,1,10,1,6,10,1,0,60,0,1,1,0,0,1,100,2,1.78308,100,0,0,0,0,0,0,0,0,81.612,0,18446744073709551545,0,124279,0,0,119.929,0,0,0,0,0,298908882,1047.43,2198.82,0.344572,0.450566,403.442,2.09924,119.929,2.59624,0,contention,0,570441,0,0,0,0,0
54,120,1,10,1,6,10,1,0,60,0,1,1,0,0,1,100,2,1.78308,100,0,0,0,0,0,0,0,0,81.612,0,18446744073709551545,0,124323,0,0,119.929,0,0,0,0,0,299025615,1046.91,2198.69,0.348261,0.450498,403.286,2.10017,119.929,2.59595,0,contention,0,528890,0,0,0,0,0
55,120,1,10,1,6,10,1,0,60,0,1,1,0,0,1,100,2,1.7831,100,0,0,0,0,0,0,0,0,81.6118,0,18446744073709551545,0,124518,0,0,119.928,0,0,0,1,0,299179633,1048.52,2199.98,0.276288,0.449606,403.995,2.09818,119.928,2.59538,0,contention,0,521124,0,0,1,0,0
56,120,1,10,1,6,10,1,0,60,0,1,1,0,0,1,100,2,1.7831,100,0,0,0,0,0,0,0,0,81.6118,0,18446744073709551545,0,124212,0,0,119.925,0,0,0,0,0,299889142,1043.28,2197.06,0.253549,0.443902,402.096,2.10592,119.925,2.5946,0,contention,0,173753,0,0,0,0,0
57,120,1,10,1,6,10,1,0,60,0,1,1,0,0,1,100,2,1.7831,100,0,0,0,0,0,0,0,0,81.6118,0,18446744073709551545,0,123948,0,0,119.928,0,0,0,0,0,300309416,1041.3,2195.81,0.254403,0.442031,401.537,2.10872,119.928,2.59329,0,contention,0,144606,0,0,0,0,0
58,120,1,10,1,6,10,1,0,60,0,1,1,0,0,1,100,2,1.7831,100,0,0,0,0,0,0,0,0,81.6118,0,18446744073709551545,0,123907,0,0,119.917,0,0,0,0,0,300778451,1038.74,2195.59,0.257,0.436505,400.857,2.11371,119.917,2.59129,0,contention,0,162774,0,0,0,0,0
59,120,1,10,1,6,10,1,0,60,0,1,1,0,0,1,100,2,1.7831,100,0,0,0,0,0,0,0,0,81.6118,0,18446744073709551545,0,124006,0,0,119.919,0,0,0,0,0,299602205,1043.5,2196.94,0.255123,0.443457,402.458,2.10536,119.919,2.59282,0,contention,0,161893,0,0,0,0,0
0,120,1,10,1,6,10,1,0,60,0,0,0,0,0,1,100,2,1.78215,100,0,0,0,0,0,0,0,0,81.6216,0,18446744073709551545,0,2296763,0,0,1.25555,0,0,0,116795,0,1418,164.127,329.441,8.45416,1.61283,615.767,2.00723,1.25555,0.266541,0,contention,0,375,0,0,0,0,0
1,120,1,10,1,6,10,1,0,60,0,0,0,0,0,1,100,2,1.78215,100,0,0,0,0,0,0,0,0,81.6216,0,18446744073709551545,0,169705,0,0,118.712,0,0,0,0,0,119035618,1823.78,2317.3,3.48813,0.65732,1003.99,1.2706,118.712,1.81653,0,contention,0,4244234,0,0,0,0,0
2,120,1,10,1,6,10,1,0,60,0,0,0,0,0,1,100,2,1.78215,100,0,0,0,0,0,0,0,0,81.6216,0,18446744073709551545,0,167990,0,0,119.904,0,0,0,0,0,129186850,1804.54,2318.71,3.47003,0.67873,932.495,1.28493,119.904,1.93517,0,contention,0,5045914,0,0,0,0,0
3,120,1,10,1,6,10,1,0,60,0,0,0,0,0,1,100,2,1.78215,100,0,0,0,0,0,0,0,0,81.6216,0,18446744073709551545,0,139043,0,0,119.933,0,0,0,0,0,182843857,1756.02,2309.58,3.41195,0.661619,658.668,1.31524,119.933,2.66601,0,contention,0,6283302,0,0,0,0,0
4,120,1,10,1,6,10,1,0,60,0,0,0,0,0,1,100,2,1.78215,100,0,0,0,0,0,0,0,0,81.6216,0,18446744073709551545,0,135979,0,0,119.934,0,0,0,0,0,187112884,1747.96,2296.36,3.38243,0.645208,643.688,1.31374,119.934,2.71553,0,contention,0,6361938,0,0,0,0,0
5,120,1,10,1,6,10,1,0,60,0,0,0,0,0,1,100,2,1.78215,100,0,0,0,0,0,0,0,0,81.6216,0,18446744073709551545,0,134968,0,0,119.929,0,0,0,0,0,186542896,1750.26,2305.35,3.39342,0.64551,645.641,1.31714,119.929,2.71089,0,contention,0,6101720,0,0,0,0,0
6,120,1,10,1,6,10,1,0,60,0,0,0,0,0,1,100,2,1.78215,100,0,0,0,0,0,0,0,0,81.6216,0,18446744073709551545,0,134956,0,0,119.927,0,0,0,0,0,186840595,1746.08,2303.51,3.38693,0.640919,644.637,1.31925,119.927,2.70862,0,contention,0,5988418,0,0,0,0,0
7,120,1,10,1,6,10,1,0,60,0,0,0,0,0,1,100,2,1.78215,100,0,0,0,0,0,0,0,0,81.6216,0,18446744073709551545,0,135584,0,0,119.93,0,0,0,0,0,185233363,1767,2308.01,3.40977,0.653626,650.258,1.30617,119.93,2.71739,0,contention,0,6234793,0,0,0,0,0
8,120,1,10,1,6,10,1,0,60,0,0,0,0,0,1,100,2,1.78215,100,0,0,0,0,0,0,0,0,81.6216,0,18446744073709551545,0,135186,0,0,119.925,0,0,0,0,0,186183180,1754.77,2308.49,3.38524,0.643483,646.902,1.31555,119.925,2.71257,0,contention,0,6376959,0,0,0,0,0
9,120,1,10,1,6,10,1,0,60,0,0,0,0,0,1,100,2,1.78215,100,0,0,0,0,0,0,0,0,81.6216,0,18446744073709551545,0,134417,0,0,119.925,0,0,0,0,0,186205156,1751.29,2304.95,3.3826,0.64964,646.822,1.31614,119.925,2.70753,0,contention,0,6128581,0,0,0,0,0
10,120,1,10,1,6,10,1,0,60,0,0,0,0,0,1,100,2,1.78215,100,0,0,0,0,0,0,0,0,81.6216,0,18446744073709551545,0,133852,0,0,119.919,0,0,0,0,0,187266835,1740.6,2302,3.37065,0.640827,643.143,1.32253,119.919,2.70639,0,contention,0,5948054,0,0,0,0,0
11,120,1,10,1,6,10,1,0,60,0,0,0,0,0,1,100,2,1.78215,100,0,0,0,0,0,0,0,0,81.6216,0,18446744073709551545,0,133838,0,0,119.931,0,0,0,0,0,188517346,1723.73,2295.45,3.3496,0.633799,638.884,1.33167,119.931,2.69804,0,contention,0,5915687,0,0,0,0,0
12,120,1,10,1,6,10,1,0,60,0,0,0,0,0,1,100,2,1.78215,100,0,0,0,0,0,0,0,0,81.6216,0,18446744073709551545,0,133971,0,0,119.921,0,0,0,0,0,187263214,1741.24,2302.24,3.36607,0.642823,643.158,1.32219,119.921,2.70733,0,contention,0,5963562,0,0,0,0,0
13,120,1,10,1,6,10,1,0,60,0,0,0,0,0,1,100,2,1.78215,100,0,0,0,0,0,0,0,0,81.6216,0,18446744073709551545,0,133685,0,0,119.933,0,0,0,0,0,187076606,1740.01,2301.77,3.37375,0.643637,643.836,1.32285,119.933,2.70257,0,contention,0,5934755,0,0,0,0,0
14,120,1,10,1,6,10,1,0,60,0,0,0,0,0,1,100,2,1.78215,100,0,0,0,0,0,0,0,0,81.6216,0,18446744073709551545,0,133560,0,0,119.929,0,0,0,0,0,186633888,1742.96,2302.82,3.37504,0.645768,645.37,1.32121,119.929,2.70071,0,contention,0,6010924,0,0,0,0,0
15,120,1,10,1,6,10,1,0,60,0,0,0,0,0,1,100,2,1.78215,100,0,0,0,0,0,0,0,0,81.6216,0,18446744073709551545,0,133157,0,0,119.929,0,0,0,0,0,188391110,1720.76,2298.87,3.34068,0.630277,639.351,1.33596,119.929,2.69142,0,contention,0,5769786,0,0,0,0,0
16,120,1,10,1,6,10,1,0,60,0,0,0,0,0,1,100,2,1.78215,100,0,0,0,0,0,0,0,0,81.6216,0,18446744073709551545,0,165717,0,0,119.868,0,0,0,0,0,189106468,1704.22,2298.36,3.32326,0.638352,636.592,1.34863,119.868,2.6771,0,contention,0,5761689,0,0,0,0,0
17,120,1,10,1,6,10,1,0,60,0,0,0,0,0,1,100,2,1.78215,100,0,0,0,0,0,0,0,0,81.6216,0,18446744073709551545,0,133150,0,0,119.932,0,0,0,0,0,189116714,1715.22,2291.7,3.32682,0.638346,636.847,1.33609,119.932,2.6933,0,contention,0,5942824,0,0,0,0,0
18,120,1,10,1,6,10,1,0,60,0,0,0,0,0,1,100,2,1.78215,100,0,0,0,0,0,0,0,0,81.6216,0,18446744073709551545,0,133687,0,0,119.934,0,0,0,0,0,188176851,1724.11,2294.56,3.34167,0.64137,640.103,1.33087,119.934,2.69349,0,contention,0,5893120,0,0,0,0,0
19,120,1,10,1,6,10,1,0,60,0,0,0,0,0,1,100,2,1.78215,100,0,0,0,0,0,0,0,0,81.6216,0,18446744073709551545,0,133835,0,0,119.927,0,0,0,0,0,188575024,1719.34,2295.99,3.33898,0.648257,638.582,1.33539,119.927,2.69243,0,contention,0,5969145,0,0,0,0,0
20,120,1,10,1,6,10,1,0,60,0,0,0,0,0,1,100,2,1.78215,100,0,0,0,0,0,0,0,0,81.6216,0,18446744073709551545,0,134761,0,0,119.908,0,0,0,0,0,187916109,1724.11,2300.23,3.34982,0.650287,640.729,1.33416,119.908,2.69085,0,contention,0,5781087,0,0,0,0,0
21,120,1,10,1,6,10,1,0,60,0,0,0,0,0,1,100,2,1.78215,100,0,0,0,0,0,0,0,0,81.6216,0,18446744073709551545,0,134867,0,0,119.929,0,0,0,0,0,187380061,1728.53,2302.56,3.35842,0.656098,642.665,1.33209,119.929,2.68962,0,contention,0,5942465,0,0,0,0,0
22,120,1,10,1,6,10,1,0,60,0,0,0,0,0,1,100,2,1.78215,100,0,0,0,0,0,0,0,0,81.6216,0,18446744073709551545,0,136776,0,0,119.924,0,0,0,0,0,190215762,1706.41,2275.4,3.31124,0.639974,633.796,1.33344,119.924,2.69237,0,contention,0,5860461,0,0,0,0,0
23,120,1,10,1,6,10,1,0,60,0,0,0,0,0,1,100,2,1.78215,100,0,0,0,0,0,0,0,0,81.6216,0,18446744073709551545,0,134525,0,0,119.922,0,0,0,0,0,188727033,1717.36,2287.33,3.31838,0.634909,639.035,1.33189,119.922,2.68743,0,contention,0,5646858,0,0,0,0,0
24,120,1,10,1,6,10,1,0,60,0,0,0,0,0,1,100,2,1.78215,100,0,0,0,0,0,0,0,0,81.6216,0,18446744073709551545,0,134697,0,0,119.922,0,0,0,0,0,187957390,1721.11,2296.97,3.33025,0.640459,641.646,1.33459,119.922,2.68234,0,contention,0,5575736,0,0,0,0,0
25,120,1,10,1,6,10,1,0,60,0,0,0,0,0,1,100,2,1.78215,100,0,0,0,0,0,0,0,0,81.6216,0,18446744073709551545,0,134422,0,0,119.924,0,0,0,0,0,188673489,1710.81,2298.98,3.32666,0.638851,639.099,1.34379,119.924,2.67691,0,contention,0,5776504,0,0,0,0,0
26,120,1,10,1,6,10,1,0,60,0,0,0,0,0,1,100,2,1.78215,100,0,0,0,0,0,0,0,0,81.6216,0,18446744073709551545,0,133520,0,0,119.93,0,0,0,0,0,188739596,1709.32,2298.85,3.3155,0.64063,638.431,1.34489,119.93,2.67737,0,contention,0,5803651,0,0,0,0,0
27,120,1,10,1,6,10,1,0,60,0,0,0,0,0,1,100,2,1.78215,100,0,0,0,0,0,0,0,0,81.6216,0,18446744073709551545,0,133947,0,0,119.937,0,0,0,0,0,189781838,1699.56,2297.47,3.29666,0.630402,634.989,1.3518,119.937,2.67652,0,contention,0,5745899,0,0,0,0,0
28,120,1,10,1,6,10,1,0,60,0,0,0,0,0,1,100,2,1.78215,100,0,0,0,0,0,0,0,0,81.6216,0,18446744073709551545,0,132262,0,0,119.933,0,0,0,0,0,189989527,1694.53,2294.79,3.28585,0.62489,634.301,1.35424,119.933,2.67149,0,contention,0,5523678,0,0,0,0,0
29,120,1,10,1,6,10,1,0,60,0,0,0,0,0,1,100,2,1.78215,100,0,0,0,0,0,0,0,0,81.6216,0,18446744073709551545,0,131798,0,0,119.932,0,0,0,0,0,190210635,1691.65,2292.01,3.27964,0.622182,633.611,1.3549,119.932,2.66985,0,contention,0,5302972,0,0,0,0,0
30,120,1,10,1,6,10,1,0,60,0,0,0,0,0,1,100,2,1.78215,100,0,0,0,0,0,0,0,0,81.6216,0,18446744073709551545,0,133247,0,0,119.928,0,0,0,0,0,188958161,1703.17,2298.5,3.30516,0.6357,637.827,1.34954,119.928,2.67027,0,contention,0,5805230,0,0,0,0,0
31,120,1,10,1,6,10,1,0,60,0,0,0,0,0,1,100,2,1.78215,100,0,0,0,0,0,0,0,0,81.6216,0,18446744073709551545,0,131999,0,0,119.936,0,0,0,0,0,189289889,1700.27,2298.47,3.30397,0.63375,636.572,1.35183,119.936,2.67098,0,contention,0,5800046,0,0,0,0,0
32,120,1,10,1,6,10,1,0,60,0,0,0,0,0,1,100,2,1.78215,100,0,0,0,0,0,0,0,0,81.6216,0,18446744073709551545,0,133018,0,0,119.927,0,0,0,0,0,188642609,1707.01,2296.88,3.31878,0.637779,638.881,1.34556,119.927,2.67187,0,contention,0,5619657,0,0,0,0,0
33,120,1,10,1,6,10,1,0,60,0,0,0,0,0,1,100,2,1.78215,100,0,0,0,0,0,0,0,0,81.6216,0,18446744073709551545,0,132713,0,0,119.925,0,0,0,0,0,188954456,1703.67,2294.59,3.31003,0.637205,638.342,1.34685,119.925,2.6689,0,contention,0,5449482,0,0,0,0,0
34,120,1,10,1,6,10,1,0,60,0,0,0,0,0,1,100,2,1.78215,100,0,0,0,0,0,0,0,0,81.6216,0,18446744073709551545,0,133089,0,0,119.912,0,0,0,0,0,188539649,1704.49,2299.86,3.31483,0.642518,639.65,1.34929,119.912,2.66473,0,contention,0,5899847,0,0,0,0,0
35,120,1,10,1,6,10,1,0,60,0,0,0,0,0,1,100,2,1.78215,100,0,0,0,0,0,0,0,0,81.6216,0,18446744073709551545,0,132560,0,0,119.909,0,0,0,0,0,188764567,1705.08,2297.69,3.31275,0.641376,639.092,1.34756,119.909,2.66797,0,contention,0,5738462,0,0,0,0,0
36,120,1,10,1,6,10,1,0,60,0,0,0,0,0,1,100,2,1.78215,100,0,0,0,0,0,0,0,0,81.6216,0,18446744073709551545,0,134276,0,0,119.917,0,0,0,0,0,188986371,1707.45,2292.59,3.30653,0.633058,638.298,1.3427,119.917,2.67501,0,contention,0,5274007,0,0,0,0,0
37,120,1,10,1,6,10,1,0,60,0,0,0,0,0,1,100,2,1.78215,100,0,0,0,0,0,0,0,0,81.6216,0,18446744073709551545,0,133222,0,0,119.92,0,0,0,0,0,188869589,1705.06,2291.49,3.30453,0.633099,638.675,1.34393,119.92,2.66969,0,contention,0,5172850,0,0,0,0,0
38,120,1,10,1,6,10,1,0,60,0,0,0,0,0,1,100,2,1.78215,100,0,0,0,0,0,0,0,0,81.6216,0,18446744073709551545,0,133313,0,0,119.924,0,0,0,0,0,189145850,1703.55,2290.46,3.30254,0.629323,637.404,1.34453,119.924,2.67263,0,contention,0,5127824,0,0,0,0,0
39,120,1,10,1,6,10,1,0,60,0,0,0,0,0,1,100,2,1.78215,100,0,0,0,0,0,0,0,0,81.6216,0,18446744073709551545,0,133529,0,0,119.944,0,0,0,0,0,188212590,1712.45,2296.57,3.31317,0.637496,640.048,1.3411,119.944,2.6755,0,contention,0,5568895,0,0,0,0,0
40,120,1,10,1,6,10,1,0,60,0,0,0,0,0,1,100,2,1.78215,100,0,0,0,0,0,0,0,0,81.6216,0,18446744073709551545,0,133249,0,0,119.934,0,0,0,0,0,187730626,1714.13,2297.83,3.31528,0.644128,641.687,1.34053,119.934,2.67128,0,contention,0,5687073,0,0,0,0,0
41,120,1,10,1,6,10,1,0,60,0,0,0,0,0,1,100,2,1.78215,100,0,0,0,0,0,0,0,0,81.6216,0,18446744073709551545,0,131973,0,0,119.935,0,0,0,0,0,187983761,1708.99,2295.71,3.30332,0.63534,640.789,1.34331,119.935,2.66702,0,contention,0,5501337,0,0,0,0,0
42,120,1,10,1,6,10,1,0,60,0,0,0,0,0,1,100,2,1.78215,100,0,0,0,0,0,0,0,0,81.6216,0,18446744073709551545,0,133554,0,0,119.931,0,0,0,0,0,187317773,1715.79,2299.8,3.32032,0.645957,643.028,1.34037,119.931,2.6683,0,contention,0,5832477,0,0,0,0,0
43,120,1,10,1,6,10,1,0,60,0,0,0,0,0,1,100,2,1.78215,100,0,0,0,0,0,0,0,0,81.6216,0,18446744073709551545,0,133009,0,0,119.932,0,0,0,0,0,186653428,1723.25,2301.64,3.33403,0.650944,645.346,1.33564,119.932,2.67027,0,contention,0,5946799,0,0,0,0,0
44,120,1,10,1,6,10,1,0,60,0,0,0,0,0,1,100,2,1.78215,100,0,0,0,0,0,0,0,0,81.6216,0,18446744073709551545,0,132354,0,0,119.926,0,0,0,0,0,187124251,1717.85,2298.58,3.32824,0.644731,643.691,1.33806,119.926,2.66875,0,contention,0,5691131,0,0,0,0,0
45,120,1,10,1,6,10,1,0,60,0,0,0,0,0,1,100,2,1.78215,100,0,0,0,0,0,0,0,0,81.6216,0,18446744073709551545,0,132243,0,0,119.929,0,0,0,0,0,188287459,1702.1,2293.75,3.32316,0.648667,639.734,1.3476,119.929,2.66063,0,contention,0,5292076,0,0,0,0,0
46,120,1,10,1,6,10,1,0,60,0,0,0,0,0,1,100,2,1.78215,100,0,0,0,0,0,0,0,0,81.6216,0,18446744073709551545,0,133200,0,0,119.927,0,0,0,0,0,187706046,1709.97,2297.36,3.3157,0.642698,641.694,1.34351,119.927,2.66477,0,contention,0,5600734,0,0,0,0,0
47,120,1,10,1,6,10,1,0,60,0,0,0,0,0,1,100,2,1.78215,100,0,0,0,0,0,0,0,0,81.6216,0,18446744073709551545,0,133094,0,0,119.936,0,0,0,0,0,187796596,1709.31,2299.21,3.31634,0.644527,641.382,1.34511,119.936,2.66504,0,contention,0,5783111,0,0,0,0,0
48,120,1,10,1,6,10,1,0,60,0,0,0,0,0,1,100,2,1.78215,100,0,0,0,0,0,0,0,0,81.6216,0,18446744073709551545,0,132254,0,0,119.932,0,0,0,0,0,187457085,1713.99,2300.41,3.32566,0.647454,642.575,1.34214,119.932,2.66738,0,contention,0,5836004,0,0,0,0,0
49,120,1,10,1,6,10,1,0,60,0,0,0,0,0,1,100,2,1.78215,100,0,0,0,0,0,0,0,0,81.6216,0,18446744073709551545,0,133552,0,0,119.932,0,0,0,0,0,186361677,1727.46,2300.67,3.34266,0.652667,646.343,1.33182,119.932,2.67267,0,contention,0,5858826,0,0,0,0,0
50,120,1,10,1,6,10,1,0,60,0,0,0,0,0,1,100,2,1.78215,100,0,0,0,0,0,0,0,0,81.6216,0,18446744073709551545,0,133359,0,0,119.936,0,0,0,0,0,187730003,1712.67,2298.8,3.31189,0.643011,641.648,1.34223,119.936,2.66918,0,contention,0,5770904,0,0,0,0,0
51,120,1,10,1,6,10,1,0,60,0,0,0,0,0,1,100,2,1.78215,100,0,0,0,0,0,0,0,0,81.6216,0,18446744073709551545,0,131168,0,0,119.93,0,0,0,0,0,188544917,1702.94,2298.26,3.30651,0.637365,638.91,1.34958,119.93,2.66538,0,contention,0,5805728,0,0,0,0,0
52,120,1,10,1,6,10,1,0,60,0,0,0,0,0,1,100,2,1.78215,100,0,0,0,0,0,0,0,0,81.6216,0,18446744073709551545,0,133452,0,0,119.926,0,0,0,0,0,187463869,1713.84,2301.08,3.32143,0.642535,642.543,1.34265,119.926,2.66728,0,contention,0,5992363,0,0,0,0,0
53,120,1,10,1,6,10,1,0,60,0,0,0,0,0,1,100,2,1.78215,100,0,0,0,0,0,0,0,0,81.6216,0,18446744073709551545,0,133509,0,0,119.921,0,0,0,0,0,188250219,1707.46,2296.64,3.3135,0.642115,639.808,1.34506,119.921,2.6687,0,contention,0,5555969,0,0,0,0,0
54,120,1,10,1,6,10,1,0,60,0,0,0,0,0,1,100,2,1.78215,100,0,0,0,0,0,0,0,0,81.6216,0,18446744073709551545,0,133553,0,0,119.931,0,0,0,0,0,187430751,1722.18,2296.6,3.32811,0.645644,642.626,1.33354,119.931,2.67992,0,contention,0,5562471,0,0,0,0,0
55,120,1,10,1,6,10,1,0,60,0,0,0,0,0,1,100,2,1.78215,100,0,0,0,0,0,0,0,0,81.6216,0,18446744073709551545,0,133455,0,0,119.932,0,0,0,0,0,187921236,1718.18,2297.14,3.32264,0.6475,640.905,1.33696,119.932,2.68086,0,contention,0,5651923,0,0,0,0,0
56,120,1,10,1,6,10,1,0,60,0,0,0,0,0,1,100,2,1.78215,100,0,0,0,0,0,0,0,0,81.6216,0,18446744073709551545,0,132296,0,0,119.927,0,0,0,0,0,188304534,1705.67,2298.33,3.3264,0.649086,639.531,1.34747,119.927,2.66706,0,contention,0,5771670,0,0,0,0,0
57,120,1,10,1,6,10,1,0,60,0,0,0,0,0,1,100,2,1.78215,100,0,0,0,0,0,0,0,0,81.6216,0,18446744073709551545,0,134025,0,0,119.932,0,0,0,0,0,187774838,1716.67,2301.26,3.33703,0.65145,641.348,1.34053,119.932,2.67667,0,contention,0,5967033,0,0,0,0,0
58,120,1,10,1,6,10,1,0,60,0,0,0,0,0,1,100,2,1.78215,100,0,0,0,0,0,0,0,0,81.6216,0,18446744073709551545,0,133906,0,0,119.928,0,0,0,0,0,187907208,1715.55,2300.6,3.35241,0.65619,640.896,1.34103,119.928,2.6768,0,contention,0,5939070,0,0,0,0,0
59,120,1,10,1,6,10,1,0,60,0,0,0,0,0,1,100,2,1.78215,100,0,0,0,0,0,0,0,0,81.6216,0,18446744073709551545,0,133285,0,0,119.933,0,0,0,0,0,189329398,1698.38,2305.92,3.31251,0.648416,636.261,1.35772,119.933,2.66931,0,contention,0,6474052,0,0,0,0,0
0,120,1,10,1,6,10,1,0,60,0,1,1,0,0,1,100,3,1.78215,100,0,0,0,0,0,0,0,0,81.6216,0,18446744073709551545,0,2180105,0,0,2.02474,0,0,0,116795,0,239,1242.16,1236.51,42.3891,6.97071,2769.92,0.995446,2.02474,0.448448,0,contention,0,113,0,0,0,0,0
1,120,1,10,1,6,10,1,0,60,0,1,1,0,0,1,100,3,1.78355,100,0,0,0,0,0,0,0,0,81.6071,0,18446744073709551545,0,159917,0,0,118.586,0,0,0,92,0,141872757,1523.61,2311.95,1.99205,0.63412,841.514,1.51742,118.586,1.81055,0,contention,0,7090626,0,0,92,0,0
2,120,1,10,1,6,10,1,0,60,0,1,1,0,0,1,100,3,1.78453,100,0,0,0,0,0,0,0,0,81.597,0,18446744073709551545,0,161449,0,0,121.305,0,0,0,64,0,164200046,1433.29,2283.57,1.6687,0.548436,743.131,1.59323,121.305,1.92872,0,contention,0,6431427,0,0,64,0,0
3,120,1,10,1,6,10,1,0,60,0,1,1,0,0,1,100,3,1.78522,100,0,0,0,0,0,0,0,0,81.5899,0,18446744073709551545,0,137990,0,0,119.918,0,0,0,45,0,217147920,1519.73,2320.27,1.4855,0.572518,555.258,1.52676,119.918,2.73698,0,contention,0,11835117,0,0,45,0,0
4,120,1,10,1,6,10,1,0,60,0,1,1,0,0,1,100,3,1.78542,100,0,0,0,0,0,0,0,0,81.5879,0,18446744073709551545,0,133860,0,0,119.921,0,0,0,13,0,223677399,1514.01,2320.69,1.46716,0.568372,539.029,1.53281,119.921,2.80877,0,contention,0,12293210,0,0,13,0,0
5,120,1,10,1,6,10,1,0,60,0,1,1,0,0,1,100,3,1.78552,100,0,0,0,0,0,0,0,0,81.5868,0,18446744073709551545,0,133402,0,0,119.922,0,0,0,7,0,225327502,1496.36,2321.43,1.39352,0.566982,535.137,1.55138,119.922,2.79622,0,contention,0,12175505,0,0,7,0,0
6,120,1,10,1,6,10,1,0,60,0,1,1,0,0,1,100,3,1.7856,100,0,0,0,0,0,0,0,0,81.586,0,18446744073709551545,0,135368,0,0,119.928,0,0,0,5,0,227867212,1484.51,2301.72,1.36212,0.573166,529.241,1.55048,119.928,2.80499,0,contention,0,12261300,0,0,5,0,0
7,120,1,10,1,6,10,1,0,60,0,1,1,0,0,1,100,3,1.78569,100,0,0,0,0,0,0,0,0,81.5851,0,18446744073709551545,0,134584,0,0,119.889,0,0,0,6,0,229296333,1469.51,2295.99,1.34979,0.562788,525.74,1.56241,119.889,2.79513,0,contention,0,12353553,0,0,6,0,0
8,120,1,10,1,6,10,1,0,60,0,1,1,0,0,1,100,3,1.78572,100,0,0,0,0,0,0,0,0,81.5847,0,18446744073709551545,0,134050,0,0,119.919,0,0,0,2,0,231289546,1452.89,2295.48,1.32991,0.560966,521.498,1.57995,119.919,2.78599,0,contention,0,12374692,0,0,2,0,0
9,120,1,10,1,6,10,1,0,60,0,1,1,0,0,1,100,3,1.78574,100,0,0,0,0,0,0,0,0,81.5846,0,18446744073709551545,0,133138,0,0,119.923,0,0,0,1,0,229113903,1467.19,2320.16,1.33682,0.581983,526.45,1.58136,119.923,2.78695,0,contention,0,12776218,0,0,1,0,0
10,120,1,10,1,6,10,1,0,60,0,1,1,0,0,1,100,3,1.78575,100,0,0,0,0,0,0,0,0,81.5844,0,18446744073709551545,0,133080,0,0,119.922,0,0,0,1,0,233158883,1438.53,2294.28,1.28936,0.552825,517.356,1.59488,119.922,2.78054,0,contention,0,11902755,0,0,1,0,0
11,120,1,10,1,6,10,1,0,60,0,1,1,0,0,1,100,3,1.78575,100,0,0,0,0,0,0,0,0,81.5844,0,18446744073709551545,0,132950,0,0,119.918,0,0,0,0,0,234479787,1429.61,2291.59,1.26676,0.573529,514.453,1.60295,119.918,2.77889,0,contention,0,12210004,0,0,0,0,0
12,120,1,10,1,6,10,1,0,60,0,1,1,0,0,1,100,3,1.78577,100,0,0,0,0,0,0,0,0,81.5843,0,18446744073709551545,0,132945,0,0,119.929,0,0,0,1,0,234143731,1431.91,2296.9,1.25957,0.575589,515.209,1.60409,119.929,2.77927,0,contention,0,12284804,0,0,1,0,0
13,120,1,10,1,6,10,1,0,60,0,1,1,0,0,1,100,3,1.78577,100,0,0,0,0,0,0,0,0,81.5843,0,18446744073709551545,0,132477,0,0,119.929,0,0,0,0,0,233360135,1434.27,2320.87,1.25468,0.581605,516.876,1.61815,119.929,2.77488,0,contention,0,12218823,0,0,0,0,0
14,120,1,10,1,6,10,1,0,60,0,1,1,0,0,1,100,3,1.78577,100,0,0,0,0,0,0,0,0,81.5843,0,18446744073709551545,0,132250,0,0,119.925,0,0,0,0,0,235381811,1419.39,2316.35,1.21969,0.567142,512.429,1.63194,119.925,2.76992,0,contention,0,11812316,0,0,0,0,0
15,120,1,10,1,6,10,1,0,60,0,1,1,0,0,1,100,3,1.78577,100,0,0,0,0,0,0,0,0,81.5843,0,18446744073709551545,0,132577,0,0,119.924,0,0,0,0,0,236365532,1412.73,2311.59,1.20708,0.558738,510.356,1.63626,119.924,2.76813,0,contention,0,11359837,0,0,0,0,0
16,120,1,10,1,6,10,1,0,60,0,1,1,0,0,1,100,3,1.78578,100,0,0,0,0,0,0,0,0,81.5841,0,18446744073709551545,0,132280,0,0,119.924,0,0,0,1,0,238266564,1400.49,2304.55,1.19352,0.55085,506.317,1.64553,119.924,2.76603,0,contention,0,11212953,0,0,1,0,0
17,120,1,10,1,6,10,1,0,60,0,1,1,0,0,1,100,3,1.78578,100,0,0,0,0,0,0,0,0,81.5841,0,18446744073709551545,0,131713,0,0,119.922,0,0,0,0,0,243980941,1361.57,2281.68,1.11913,0.527697,494.395,1.67577,119.922,2.754,0,contention,0,10468120,0,0,0,0,0
18,120,1,10,1,6,10,1,0,60,0,1,1,0,0,1,100,3,1.78578,100,0,0,0,0,0,0,0,0,81.5841,0,18446744073709551545,0,131350,0,0,119.924,0,0,0,0,0,246076885,1347.09,2277.29,1.09818,0.515319,490.24,1.69053,119.924,2.74781,0,contention,0,10003410,0,0,0,0,0
19,120,1,10,1,6,10,1,0,60,0,1,1,0,0,1,100,3,1.78578,100,0,0,0,0,0,0,0,0,81.5841,0,18446744073709551545,0,131378,0,0,119.929,0,0,0,0,0,245713686,1349.35,2277.29,1.10059,0.513593,490.923,1.68769,119.929,2.7486,0,contention,0,9971039,0,0,0,0,0
20,120,1,10,1,6,10,1,0,60,0,1,1,0,0,1,100,3,1.78578,100,0,0,0,0,0,0,0,0,81.5841,0,18446744073709551545,0,131393,0,0,119.927,0,0,0,0,0,245060319,1353.5,2276.46,1.10382,0.51956,492.186,1.68191,119.927,2.74998,0,contention,0,9933386,0,0,0,0,0
21,120,1,10,1,6,10,1,0,60,0,1,1,0,0,1,100,3,1.78578,100,0,0,0,0,0,0,0,0,81.5841,0,18446744073709551545,0,131726,0,0,119.93,0,0,0,0,0,244545441,1358.91,2278.26,1.1104,0.527251,493.461,1.67653,119.93,2.75384,0,contention,0,10186148,0,0,0,0,0
22,120,1,10,1,6,10,1,0,60,0,1,1,0,0,1,100,3,1.78578,100,0,0,0,0,0,0,0,0,81.5841,0,18446744073709551545,0,131709,0,0,119.929,0,0,0,0,0,244444447,1358.77,2280.74,1.1164,0.525496,493.436,1.67853,119.929,2.75369,0,contention,0,10335259,0,0,0,0,0
23,120,1,10,1,6,10,1,0,60,0,1,1,0,0,1,100,3,1.78578,100,0,0,0,0,0,0,0,0,81.5841,0,18446744073709551545,0,132050,0,0,119.925,0,0,0,0,0,243365988,1367.1,2280.02,1.12301,0.536521,495.603,1.66778,119.925,2.75846,0,contention,0,10276801,0,0,0,0,0
24,120,1,10,1,6,10,1,0,60,0,1,1,0,0,1,100,3,1.78578,100,0,0,0,0,0,0,0,0,81.5841,0,18446744073709551545,0,131915,0,0,119.929,0,0,0,0,0,244290567,1361.48,2276.07,1.10979,0.530988,493.78,1.67177,119.929,2.75725,0,contention,0,9915325,0,0,0,0,0
25,120,1,10,1,6,10,1,0,60,0,1,1,0,0,1,100,3,1.78578,100,0,0,0,0,0,0,0,0,81.5841,0,18446744073709551545,0,131689,0,0,119.925,0,0,0,0,0,244452617,1359.29,2277.2,1.10938,0.528174,493.416,1.67529,119.925,2.75485,0,contention,0,10016938,0,0,0,0,0
26,120,1,10,1,6,10,1,0,60,0,1,1,0,0,1,100,3,1.78578,100,0,0,0,0,0,0,0,0,81.5841,0,18446744073709551545,0,131858,0,0,119.927,0,0,0,0,0,244722624,1359.44,2276.94,1.10745,0.523011,492.962,1.67491,119.927,2.75769,0,contention,0,10010459,0,0,0,0,0
27,120,1,10,1,6,10,1,0,60,0,1,1,0,0,1,100,3,1.78578,100,0,0,0,0,0,0,0,0,81.5841,0,18446744073709551545,0,131884,0,0,119.92,0,0,0,0,0,244974089,1358.5,2275.71,1.10405,0.522329,492.374,1.67517,119.92,2.75908,0,contention,0,9878936,0,0,0,0,0
28,120,1,10,1,6,10,1,0,60,0,1,1,0,0,1,100,3,1.78578,100,0,0,0,0,0,0,0,0,81.5841,0,18446744073709551545,0,131400,0,0,119.928,0,0,0,0,0,245969554,1348.17,2275.87,1.09731,0.512825,490.425,1.68812,119.928,2.74897,0,contention,0,9815631,0,0,0,0,0
29,120,1,10,1,6,10,1,0,60,0,1,1,0,0,1,100,3,1.78578,100,0,0,0,0,0,0,0,0,81.5841,0,18446744073709551545,0,131796,0,0,119.922,0,0,0,0,0,244256206,1361.82,2279.49,1.11467,0.525081,493.847,1.67385,119.922,2.75758,0,contention,0,10211472,0,0,0,0,0
30,120,1,10,1,6,10,1,0,60,0,1,1,0,0,1,100,3,1.78578,100,0,0,0,0,0,0,0,0,81.5841,0,18446744073709551545,0,131576,0,0,119.928,0,0,0,0,0,245687908,1351.43,2277.28,1.10209,0.516912,490.998,1.68509,119.928,2.75241,0,contention,0,9950839,0,0,0,0,0
31,120,1,10,1,6,10,1,0,60,0,1,1,0,0,1,100,3,1.78578,100,0,0,0,0,0,0,0,0,81.5841,0,18446744073709551545,0,132152,0,0,119.923,0,0,0,0,0,243058777,1371.93,2281.47,1.12286,0.536866,496.299,1.66296,119.923,2.76432,0,contention,0,10462880,0,0,0,0,0
32,120,1,10,1,6,10,1,0,60,0,1,1,0,0,1,100,3,1.78578,100,0,0,0,0,0,0,0,0,81.5841,0,18446744073709551545,0,132374,0,0,119.925,0,0,0,0,0,241983132,1378.45,2284.39,1.13528,0.549359,498.492,1.65722,119.925,2.76523,0,contention,0,10683100,0,0,0,0,0
33,120,1,10,1,6,10,1,0,60,0,1,1,0,0,1,100,3,1.78578,100,0,0,0,0,0,0,0,0,81.5841,0,18446744073709551545,0,132087,0,0,119.925,0,0,0,0,0,243483082,1367.89,2281.53,1.11664,0.535733,495.414,1.66792,119.925,2.76111,0,contention,0,10332778,0,0,0,0,0
34,120,1,10,1,6,10,1,0,60,0,1,1,0,0,1,100,3,1.78578,100,0,0,0,0,0,0,0,0,81.5841,0,18446744073709551545,0,132284,0,0,119.924,0,0,0,0,0,242446749,1375.89,2285.65,1.13227,0.546983,497.532,1.66122,119.924,2.76543,0,contention,0,10774609,0,0,0,0,0
35,120,1,10,1,6,10,1,0,60,0,1,1,0,0,1,100,3,1.78578,100,0,0,0,0,0,0,0,0,81.5841,0,18446744073709551545,0,132328,0,0,119.918,0,0,0,0,0,242410719,1375.82,2283.68,1.12781,0.547363,497.627,1.65987,119.918,2.76476,0,contention,0,10569745,0,0,0,0,0
36,120,1,10,1,6,10,1,0,60,0,1,1,0,0,1,100,3,1.78578,100,0,0,0,0,0,0,0,0,81.5841,0,18446744073709551545,0,132968,0,0,119.928,0,0,0,0,0,242071848,1379.96,2278.37,1.13449,0.548921,498.351,1.65104,119.928,2.76906,0,contention,0,10931731,0,0,0,0,0
37,120,1,10,1,6,10,1,0,60,0,1,1,0,0,1,100,3,1.78578,100,0,0,0,0,0,0,0,0,81.5841,0,18446744073709551545,0,132175,0,0,119.929,0,0,0,0,0,243390821,1369.37,2281.77,1.11916,0.533604,495.633,1.6663,119.929,2.76287,0,contention,0,10439610,0,0,0,0,0
38,120,1,10,1,6,10,1,0,60,0,1,1,0,0,1,100,3,1.78578,100,0,0,0,0,0,0,0,0,81.5841,0,18446744073709551545,0,132077,0,0,119.924,0,0,0,0,0,243899803,1365.31,2281.23,1.11856,0.529527,494.524,1.67085,119.924,2.76086,0,contention,0,10428407,0,0,0,0,0
39,120,1,10,1,6,10,1,0,60,0,1,1,0,0,1,100,3,1.78578,100,0,0,0,0,0,0,0,0,81.5841,0,18446744073709551545,0,132319,0,0,119.926,0,0,0,0,0,243644177,1367.64,2281.83,1.11964,0.534393,495.051,1.66844,119.926,2.76262,0,contention,0,10433526,0,0,0,0,0
40,120,1,10,1,6,10,1,0,60,0,1,1,0,0,1,100,3,1.78578,100,0,0,0,0,0,0,0,0,81.5841,0,18446744073709551545,0,132304,0,0,119.924,0,0,0,0,0,242727785,1373.85,2282.59,1.12865,0.543882,497.035,1.66146,119.924,2.76409,0,contention,0,10561156,0,0,0,0,0
41,120,1,10,1,6,10,1,0,60,0,1,1,0,0,1,100,3,1.78578,100,0,0,0,0,0,0,0,0,81.5841,0,18446744073709551545,0,132380,0,0,119.922,0,0,0,0,0,243863333,1368.16,2278.78,1.1183,0.536838,494.668,1.66559,119.922,2.7658,0,contention,0,10184793,0,0,0,0,0
42,120,1,10,1,6,10,1,0,60,0,1,1,0,0,1,100,3,1.78578,100,0,0,0,0,0,0,0,0,81.5841,0,18446744073709551545,0,132274,0,0,119.925,0,0,0,0,0,243787160,1368.84,2278.37,1.11714,0.538732,494.79,1.66445,119.925,2.7665,0,contention,0,10170618,0,0,0,0,0
43,120,1,10,1,6,10,1,0,60,0,1,1,0,0,1,100,3,1.78578,100,0,0,0,0,0,0,0,0,81.5841,0,18446744073709551545,0,132216,0,0,119.929,0,0,0,0,0,243938830,1367.36,2279.71,1.11619,0.533224,494.459,1.66723,119.929,2.76537,0,contention,0,10286428,0,0,0,0,0
44,120,1,10,1,6,10,1,0,60,0,1,1,0,0,1,100,3,1.78578,100,0,0,0,0,0,0,0,0,81.5841,0,18446744073709551545,0,132372,0,0,119.921,0,0,0,0,0,243327998,1371.52,2283.13,1.12696,0.535734,495.744,1.66468,119.921,2.76659,0,contention,0,10632005,0,0,0,0,0
45,120,1,10,1,6,10,1,0,60,0,1,1,0,0,1,100,3,1.78578,100,0,0,0,0,0,0,0,0,81.5841,0,18446744073709551545,0,132174,0,0,119.925,0,0,0,0,0,243085681,1371.48,2282.31,1.12318,0.537478,496.21,1.66412,119.925,2.76392,0,contention,0,10486291,0,0,0,0,0
46,120,1,10,1,6,10,1,0,60,0,1,1,0,0,1,100,3,1.78578,100,0,0,0,0,0,0,0,0,81.5841,0,18446744073709551545,0,131974,0,0,119.927,0,0,0,0,0,244951543,1358.89,2280.07,1.10863,0.527845,492.449,1.6779,119.927,2.75945,0,contention,0,10290831,0,0,0,0,0
47,120,1,10,1,6,10,1,0,60,0,1,1,0,0,1,100,3,1.78578,100,0,0,0,0,0,0,0,0,81.5841,0,18446744073709551545,0,132010,0,0,119.925,0,0,0,0,0,244771949,1360.08,2280.46,1.124,0.530453,492.726,1.67671,119.925,2.76032,0,contention,0,10300594,0,0,0,0,0
48,120,1,10,1,6,10,1,0,60,0,1,1,0,0,1,100,3,1.78578,100,0,0,0,0,0,0,0,0,81.5841,0,18446744073709551545,0,132332,0,0,119.92,0,0,0,0,0,242789059,1374.76,2285.56,1.14317,0.548238,496.736,1.66252,119.92,2.76758,0,contention,0,10816459,0,0,0,0,0
49,120,1,10,1,6,10,1,0,60,0,1,1,0,0,1,100,3,1.78578,100,0,0,0,0,0,0,0,0,81.5841,0,18446744073709551545,0,132619,0,0,119.926,0,0,0,0,0,241908955,1381.22,2284.9,1.13319,0.557623,498.586,1.65427,119.926,2.77027,0,contention,0,10728344,0,0,0,0,0
50,120,1,10,1,6,10,1,0,60,0,1,1,0,0,1,100,3,1.78578,100,0,0,0,0,0,0,0,0,81.5841,0,18446744073709551545,0,132069,0,0,119.93,0,0,0,0,0,243417869,1369.94,2284.49,1.12385,0.543288,495.551,1.66758,119.93,2.76448,0,contention,0,10633718,0,0,0,0,0
51,120,1,10,1,6,10,1,0,60,0,1,1,0,0,1,100,3,1.78578,100,0,0,0,0,0,0,0,0,81.5841,0,18446744073709551545,0,132204,0,0,119.915,0,0,0,0,0,244746514,1363.66,2281.01,1.11606,0.53555,492.813,1.6727,119.915,2.76711,0,contention,0,10405266,0,0,0,0,0
52,120,1,10,1,6,10,1,0,60,0,1,1,0,0,1,100,3,1.78578,100,0,0,0,0,0,0,0,0,81.5841,0,18446744073709551545,0,131871,0,0,119.907,0,0,0,0,0,245443202,1356.74,2279.05,1.10994,0.527631,491.316,1.6798,119.907,2.76144,0,contention,0,10211904,0,0,0,0,0
53,120,1,10,1,6,10,1,0,60,0,1,1,0,0,1,100,3,1.78578,100,0,0,0,0,0,0,0,0,81.5841,0,18446744073709551545,0,132406,0,0,119.932,0,0,0,0,0,243261836,1372.46,2281.68,1.12049,0.538478,495.789,1.66248,119.932,2.76823,0,contention,0,10400720,0,0,0,0,0
54,120,1,10,1,6,10,1,0,60,0,1,1,0,0,1,100,3,1.78578,100,0,0,0,0,0,0,0,0,81.5841,0,18446744073709551545,0,132434,0,0,119.926,0,0,0,0,0,244371476,1364.81,2280.83,1.11084,0.530674,493.517,1.67117,119.926,2.76547,0,contention,0,10342445,0,0,0,0,0
55,120,1,10,1,6,10,1,0,60,0,1,1,0,0,1,100,3,1.78578,100,0,0,0,0,0,0,0,0,81.5841,0,18446744073709551545,0,132170,0,0,119.92,0,0,0,0,0,245566029,1356.35,2282.21,1.11532,0.523437,491.158,1.68261,119.92,2.76154,0,contention,0,10484769,0,0,0,0,0
56,120,1,10,1,6,10,1,0,60,0,1,1,0,0,1,100,3,1.78578,100,0,0,0,0,0,0,0,0,81.5841,0,18446744073709551545,0,133259,0,0,119.912,0,0,0,0,0,249849485,1330.16,2254.09,1.09504,0.509943,482.713,1.6946,119.912,2.75559,0,contention,0,10412177,0,0,0,0,0
57,120,1,10,1,6,10,1,0,60,0,1,1,0,0,1,100,3,1.78578,100,0,0,0,0,0,0,0,0,81.5841,0,18446744073709551545,0,132982,0,0,119.918,0,0,0,0,0,247997096,1343.05,2263.43,1.11407,0.520149,486.259,1.6853,119.918,2.762,0,contention,0,10636721,0,0,0,0,0
58,120,1,10,1,6,10,1,0,60,0,1,1,0,0,1,100,3,1.78578,100,0,0,0,0,0,0,0,0,81.5841,0,18446744073709551545,0,133198,0,0,119.926,0,0,0,0,0,246258942,1354.58,2264.68,1.10982,0.524949,489.769,1.67186,119.926,2.76576,0,contention,0,10704432,0,0,0,0,0
59,120,1,10,1,6,10,1,0,60,0,1,1,0,0,1,100,3,1.78578,100,0,0,0,0,0,0,0,0,81.5841,0,18446744073709551545,0,131990,0,0,119.927,0,0,0,0,0,244995880,1359.65,2280.75,1.10983,0.527387,492.29,1.67746,119.927,2.76188,0,contention,0,10511154,0,0,0,0,0
0,120,1,10,1,6,10,1,0,60,0,0,0,0,0,1,100,3,1.78215,100,0,0,0,0,0,0,0,0,81.6216,0,18446744073709551545,0,2135013,0,0,2.48009,0,0,0,116795,0,283,961.067,1358.24,39.3428,7.40636,3787.42,1.41327,2.48009,0.253753,0,contention,0,233,0,0,0,0,0
1,120,1,10,1,6,10,1,0,60,0,0,0,0,0,1,100,3,1.78215,100,0,0,0,0,0,0,0,0,81.6216,0,18446744073709551545,0,178274,0,0,118.434,0,0,0,0,0,44508283,4833.77,3330.03,7.97862,2.61086,2680.31,0.68891,118.434,1.80344,0,contention,0,21595171,0,0,0,0,0
2,120,1,10,1,6,10,1,0,60,0,0,0,0,0,1,100,3,1.78215,100,0,0,0,0,0,0,0,0,81.6216,0,18446744073709551545,0,173289,0,0,119.911,0,0,0,0,0,45142827,5152,3384.56,8.15175,2.75154,2673.61,0.656941,119.911,1.92698,0,contention,0,24278770,0,0,0,0,0
3,120,1,10,1,6,10,1,0,60,0,0,0,0,0,1,100,3,1.78215,100,0,0,0,0,0,0,0,0,81.6216,0,18446744073709551545,0,164719,0,0,119.936,0,0,0,0,0,63412868,5634.88,3471.08,8.2532,2.84335,1899.28,0.615998,119.936,2.96685,0,contention,0,35374975,0,0,0,0,0
4,120,1,10,1,6,10,1,0,60,0,0,0,0,0,1,100,3,1.78215,100,0,0,0,0,0,0,0,0,81.6216,0,18446744073709551545,0,159503,0,0,119.922,0,0,0,0,0,67131167,5650.63,3485.14,8.34057,2.86867,1796.83,0.616769,119.922,3.14477,0,contention,0,37491793,0,0,0,0,0
5,120,1,10,1,6,10,1,0,60,0,0,0,0,0,1,100,3,1.78215,100,0,0,0,0,0,0,0,0,81.6216,0,18446744073709551545,0,158210,0,0,119.937,0,0,0,0,0,68820991,5477.05,3460.66,8.29896,2.83028,1750.02,0.631847,119.937,3.12972,0,contention,0,37619164,0,0,0,0,0
6,120,1,10,1,6,10,1,0,60,0,0,0,0,0,1,100,3,1.78215,100,0,0,0,0,0,0,0,0,81.6216,0,18446744073709551545,0,159480,0,0,119.926,0,0,0,0,0,66507195,5709.29,3492.28,8.36893,2.8824,1813.87,0.611685,119.926,3.14757,0,contention,0,37357922,0,0,0,0,0
7,120,1,10,1,6,10,1,0,60,0,0,0,0,0,1,100,3,1.78215,100,0,0,0,0,0,0,0,0,81.6216,0,18446744073709551545,0,159357,0,0,119.929,0,0,0,0,0,67519258,5618.14,3487.76,8.36512,2.87694,1786.66,0.620804,119.929,3.1445,0,contention,0,37792371,0,0,0,0,0
8,120,1,10,1,6,10,1,0,60,0,0,0,0,0,1,100,3,1.78215,100,0,0,0,0,0,0,0,0,81.6216,0,18446744073709551545,0,159335,0,0,119.928,0,0,0,0,0,67827230,5590.22,3475.4,8.32463,2.85819,1778.49,0.621693,119.928,3.14324,0,contention,0,37571865,0,0,0,0,0
9,120,1,10,1,6,10,1,0,60,0,0,0,0,0,1,100,3,1.78215,100,0,0,0,0,0,0,0,0,81.6216,0,18446744073709551545,0,160468,0,0,119.923,0,0,0,0,0,65016324,5874.4,3517.74,8.41469,2.92602,1855.44,0.598824,119.923,3.16605,0,contention,0,37321127,0,0,0,0,0
10,120,1,10,1,6,10,1,0,60,0,0,0,0,0,1,100,3,1.78215,100,0,0,0,0,0,0,0,0,81.6216,0,18446744073709551545,0,159468,0,0,119.945,0,0,0,0,0,66933036,5679.35,3479.4,8.31099,2.85826,1799.6,0.612639,119.945,3.15589,0,contention,0,37192895,0,0,0,0,0
11,120,1,10,1,6,10,1,0,60,0,0,0,0,0,1,100,3,1.78215,100,0,0,0,0,0,0,0,0,81.6216,0,18446744073709551545,0,158608,0,0,119.939,0,0,0,0,0,67831695,5575.36,3462.25,8.28909,2.83452,1775.61,0.620992,119.939,3.13997,0,contention,0,37136483,0,0,0,0,0
12,120,1,10,1,6,10,1,0,60,0,0,0,0,0,1,100,3,1.78215,100,0,0,0,0,0,0,0,0,81.6216,0,18446744073709551545,0,159850,0,0,119.922,0,0,0,0,0,66347025,5731.13,3486.15,8.32716,2.86935,1818.47,0.608282,119.922,3.15163,0,contention,0,37092727,0,0,0,0,0
13,120,1,10,1,6,10,1,0,60,0,0,0,0,0,1,100,3,1.78215,100,0,0,0,0,0,0,0,0,81.6216,0,18446744073709551545,0,159017,0,0,119.948,0,0,0,0,0,68487320,5531.6,3455.98,8.24827,2.81306,1758.74,0.624771,119.948,3.1452,0,contention,0,37297261,0,0,0,0,0
14,120,1,10,1,6,10,1,0,60,0,0,0,0,0,1,100,3,1.78215,100,0,0,0,0,0,0,0,0,81.6216,0,18446744073709551545,0,161691,0,0,119.92,0,0,0,0,0,62028935,6204.05,3564.79,8.51228,2.99571,1944.72,0.57459,119.92,3.1902,0,contention,0,36974411,0,0,0,0,0
15,120,1,10,1,6,10,1,0,60,0,0,0,0,0,1,100,3,1.78215,100,0,0,0,0,0,0,0,0,81.6216,0,18446744073709551545,0,160537,0,0,119.93,0,0,0,0,0,64275542,5954.59,3525.7,8.42364,2.92361,1873.83,0.592098,119.93,3.17777,0,contention,0,37115864,0,0,0,0,0
16,120,1,10,1,6,10,1,0,60,0,0,0,0,0,1,100,3,1.78215,100,0,0,0,0,0,0,0,0,81.6216,0,18446744073709551545,0,158223,0,0,119.925,0,0,0,0,0,68398366,5500.71,3464.49,8.30852,2.83644,1763.66,0.629826,119.925,3.11892,0,contention,0,37532459,0,0,0,0,0
17,120,1,10,1,6,10,1,0,60,0,0,0,0,0,1,100,3,1.78215,100,0,0,0,0,0,0,0,0,81.6216,0,18446744073709551545,0,159359,0,0,119.944,0,0,0,0,0,66770138,5684,3484.34,8.32825,2.86486,1803.94,0.613008,119.944,3.15087,0,contention,0,37247860,0,0,0,0,0
18,120,1,10,1,6,10,1,0,60,0,0,0,0,0,1,100,3,1.78215,100,0,0,0,0,0,0,0,0,81.6216,0,18446744073709551545,0,158873,0,0,119.936,0,0,0,0,0,66665559,5679.68,3484.53,8.32518,2.86544,1806.75,0.613508,119.936,3.1436,0,contention,0,37205951,0,0,0,0,0
19,120,1,10,1,6,10,1,0,60,0,0,0,0,0,1,100,3,1.78215,100,0,0,0,0,0,0,0,0,81.6216,0,18446744073709551545,0,160304,0,0,119.927,0,0,0,0,0,64064810,5953.97,3534.11,8.46332,2.94813,1882.99,0.593571,119.927,3.16198,0,contention,0,37250785,0,0,0,0,0
20,120,1,10,1,6,10,1,0,60,0,0,0,0,0,1,100,3,1.78215,100,0,0,0,0,0,0,0,0,81.6216,0,18446744073709551545,0,158745,0,0,119.949,0,0,0,0,0,67582439,5592.44,3469.67,8.2978,2.84346,1782.43,0.620421,119.949,3.13754,0,contention,0,37250902,0,0,0,0,0
21,120,1,10,1,6,10,1,0,60,0,0,0,0,0,1,100,3,1.78215,100,0,0,0,0,0,0,0,0,81.6216,0,18446744073709551545,0,159591,0,0,119.933,0,0,0,0,0,64727173,5873.52,3511.43,8.38766,2.91296,1860.65,0.59784,119.933,3.15671,0,contention,0,36935434,0,0,0,0,0
22,120,1,10,1,6,10,1,0,60,0,0,0,0,0,1,100,3,1.78215,100,0,0,0,0,0,0,0,0,81.6216,0,18446744073709551545,0,159557,0,0,119.937,0,0,0,0,0,64976231,5850.43,3505.4,8.36893,2.89594,1853.55,0.599169,119.937,3.15633,0,contention,0,36893158,0,0,0,0,0
23,120,1,10,1,6,10,1,0,60,0,0,0,0,0,1,100,3,1.78215,100,0,0,0,0,0,0,0,0,81.6216,0,18446744073709551545,0,158195,0,0,119.937,0,0,0,0,0,67997617,5541.21,3456.92,8.25568,2.80502,1771.2,0.623857,119.937,3.1285,0,contention,0,37059457,0,0,0,0,0
24,120,1,10,1,6,10,1,0,60,0,0,0,0,0,1,100,3,1.78215,100,0,0,0,0,0,0,0,0,81.6216,0,18446744073709551545,0,162235,0,0,119.927,0,0,0,0,0,60215209,6407.99,3599.28,8.58185,3.04363,2003.43,0.561686,119.927,3.19851,0,contention,0,36871077,0,0,0,0,0
25,120,1,10,1,6,10,1,0,60,0,0,0,0,0,1,100,3,1.78215,100,0,0,0,0,0,0,0,0,81.6216,0,18446744073709551545,0,159893,0,0,119.929,0,0,0,0,0,64683458,5885.84,3505.85,8.35408,2.88469,1861.86,0.595641,119.929,3.16127,0,contention,0,36758465,0,0,0,0,0
26,120,1,10,1,6,10,1,0,60,0,0,0,0,0,1,100,3,1.78215,100,0,0,0,0,0,0,0,0,81.6216,0,18446744073709551545,0,158010,0,0,119.932,0,0,0,0,0,67749835,5554.71,3461.46,8.26648,2.82291,1777.69,0.623157,119.932,3.12469,0,contention,0,37085255,0,0,0,0,0
27,120,1,10,1,6,10,1,0,60,0,0,0,0,0,1,100,3,1.78215,100,0,0,0,0,0,0,0,0,81.6216,0,18446744073709551545,0,157642,0,0,119.923,0,0,0,0,0,68991223,5436.81,3440.95,8.21578,2.79334,1746.84,0.632898,119.923,3.11237,0,contention,0,37115053,0,0,0,0,0
28,120,1,10,1,6,10,1,0,60,0,0,0,0,0,1,100,3,1.78215,100,0,0,0,0,0,0,0,0,81.6216,0,18446744073709551545,0,156734,0,0,119.946,0,0,0,0,0,71264568,5234.72,3405.37,8.13165,2.73439,1691.33,0.650535,119.946,3.09503,0,contention,0,37119074,0,0,0,0,0
29,120,1,10,1,6,10,1,0,60,0,0,0,0,0,1,100,3,1.78215,100,0,0,0,0,0,0,0,0,81.6216,0,18446744073709551545,0,156705,0,0,119.923,0,0,0,0,0,71436173,5217.06,3399.43,8.09385,2.71852,1688.26,0.6516,119.923,3.09019,0,contention,0,37052131,0,0,0,0,0
30,120,1,10,1,6,10,1,0,60,0,0,0,0,0,1,100,3,1.78215,100,0,0,0,0,0,0,0,0,81.6216,0,18446744073709551545,0,157057,0,0,119.951,0,0,0,0,0,71181330,5253.94,3402.09,8.08948,2.72043,1692.17,0.64753,119.951,3.10485,0,contention,0,36992433,0,0,0,0,0
31,120,1,10,1,6,10,1,0,60,0,0,0,0,0,1,100,3,1.78215,100,0,0,0,0,0,0,0,0,81.6216,0,18446744073709551545,0,156076,0,0,119.92,0,0,0,0,0,72203247,5141.16,3386.52,8.05774,2.69272,1670.46,0.658707,119.92,3.07769,0,contention,0,36999006,0,0,0,0,0
32,120,1,10,1,6,10,1,0,60,0,0,0,0,0,1,100,3,1.78215,100,0,0,0,0,0,0,0,0,81.6216,0,18446744073709551545,0,158143,0,0,119.935,0,0,0,0,0,69023820,5455.75,3429.9,8.05778,2.74196,1744.82,0.628677,119.935,3.12682,0,contention,0,36825532,0,0,0,0,0
33,120,1,10,1,6,10,1,0,60,0,0,0,0,0,1,100,3,1.78215,100,0,0,0,0,0,0,0,0,81.6216,0,18446744073709551545,0,161404,0,0,119.936,0,0,0,0,0,71929133,5180.1,3384.49,7.95374,2.66464,1674.33,0.653363,119.936,3.09383,0,contention,0,36830545,0,0,0,0,0
34,120,1,10,1,6,10,1,0,60,0,0,0,0,0,1,100,3,1.78215,100,0,0,0,0,0,0,0,0,81.6216,0,18446744073709551545,0,156978,0,0,119.941,0,0,0,0,0,70084264,5350.07,3409.68,7.99615,2.70618,1719.62,0.637316,119.941,3.1112,0,contention,0,36725592,0,0,0,0,0
35,120,1,10,1,6,10,1,0,60,0,0,0,0,0,1,100,3,1.78215,100,0,0,0,0,0,0,0,0,81.6216,0,18446744073709551545,0,157699,0,0,119.935,0,0,0,0,0,68193193,5525.62,3446.35,8.11927,2.77825,1766.13,0.623705,119.935,3.12866,0,contention,0,36905106,0,0,0,0,0
36,120,1,10,1,6,10,1,0,60,0,0,0,0,0,1,100,3,1.78215,100,0,0,0,0,0,0,0,0,81.6216,0,18446744073709551545,0,155713,0,0,119.936,0,0,0,0,0,71613866,5190.3,3403.8,8.11478,2.72244,1681.74,0.6558,119.936,3.08627,0,contention,0,37254066,0,0,0,0,0
37,120,1,10,1,6,10,1,0,60,0,0,0,0,0,1,100,3,1.78215,100,0,0,0,0,0,0,0,0,81.6216,0,18446744073709551545,0,158149,0,0,119.944,0,0,0,0,0,66980267,5643.48,3473.74,8.23936,2.83428,1798.24,0.615532,119.944,3.13834,0,contention,0,37073960,0,0,0,0,0
38,120,1,10,1,6,10,1,0,60,0,0,0,0,0,1,100,3,1.78215,100,0,0,0,0,0,0,0,0,81.6216,0,18446744073709551545,0,156921,0,0,119.936,0,0,0,0,0,70153380,5339.24,3408.72,7.96295,2.69755,1716.76,0.638428,119.936,3.11006,0,contention,0,36755215,0,0,0,0,0
39,120,1,10,1,6,10,1,0,60,0,0,0,0,0,1,100,3,1.78215,100,0,0,0,0,0,0,0,0,81.6216,0,18446744073709551545,0,155870,0,0,119.938,0,0,0,0,0,72235445,5147.36,3381.03,7.92646,2.65464,1667.27,0.656847,119.938,3.0873,0,contention,0,36873931,0,0,0,0,0
40,120,1,10,1,6,10,1,0,60,0,0,0,0,0,1,100,3,1.78215,100,0,0,0,0,0,0,0,0,81.6216,0,18446744073709551545,0,156294,0,0,119.924,0,0,0,0,0,71966027,5169.17,3390,7.9575,2.67449,1676.38,0.655812,119.924,3.08352,0,contention,0,37076139,0,0,0,0,0
41,120,1,10,1,6,10,1,0,60,0,0,0,0,0,1,100,3,1.78215,100,0,0,0,0,0,0,0,0,81.6216,0,18446744073709551545,0,154388,0,0,119.94,0,0,0,0,0,75865077,4840.13,3330.61,7.81791,2.5896,1587.74,0.688125,119.94,3.04845,0,contention,0,36930397,0,0,0,0,0
42,120,1,10,1,6,10,1,0,60,0,0,0,0,0,1,100,3,1.78215,100,0,0,0,0,0,0,0,0,81.6216,0,18446744073709551545,0,155112,0,0,119.934,0,0,0,0,0,73346846,5024.49,3363.6,7.89926,2.63526,1642.14,0.66944,119.934,3.05973,0,contention,0,36853439,0,0,0,0,0
43,120,1,10,1,6,10,1,0,60,0,0,0,0,0,1,100,3,1.78215,100,0,0,0,0,0,0,0,0,81.6216,0,18446744073709551545,0,155046,0,0,119.942,0,0,0,0,0,73314334,5042.95,3368.43,7.90602,2.64096,1642.97,0.667949,119.942,3.0694,0,contention,0,37006029,0,0,0,0,0
44,120,1,10,1,6,10,1,0,60,0,0,0,0,0,1,100,3,1.78215,100,0,0,0,0,0,0,0,0,81.6216,0,18446744073709551545,0,154910,0,0,119.922,0,0,0,0,0,73511248,5024.82,3368.28,7.9247,2.63572,1638.15,0.670329,119.922,3.06737,0,contention,0,37067641,0,0,0,0,0
45,120,1,10,1,6,10,1,0,60,0,0,0,0,0,1,100,3,1.78215,100,0,0,0,0,0,0,0,0,81.6216,0,18446744073709551545,0,153963,0,0,119.928,0,0,0,0,0,75104898,4888.73,3345.56,7.8702,2.60396,1603.7,0.68434,119.928,3.0484,0,contention,0,37093392,0,0,0,0,0
46,120,1,10,1,6,10,1,0,60,0,0,0,0,0,1,100,3,1.78215,100,0,0,0,0,0,0,0,0,81.6216,0,18446744073709551545,0,155199,0,0,119.929,0,0,0,0,0,74994488,4898.21,3341.64,7.95185,2.63248,1608.57,0.682217,119.929,3.04507,0,contention,0,37593394,0,0,0,0,0
47,120,1,10,1,6,10,1,0,60,0,0,0,0,0,1,100,3,1.78215,100,0,0,0,0,0,0,0,0,81.6216,0,18446744073709551545,0,154080,0,0,119.94,0,0,0,0,0,74553317,4924.47,3360.22,8.00927,2.64427,1615.42,0.682352,119.94,3.04841,0,contention,0,37257302,0,0,0,0,0
48,120,1,10,1,6,10,1,0,60,0,0,0,0,0,1,100,3,1.78215,100,0,0,0,0,0,0,0,0,81.6216,0,18446744073709551545,0,155251,0,0,119.934,0,0,0,0,0,75086490,4892.03,3328.34,7.92109,2.59952,1603.89,0.68036,119.934,3.05011,0,contention,0,37340746,0,0,0,0,0
49,120,1,10,1,6,10,1,0,60,0,0,0,0,0,1,100,3,1.78215,100,0,0,0,0,0,0,0,0,81.6216,0,18446744073709551545,0,155528,0,0,119.938,0,0,0,0,0,74701096,4921.81,3330.42,7.93692,2.61045,1612.16,0.676664,119.938,3.05294,0,contention,0,37356800,0,0,0,0,0
50,120,1,10,1,6,10,1,0,60,0,0,0,0,0,1,100,3,1.78215,100,0,0,0,0,0,0,0,0,81.6216,0,18446744073709551545,0,154689,0,0,119.94,0,0,0,0,0,74717669,4911.42,3325.59,7.91001,2.59581,1611.84,0.677114,119.94,3.04709,0,contention,0,36730125,0,0,0,0,0
51,120,1,10,1,6,10,1,0,60,0,0,0,0,0,1,100,3,1.78215,100,0,0,0,0,0,0,0,0,81.6216,0,18446744073709551545,0,154249,0,0,119.938,0,0,0,0,0,73329452,5014.51,3360.99,8.00079,2.64509,1642.31,0.670252,119.938,3.05333,0,contention,0,36651171,0,0,0,0,0
52,120,1,10,1,6,10,1,0,60,0,0,0,0,0,1,100,3,1.78215,100,0,0,0,0,0,0,0,0,81.6216,0,18446744073709551545,0,154262,0,0,119.943,0,0,0,0,0,73896098,4976.55,3345.16,7.94403,2.61748,1629.76,0.672184,119.943,3.05354,0,contention,0,36408082,0,0,0,0,0
53,120,1,10,1,6,10,1,0,60,0,0,0,0,0,1,100,3,1.78215,100,0,0,0,0,0,0,0,0,81.6216,0,18446744073709551545,0,154711,0,0,119.925,0,0,0,0,0,71973560,5124.97,3363.18,8.00231,2.64439,1673.05,0.656234,119.925,3.06326,0,contention,0,36048625,0,0,0,0,0
54,120,1,10,1,6,10,1,0,60,0,0,0,0,0,1,100,3,1.78215,100,0,0,0,0,0,0,0,0,81.6216,0,18446744073709551545,0,154344,0,0,119.929,0,0,0,0,0,73020327,5038.77,3366.08,8.03594,2.65006,1649.11,0.668036,119.929,3.05545,0,contention,0,36674166,0,0,0,0,0
55,120,1,10,1,6,10,1,0,60,0,0,0,0,0,1,100,3,1.78215,100,0,0,0,0,0,0,0,0,81.6216,0,18446744073709551545,0,154935,0,0,119.918,0,0,0,0,0,73652085,4986.65,3346.54,7.99676,2.63824,1637.87,0.671099,119.918,3.04459,0,contention,0,36785438,0,0,0,0,0
56,120,1,10,1,6,10,1,0,60,0,0,0,0,0,1,100,3,1.78215,100,0,0,0,0,0,0,0,0,81.6216,0,18446744073709551545,0,154479,0,0,119.947,0,0,0,0,0,73223957,5028.43,3364.27,8.04607,2.6584,1644.96,0.66905,119.947,3.05688,0,contention,0,36746440,0,0,0,0,0
57,120,1,10,1,6,10,1,0,60,0,0,0,0,0,1,100,3,1.78215,100,0,0,0,0,0,0,0,0,81.6216,0,18446744073709551545,0,154087,0,0,119.937,0,0,0,0,0,73464747,4998.38,3363.94,8.0424,2.66402,1639.43,0.673006,119.937,3.04885,0,contention,0,36843993,0,0,0,0,0
58,120,1,10,1,6,10,1,0,60,0,0,0,0,0,1,100,3,1.78215,100,0,0,0,0,0,0,0,0,81.6216,0,18446744073709551545,0,154577,0,0,119.922,0,0,0,0,0,72851170,5047.02,3367.12,8.04311,2.66414,1655.82,0.667151,119.922,3.04805,0,contention,0,36678565,0,0,0,0,0
59,120,1,10,1,6,10,1,0,60,0,0,0,0,0,1,100,3,1.78215,100,0,0,0,0,0,0,0,0,81.6216,0,18446744073709551545,0,154076,0,0,119.938,0,0,0,0,0,73252629,5010.71,3363.59,8.04332,2.65851,1644.22,0.671279,119.938,3.04748,0,contention,0,36729708,0,0,0,0,0
0,120,1,10,1,6,10,1,0,60,0,1,1,0,0,1,100,4,1.78215,100,0,0,0,0,0,0,0,0,81.6216,0,18446744073709551545,0,2197126,0,0,2.63664,0,0,0,116795,0,569,461.55,889.736,21.464,6.06327,3454.28,1.92771,2.63664,0.133617,0,contention,0,458,0,0,0,0,0
1,120,1,10,1,6,10,1,0,60,0,1,1,0,0,1,100,4,1.7838,100,0,0,0,0,0,0,0,0,81.6046,0,18446744073709551545,0,140449,0,0,115.301,0,0,0,108,0,128342209,1636.89,2375.08,2.7088,0.712118,904.66,1.45098,115.301,1.80939,0,contention,0,10805011,0,0,108,0,0
2,120,1,10,1,6,10,1,0,60,0,1,1,0,0,1,100,4,1.78432,100,0,0,0,0,0,0,0,0,81.5992,0,18446744073709551545,0,161957,0,0,119.913,0,0,0,34,0,163362475,1419.95,2292.34,2.15414,0.563912,738.473,1.61438,119.913,1.92282,0,contention,0,8004274,0,0,34,0,0
3,120,1,10,1,6,10,1,0,60,0,1,1,0,0,1,100,4,1.78456,100,0,0,0,0,0,0,0,0,81.5967,0,18446744073709551545,0,132919,0,0,119.931,0,0,0,16,0,222092279,1418.29,2290.13,2.05058,0.573266,542.384,1.61471,119.931,2.61491,0,contention,0,10997069,0,0,16,0,0
4,120,1,10,1,6,10,1,0,60,0,1,1,0,0,1,100,4,1.78476,100,0,0,0,0,0,0,0,0,81.5946,0,18446744073709551545,0,126046,0,0,119.935,0,0,0,13,0,227922573,1392.82,2289.86,1.98434,0.568381,528.491,1.64405,119.935,2.63547,0,contention,0,10663124,0,0,13,0,0
5,120,1,10,1,6,10,1,0,60,0,1,1,0,0,1,100,4,1.78481,100,0,0,0,0,0,0,0,0,81.5942,0,18446744073709551545,0,125271,0,0,119.928,0,0,0,3,0,229770829,1373.59,2285.51,1.9472,0.553141,524.258,1.66389,119.928,2.62007,0,contention,0,10354850,0,0,3,0,0
6,120,1,10,1,6,10,1,0,60,0,1,1,0,0,1,100,4,1.78485,100,0,0,0,0,0,0,0,0,81.5937,0,18446744073709551545,0,125444,0,0,119.931,0,0,0,3,0,229837120,1374.64,2287.77,1.90445,0.558102,524.089,1.66427,119.931,2.62291,0,contention,0,10521298,0,0,3,0,0
7,120,1,10,1,6,10,1,0,60,0,1,1,0,0,1,100,4,1.78485,100,0,0,0,0,0,0,0,0,81.5937,0,18446744073709551545,0,125102,0,0,119.928,0,0,0,0,0,230954384,1364.91,2284.78,1.89923,0.551867,521.516,1.67394,119.928,2.6172,0,contention,0,10507595,0,0,0,0,0
8,120,1,10,1,6,10,1,0,60,0,1,1,0,0,1,100,4,1.78491,100,0,0,0,0,0,0,0,0,81.5931,0,18446744073709551545,0,125248,0,0,119.931,0,0,0,4,0,233394988,1350.37,2279.46,1.85364,0.546216,516.101,1.68803,119.931,2.61648,0,contention,0,10155427,0,0,4,0,0
9,120,1,10,1,6,10,1,0,60,0,1,1,0,0,1,100,4,1.78494,100,0,0,0,0,0,0,0,0,81.5928,0,18446744073709551545,0,125687,0,0,119.934,0,0,0,2,0,232375869,1361.36,2286.28,1.86434,0.554863,518.367,1.67941,119.934,2.62625,0,contention,0,10590458,0,0,2,0,0
10,120,1,10,1,6,10,1,0,60,0,1,1,0,0,1,100,4,1.78494,100,0,0,0,0,0,0,0,0,81.5928,0,18446744073709551545,0,124949,0,0,119.928,0,0,0,0,0,230512470,1365.9,2292.29,1.91822,0.568399,522.593,1.67823,119.928,2.6137,0,contention,0,11153957,0,0,0,0,0
11,120,1,10,1,6,10,1,0,60,0,1,1,0,0,1,100,4,1.78494,100,0,0,0,0,0,0,0,0,81.5928,0,18446744073709551545,0,124616,0,0,119.928,0,0,0,0,0,231902461,1353.68,2288.94,1.90503,0.556739,519.429,1.6909,119.928,2.60609,0,contention,0,10731853,0,0,0,0,0
12,120,1,10,1,6,10,1,0,60,0,1,1,0,0,1,100,4,1.78494,100,0,0,0,0,0,0,0,0,81.5928,0,18446744073709551545,0,124596,0,0,119.925,0,0,0,0,0,231496680,1357.35,2291.76,1.90199,0.563043,520.348,1.68841,119.925,2.60854,0,contention,0,11012048,0,0,0,0,0
13,120,1,10,1,6,10,1,0,60,0,1,1,0,0,1,100,4,1.78494,100,0,0,0,0,0,0,0,0,81.5928,0,18446744073709551545,0,124982,0,0,119.921,0,0,0,0,0,232132348,1354.7,2289.93,1.89033,0.564095,519.614,1.69036,119.921,2.60713,0,contention,0,11027964,0,0,0,0,0
14,120,1,10,1,6,10,1,0,60,0,1,1,0,0,1,100,4,1.78494,100,0,0,0,0,0,0,0,0,81.5928,0,18446744073709551545,0,124872,0,0,119.932,0,0,0,0,0,229933789,1368.42,2293.88,1.92238,0.580667,523.848,1.6763,119.932,2.61225,0,contention,0,11312140,0,0,0,0,0
15,120,1,10,1,6,10,1,0,60,0,1,1,0,0,1,100,4,1.78494,100,0,0,0,0,0,0,0,0,81.5928,0,18446744073709551545,0,124695,0,0,119.929,0,0,0,0,0,230106875,1366.39,2293.5,1.91353,0.574078,523.479,1.67852,119.929,2.6102,0,contention,0,11138755,0,0,0,0,0
16,120,1,10,1,6,10,1,0,60,0,1,1,0,0,1,100,4,1.78494,100,0,0,0,0,0,0,0,0,81.5928,0,18446744073709551545,0,124761,0,0,119.929,0,0,0,0,0,229661965,1368.88,2291.74,1.91593,0.571459,524.534,1.67417,119.929,2.60971,0,contention,0,10932475,0,0,0,0,0
17,120,1,10,1,6,10,1,0,60,0,1,1,0,0,1,100,4,1.78494,100,0,0,0,0,0,0,0,0,81.5928,0,18446744073709551545,0,124876,0,0,119.935,0,0,0,0,0,230203782,1366.7,2289.99,1.91275,0.569108,523.288,1.67556,119.935,2.61175,0,contention,0,10783552,0,0,0,0,0
18,120,1,10,1,6,10,1,0,60,0,1,1,0,0,1,100,4,1.78494,100,0,0,0,0,0,0,0,0,81.5928,0,18446744073709551545,0,124904,0,0,119.932,0,0,0,0,0,233413244,1345.98,2285.34,1.89413,0.54851,516.771,1.69791,119.932,2.60459,0,contention,0,10443611,0,0,0,0,0
19,120,1,10,1,6,10,1,0,60,0,1,1,0,0,1,100,4,1.78494,100,0,0,0,0,0,0,0,0,81.5928,0,18446744073709551545,0,124303,0,0,119.938,0,0,0,0,0,232903107,1346.51,2285.75,1.88448,0.547689,517.215,1.69754,119.938,2.60338,0,contention,0,10417863,0,0,0,0,0
20,120,1,10,1,6,10,1,0,60,0,1,1,0,0,1,100,4,1.78494,100,0,0,0,0,0,0,0,0,81.5928,0,18446744073709551545,0,124075,0,0,119.913,0,0,0,0,0,231999680,1349.24,2286.34,1.88842,0.552812,519.168,1.69454,119.913,2.59885,0,contention,0,10495480,0,0,0,0,0
21,120,1,10,1,6,10,1,0,60,0,1,1,0,0,1,100,4,1.78494,100,0,0,0,0,0,0,0,0,81.5928,0,18446744073709551545,0,124350,0,0,119.927,0,0,0,0,0,230368736,1361.6,2291.14,1.90012,0.55815,522.893,1.68268,119.927,2.60398,0,contention,0,10890889,0,0,0,0,0
22,120,1,10,1,6,10,1,0,60,0,1,1,0,0,1,100,4,1.78494,100,0,0,0,0,0,0,0,0,81.5928,0,18446744073709551545,0,124470,0,0,119.93,0,0,0,0,0,230593775,1359.57,2292.16,1.90453,0.565134,522.38,1.68594,119.93,2.60264,0,contention,0,11051248,0,0,0,0,0
23,120,1,10,1,6,10,1,0,60,0,1,1,0,0,1,100,4,1.78496,100,0,0,0,0,0,0,0,0,81.5926,0,18446744073709551545,0,125423,0,0,119.929,0,0,0,1,0,229328468,1376.55,2292.15,1.88313,0.588083,525.263,1.66514,119.929,2.62069,0,contention,0,11482655,0,0,1,0,0
24,120,1,10,1,6,10,1,0,60,0,1,1,0,0,1,100,4,1.78496,100,0,0,0,0,0,0,0,0,81.5926,0,18446744073709551545,0,125038,0,0,119.93,0,0,0,0,0,229952093,1367.94,2289.53,1.8767,0.586348,523.801,1.67371,119.93,2.61156,0,contention,0,11394901,0,0,0,0,0
25,120,1,10,1,6,10,1,0,60,0,1,1,0,0,1,100,4,1.78496,100,0,0,0,0,0,0,0,0,81.5926,0,18446744073709551545,0,124960,0,0,119.935,0,0,0,0,0,230224313,1365.18,2291.27,1.86999,0.579712,523.177,1.67837,119.935,2.6094,0,contention,0,11376620,0,0,0,0,0
26,120,1,10,1,6,10,1,0,60,0,1,1,0,0,1,100,4,1.78496,100,0,0,0,0,0,0,0,0,81.5926,0,18446744073709551545,0,124628,0,0,119.918,0,0,0,0,0,232335140,1346.93,2283.59,1.83424,0.562805,519.219,1.69541,119.918,2.59414,0,contention,0,10773146,0,0,0,0,0
27,120,1,10,1,6,10,1,0,60,0,1,1,0,0,1,100,4,1.78497,100,0,0,0,0,0,0,0,0,81.5924,0,18446744073709551545,0,127620,0,0,119.931,0,0,0,1,0,232688224,1377.48,2288.04,1.76016,0.557293,518.372,1.66103,119.931,2.65732,0,contention,0,11365324,0,0,1,0,0
28,120,1,10,1,6,10,1,0,60,0,1,1,0,0,1,100,4,1.78497,100,0,0,0,0,0,0,0,0,81.5924,0,18446744073709551545,0,137064,0,0,119.885,0,0,0,0,0,231776697,1438.19,2297.82,1.67424,0.569753,520.258,1.59771,119.885,2.76439,0,contention,0,12384393,0,0,0,0,0
29,120,1,10,1,6,10,1,0,60,0,1,1,0,0,1,100,4,1.78497,100,0,0,0,0,0,0,0,0,81.5924,0,18446744073709551545,0,139448,0,0,119.923,0,0,0,0,0,230575270,1446.01,2300.07,1.70136,0.585346,523.082,1.59063,119.923,2.76441,0,contention,0,12586263,0,0,0,0,0
30,120,1,10,1,6,10,1,0,60,0,1,1,0,0,1,100,4,1.78497,100,0,0,0,0,0,0,0,0,81.5924,0,18446744073709551545,0,139541,0,0,119.927,0,0,0,0,0,230054144,1450.9,2302.2,1.71699,0.588357,524.278,1.58674,119.927,2.76743,0,contention,0,12677987,0,0,0,0,0
31,120,1,10,1,6,10,1,0,60,0,1,1,0,0,1,100,4,1.78499,100,0,0,0,0,0,0,0,0,81.5923,0,18446744073709551545,0,139301,0,0,119.919,0,0,0,1,0,231217987,1440.72,2306.47,1.67047,0.586856,521.631,1.60092,119.919,2.76194,0,contention,0,12828513,0,0,1,0,0
32,120,1,10,1,6,10,1,0,60,0,1,1,0,0,1,100,4,1.78499,100,0,0,0,0,0,0,0,0,81.5923,0,18446744073709551545,0,139549,0,0,119.924,0,0,0,0,0,229838099,1450.87,2307.91,1.66574,0.605041,524.775,1.59071,119.924,2.76474,0,contention,0,12847019,0,0,0,0,0
33,120,1,10,1,6,10,1,0,60,0,1,1,0,0,1,100,4,1.78499,100,0,0,0,0,0,0,0,0,81.5923,0,18446744073709551545,0,139125,0,0,119.93,0,0,0,0,0,231435757,1436.98,2305.77,1.65132,0.593581,521.19,1.60459,119.93,2.75711,0,contention,0,12638456,0,0,0,0,0
34,120,1,10,1,6,10,1,0,60,0,1,1,0,0,1,100,4,1.78499,100,0,0,0,0,0,0,0,0,81.5923,0,18446744073709551545,0,138949,0,0,119.924,0,0,0,0,0,231545192,1434.72,2305.14,1.65089,0.591727,520.939,1.60668,119.924,2.75409,0,contention,0,12587191,0,0,0,0,0
35,120,1,10,1,6,10,1,0,60,0,1,1,0,0,1,100,4,1.78499,100,0,0,0,0,0,0,0,0,81.5923,0,18446744073709551545,0,139076,0,0,119.918,0,0,0,0,0,232054919,1431.14,2301.64,1.6676,0.598636,519.716,1.60826,119.918,2.7537,0,contention,0,12649498,0,0,0,0,0
36,120,1,10,1,6,10,1,0,60,0,1,1,0,0,1,100,4,1.78499,100,0,0,0,0,0,0,0,0,81.5923,0,18446744073709551545,0,138563,0,0,119.928,0,0,0,0,0,230992222,1435.04,2308.49,1.68393,0.603462,522.136,1.60867,119.928,2.74839,0,contention,0,12871986,0,0,0,0,0
37,120,1,10,1,6,10,1,0,60,0,1,1,0,0,1,100,4,1.78499,100,0,0,0,0,0,0,0,0,81.5923,0,18446744073709551545,0,139659,0,0,119.928,0,0,0,0,0,233666650,1419.48,2290.38,1.66238,0.593432,516.245,1.61353,119.928,2.74963,0,contention,0,12919347,0,0,0,0,0
38,120,1,10,1,6,10,1,0,60,0,1,1,0,0,1,100,4,1.78499,100,0,0,0,0,0,0,0,0,81.5923,0,18446744073709551545,0,138220,0,0,119.931,0,0,0,0,0,233716694,1414.19,2301.79,1.65305,0.585658,516.156,1.62764,119.931,2.73985,0,contention,0,12388338,0,0,0,0,0
39,120,1,10,1,6,10,1,0,60,0,1,1,0,0,1,100,4,1.78499,100,0,0,0,0,0,0,0,0,81.5923,0,18446744073709551545,0,138191,0,0,119.93,0,0,0,0,0,233435805,1415.81,2302.53,1.64805,0.585558,516.775,1.6263,119.93,2.7397,0,contention,0,12495641,0,0,0,0,0
40,120,1,10,1,6,10,1,0,60,0,1,1,0,0,1,100,4,1.78499,100,0,0,0,0,0,0,0,0,81.5923,0,18446744073709551545,0,138701,0,0,119.926,0,0,0,0,0,234119302,1416.51,2300.08,1.63115,0.578281,517.099,1.62377,119.926,2.73934,0,contention,0,12284146,0,0,0,0,0
41,120,1,10,1,6,10,1,0,60,0,1,1,0,0,1,100,4,1.78499,100,0,0,0,0,0,0,0,0,81.5923,0,18446744073709551545,0,138550,0,0,119.92,0,0,0,0,0,231788239,1429.49,2303.51,1.65297,0.592485,520.429,1.61142,119.92,2.74676,0,contention,0,12482571,0,0,0,0,0
42,120,1,10,1,6,10,1,0,60,0,1,1,0,0,1,100,4,1.78499,100,0,0,0,0,0,0,0,0,81.5923,0,18446744073709551545,0,138623,0,0,119.92,0,0,0,0,0,233119102,1420.47,2301.61,1.64399,0.585095,517.349,1.62032,119.92,2.74567,0,contention,0,12639451,0,0,0,0,0
43,120,1,10,1,6,10,1,0,60,0,1,1,0,0,1,100,4,1.78499,100,0,0,0,0,0,0,0,0,81.5923,0,18446744073709551545,0,138531,0,0,119.926,0,0,0,0,0,231644520,1429.75,2301.88,1.65505,0.590062,520.653,1.60999,119.926,2.74606,0,contention,0,12341389,0,0,0,0,0
44,120,1,10,1,6,10,1,0,60,0,1,1,0,0,1,100,4,1.78499,100,0,0,0,0,0,0,0,0,81.5923,0,18446744073709551545,0,138499,0,0,119.927,0,0,0,0,0,231136979,1432.49,2303.52,1.66833,0.594095,521.789,1.60805,119.927,2.74535,0,contention,0,12405401,0,0,0,0,0
45,120,1,10,1,6,10,1,0,60,0,1,1,0,0,1,100,4,1.78499,100,0,0,0,0,0,0,0,0,81.5923,0,18446744073709551545,0,138886,0,0,119.929,0,0,0,0,0,231055965,1432.57,2298.75,1.67786,0.601782,522.048,1.60463,119.929,2.74414,0,contention,0,12623324,0,0,0,0,0
46,120,1,10,1,6,10,1,0,60,0,1,1,0,0,1,100,4,1.78499,100,0,0,0,0,0,0,0,0,81.5923,0,18446744073709551545,0,138329,0,0,119.929,0,0,0,0,0,231757296,1426.84,2304.89,1.67369,0.592677,520.469,1.61537,119.929,2.74146,0,contention,0,12574262,0,0,0,0,0
47,120,1,10,1,6,10,1,0,60,0,1,1,0,0,1,100,4,1.78499,100,0,0,0,0,0,0,0,0,81.5923,0,18446744073709551545,0,137920,0,0,119.929,0,0,0,0,0,232839166,1419.11,2302.36,1.64765,0.583301,518.118,1.6224,119.929,2.73896,0,contention,0,12374817,0,0,0,0,0
48,120,1,10,1,6,10,1,0,60,0,1,1,0,0,1,100,4,1.78499,100,0,0,0,0,0,0,0,0,81.5923,0,18446744073709551545,0,138194,0,0,119.927,0,0,0,0,0,232291782,1423.24,2301.4,1.63939,0.586906,519.328,1.61701,119.927,2.74054,0,contention,0,12315161,0,0,0,0,0
49,120,1,10,1,6,10,1,0,60,0,1,1,0,0,1,100,4,1.78499,100,0,0,0,0,0,0,0,0,81.5923,0,18446744073709551545,0,138157,0,0,119.915,0,0,0,0,0,232512183,1421.55,2301.65,1.63856,0.583874,518.7,1.61912,119.915,2.74059,0,contention,0,12314099,0,0,0,0,0
50,120,1,10,1,6,10,1,0,60,0,1,1,0,0,1,100,4,1.78499,100,0,0,0,0,0,0,0,0,81.5923,0,18446744073709551545,0,137770,0,0,119.923,0,0,0,0,0,233034232,1414.87,2298.89,1.6205,0.581515,517.585,1.62481,119.923,2.73359,0,contention,0,11975460,0,0,0,0,0
51,120,1,10,1,6,10,1,0,60,0,1,1,0,0,1,100,4,1.78499,100,0,0,0,0,0,0,0,0,81.5923,0,18446744073709551545,0,137829,0,0,119.925,0,0,0,0,0,232795730,1416.79,2299.01,1.63148,0.58588,518.111,1.62269,119.925,2.73453,0,contention,0,11989336,0,0,0,0,0
52,120,1,10,1,6,10,1,0,60,0,1,1,0,0,1,100,4,1.78499,100,0,0,0,0,0,0,0,0,81.5923,0,18446744073709551545,0,137497,0,0,119.93,0,0,0,0,0,234769675,1401.43,2295.73,1.59979,0.56956,513.763,1.63814,119.93,2.72777,0,contention,0,11806665,0,0,0,0,0
53,120,1,10,1,6,10,1,0,60,0,1,1,0,0,1,100,4,1.78499,100,0,0,0,0,0,0,0,0,81.5923,0,18446744073709551545,0,137414,0,0,119.927,0,0,0,0,0,233899600,1406.11,2297.29,1.6141,0.5744,515.679,1.63379,119.927,2.72672,0,contention,0,11892846,0,0,0,0,0
54,120,1,10,1,6,10,1,0,60,0,1,1,0,0,1,100,4,1.78499,100,0,0,0,0,0,0,0,0,81.5923,0,18446744073709551545,0,137319,0,0,119.913,0,0,0,0,0,234158734,1403.05,2296.21,1.61668,0.570958,515.047,1.63659,119.913,2.72412,0,contention,0,11824242,0,0,0,0,0
55,120,1,10,1,6,10,1,0,60,0,1,1,0,0,1,100,4,1.78499,100,0,0,0,0,0,0,0,0,81.5923,0,18446744073709551545,0,137529,0,0,119.929,0,0,0,0,0,233205619,1410.73,2298.96,1.62344,0.578575,517.252,1.62963,119.929,2.72735,0,contention,0,11979204,0,0,0,0,0
56,120,1,10,1,6,10,1,0,60,0,1,1,0,0,1,100,4,1.78499,100,0,0,0,0,0,0,0,0,81.5923,0,18446744073709551545,0,137424,0,0,119.924,0,0,0,0,0,233153296,1410,2298.69,1.61604,0.578912,517.351,1.63028,119.924,2.72541,0,contention,0,12034088,0,0,0,0,0
57,120,1,10,1,6,10,1,0,60,0,1,1,0,0,1,100,4,1.78499,100,0,0,0,0,0,0,0,0,81.5923,0,18446744073709551545,0,138036,0,0,119.929,0,0,0,0,0,231351043,1427.36,2304.55,1.6438,0.597027,521.433,1.61456,119.929,2.73738,0,contention,0,12487808,0,0,0,0,0
58,120,1,10,1,6,10,1,0,60,0,1,1,0,0,1,100,4,1.78499,100,0,0,0,0,0,0,0,0,81.5923,0,18446744073709551545,0,137736,0,0,119.926,0,0,0,0,0,231650880,1422.38,2303.16,1.63594,0.58971,520.687,1.61924,119.926,2.73173,0,contention,0,12451007,0,0,0,0,0
59,120,1,10,1,6,10,1,0,60,0,1,1,0,0,1,100,4,1.78499,100,0,0,0,0,0,0,0,0,81.5923,0,18446744073709551545,0,137668,0,0,119.927,0,0,0,0,0,231182006,1424.36,2305.53,1.64213,0.593729,521.697,1.61864,119.927,2.73024,0,contention,0,12580955,0,0,0,0,0
0,120,1,10,1,6,10,1,0,60,0,0,0,0,0,1,100,4,1.78215,100,0,0,0,0,0,0,0,0,81.6216,0,18446744073709551545,0,2221187,0,0,1.48333,0,0,0,116795,0,475,506.644,801.011,28.6,4.73053,2249.44,1.58101,1.48333,0.225231,0,contention,0,667,0,0,0,0,0
1,120,1,10,1,6,10,1,0,60,0,0,0,0,0,1,100,4,1.78215,100,0,0,0,0,0,0,0,0,81.6216,0,18446744073709551545,0,168406,0,0,118.732,0,0,0,0,0,26656922,8116.05,4610.98,12.2167,4.74588,4487.16,0.568131,118.732,1.80873,0,contention,0,28734083,0,0,0,0,0
2,120,1,10,1,6,10,1,0,60,0,0,0,0,0,1,100,4,1.78215,100,0,0,0,0,0,0,0,0,81.6216,0,18446744073709551545,0,168966,0,0,119.903,0,0,0,0,0,26646314,8661.13,4726.14,12.4043,4.91085,4530.89,0.545673,119.903,1.91157,0,contention,0,30352413,0,0,0,0,0
3,120,1,10,1,6,10,1,0,60,0,0,0,0,0,1,100,4,1.78215,100,0,0,0,0,0,0,0,0,81.6216,0,18446744073709551545,0,169778,0,0,119.936,0,0,0,0,0,29546511,12486.8,5094.85,12.827,5.55134,4101.29,0.408019,119.936,3.0446,0,contention,0,38537195,0,0,0,0,0
4,120,1,10,1,6,10,1,0,60,0,0,0,0,0,1,100,4,1.78215,100,0,0,0,0,0,0,0,0,81.6216,0,18446744073709551545,0,167668,0,0,119.926,0,0,0,0,0,29818923,13497.5,5153.85,12.8673,5.64347,4045.93,0.381837,119.926,3.33607,0,contention,0,39409498,0,0,0,0,0
5,120,1,10,1,6,10,1,0,60,0,0,0,0,0,1,100,4,1.78215,100,0,0,0,0,0,0,0,0,81.6216,0,18446744073709551545,0,167274,0,0,119.921,0,0,0,0,0,29793633,13490.2,5149.09,12.8794,5.64491,4049.4,0.381692,119.921,3.3314,0,contention,0,39312725,0,0,0,0,0
6,120,1,10,1,6,10,1,0,60,0,0,0,0,0,1,100,4,1.78215,100,0,0,0,0,0,0,0,0,81.6216,0,18446744073709551545,0,166726,0,0,119.931,0,0,0,0,0,29753836,13490.7,5154.46,12.8696,5.64581,4054.74,0.382075,119.931,3.32715,0,contention,0,39336110,0,0,0,0,0
7,120,1,10,1,6,10,1,0,60,0,0,0,0,0,1,100,4,1.78215,100,0,0,0,0,0,0,0,0,81.6216,0,18446744073709551545,0,166733,0,0,119.924,0,0,0,0,0,29802084,13479.4,5153.43,12.8525,5.6414,4048.37,0.382319,119.924,3.32958,0,contention,0,39391027,0,0,0,0,0
8,120,1,10,1,6,10,1,0,60,0,0,0,0,0,1,100,4,1.78215,100,0,0,0,0,0,0,0,0,81.6216,0,18446744073709551545,0,166668,0,0,119.93,0,0,0,0,0,29803551,13469.9,5145.01,12.8569,5.6401,4048.09,0.381964,119.93,3.32747,0,contention,0,39283920,0,0,0,0,0
9,120,1,10,1,6,10,1,0,60,0,0,0,0,0,1,100,4,1.78215,100,0,0,0,0,0,0,0,0,81.6216,0,18446744073709551545,0,166741,0,0,119.924,0,0,0,0,0,29838162,13462.1,5150.89,12.8525,5.64287,4043.57,0.382622,119.924,3.32925,0,contention,0,39406185,0,0,0,0,0
10,120,1,10,1,6,10,1,0,60,0,0,0,0,0,1,100,4,1.78215,100,0,0,0,0,0,0,0,0,81.6216,0,18446744073709551545,0,167103,0,0,119.929,0,0,0,0,0,29846564,13451.8,5148.65,12.8334,5.64348,4042.72,0.382747,119.929,3.32742,0,contention,0,39394745,0,0,0,0,0
11,120,1,10,1,6,10,1,0,60,0,0,0,0,0,1,100,4,1.78215,100,0,0,0,0,0,0,0,0,81.6216,0,18446744073709551545,0,166555,0,0,119.91,0,0,0,0,0,29808788,13445.4,5146.08,12.8734,5.6325,4047.18,0.38274,119.91,3.32215,0,contention,0,39316285,0,0,0,0,0
12,120,1,10,1,6,10,1,0,60,0,0,0,0,0,1,100,4,1.78215,100,0,0,0,0,0,0,0,0,81.6216,0,18446744073709551545,0,166540,0,0,119.922,0,0,0,0,0,29810030,13455.7,5148.05,12.8607,5.63382,4047.48,0.382593,119.922,3.32446,0,contention,0,39337883,0,0,0,0,0
13,120,1,10,1,6,10,1,0,60,0,0,0,0,0,1,100,4,1.78215,100,0,0,0,0,0,0,0,0,81.6216,0,18446744073709551545,0,166271,0,0,119.928,0,0,0,0,0,29773438,13452,5149.84,12.8492,5.64143,4052.4,0.382832,119.928,3.3195,0,contention,0,39309342,0,0,0,0,0
14,120,1,10,1,6,10,1,0,60,0,0,0,0,0,1,100,4,1.78215,100,0,0,0,0,0,0,0,0,81.6216,0,18446744073709551545,0,166326,0,0,119.93,0,0,0,0,0,29741617,13465.4,5152.65,12.8574,5.64691,4056.8,0.382659,119.93,3.31921,0,contention,0,39307571,0,0,0,0,0
15,120,1,10,1,6,10,1,0,60,0,0,0,0,0,1,100,4,1.78215,100,0,0,0,0,0,0,0,0,81.6216,0,18446744073709551545,0,166829,0,0,119.931,0,0,0,0,0,29789234,13457,5151.91,12.8578,5.64,4050.78,0.382841,119.931,3.32209,0,contention,0,39364111,0,0,0,0,0
16,120,1,10,1,6,10,1,0,60,0,0,0,0,0,1,100,4,1.78215,100,0,0,0,0,0,0,0,0,81.6216,0,18446744073709551545,0,166509,0,0,119.927,0,0,0,0,0,29760635,13443.1,5153.01,12.858,5.64093,4054.21,0.383321,119.927,3.31583,0,contention,0,39346994,0,0,0,0,0
17,120,1,10,1,6,10,1,0,60,0,0,0,0,0,1,100,4,1.78215,100,0,0,0,0,0,0,0,0,81.6216,0,18446744073709551545,0,166392,0,0,119.917,0,0,0,0,0,29763764,13438.5,5150.46,12.8611,5.64234,4053.33,0.38326,119.917,3.31543,0,contention,0,39302895,0,0,0,0,0
18,120,1,10,1,6,10,1,0,60,0,0,0,0,0,1,100,4,1.78215,100,0,0,0,0,0,0,0,0,81.6216,0,18446744073709551545,0,166397,0,0,119.929,0,0,0,0,0,29780030,13433,5145.88,12.8474,5.64168,4051.55,0.383077,119.929,3.31553,0,contention,0,39273541,0,0,0,0,0
19,120,1,10,1,6,10,1,0,60,0,0,0,0,0,1,100,4,1.78215,100,0,0,0,0,0,0,0,0,81.6216,0,18446744073709551545,0,166527,0,0,119.93,0,0,0,0,0,29813860,13417.4,5139.79,12.8137,5.63552,4046.93,0.38307,119.93,3.31545,0,contention,0,39234208,0,0,0,0,0
20,120,1,10,1,6,10,1,0,60,0,0,0,0,0,1,100,4,1.78215,100,0,0,0,0,0,0,0,0,81.6216,0,18446744073709551545,0,165788,0,0,119.946,0,0,0,0,0,30357942,13138.1,5105.62,12.7702,5.576,3968.31,0.388611,119.946,3.31076,0,contention,0,39476834,0,0,0,0,0
21,120,1,10,1,6,10,1,0,60,0,0,0,0,0,1,100,4,1.78215,100,0,0,0,0,0,0,0,0,81.6216,0,18446744073709551545,0,164900,0,0,119.922,0,0,0,0,0,30730680,12925.9,5096.2,12.7717,5.55033,3926.04,0.394261,119.922,3.29237,0,contention,0,39843332,0,0,0,0,0
22,120,1,10,1,6,10,1,0,60,0,0,0,0,0,1,100,4,1.78215,100,0,0,0,0,0,0,0,0,81.6216,0,18446744073709551545,0,166517,0,0,119.92,0,0,0,0,0,29749696,13435.7,5146.13,12.8655,5.64266,4055,0.38302,119.92,3.31335,0,contention,0,39225339,0,0,0,0,0
23,120,1,10,1,6,10,1,0,60,0,0,0,0,0,1,100,4,1.78215,100,0,0,0,0,0,0,0,0,81.6216,0,18446744073709551545,0,166284,0,0,119.912,0,0,0,0,0,29745552,13437.7,5148.96,12.8606,5.63897,4055.5,0.383172,119.912,3.31345,0,contention,0,39258750,0,0,0,0,0
24,120,1,10,1,6,10,1,0,60,0,0,0,0,0,1,100,4,1.78215,100,0,0,0,0,0,0,0,0,81.6216,0,18446744073709551545,0,166108,0,0,119.919,0,0,0,0,0,29784875,13429.4,5144.84,12.8616,5.62592,4050.36,0.383102,119.919,3.31561,0,contention,0,39240554,0,0,0,0,0
25,120,1,10,1,6,10,1,0,60,0,0,0,0,0,1,100,4,1.78215,100,0,0,0,0,0,0,0,0,81.6216,0,18446744073709551545,0,166041,0,0,119.917,0,0,0,0,0,29759212,13433.5,5147.51,12.8799,5.63346,4055.07,0.383184,119.917,3.31277,0,contention,0,39267072,0,0,0,0,0
26,120,1,10,1,6,10,1,0,60,0,0,0,0,0,1,100,4,1.78215,100,0,0,0,0,0,0,0,0,81.6216,0,18446744073709551545,0,166890,0,0,119.919,0,0,0,0,0,29725273,13519.3,5158.48,12.8786,5.61855,4058.85,0.381564,119.919,3.33083,0,contention,0,39369625,0,0,0,0,0
27,120,1,10,1,6,10,1,0,60,0,0,0,0,0,1,100,4,1.78215,100,0,0,0,0,0,0,0,0,81.6216,0,18446744073709551545,0,164912,0,0,119.931,0,0,0,0,0,30603984,12971.3,5107.29,12.8753,5.58601,3942.49,0.393737,119.931,3.29013,0,contention,0,39841666,0,0,0,0,0
28,120,1,10,1,6,10,1,0,60,0,0,0,0,0,1,100,4,1.78215,100,0,0,0,0,0,0,0,0,81.6216,0,18446744073709551545,0,166245,0,0,119.928,0,0,0,0,0,28762548,13911.1,5197.52,13.0159,5.74728,4194.51,0.373623,119.928,3.31651,0,contention,0,38600314,0,0,0,0,0
29,120,1,10,1,6,10,1,0,60,0,0,0,0,0,1,100,4,1.78215,100,0,0,0,0,0,0,0,0,81.6216,0,18446744073709551545,0,165255,0,0,119.93,0,0,0,0,0,30343451,13078.1,5117.59,12.9072,5.62097,3976.98,0.391309,119.93,3.28845,0,contention,0,39658864,0,0,0,0,0
30,120,1,10,1,6,10,1,0,60,0,0,0,0,0,1,100,4,1.78215,100,0,0,0,0,0,0,0,0,81.6216,0,18446744073709551545,0,168203,0,0,119.925,0,0,0,0,0,29064243,13787.1,5137.87,12.885,5.6989,4151.02,0.372657,119.925,3.32138,0,contention,0,38898132,0,0,0,0,0
31,120,1,10,1,6,10,1,0,60,0,0,0,0,0,1,100,4,1.78215,100,0,0,0,0,0,0,0,0,81.6216,0,18446744073709551545,0,166851,0,0,119.913,0,0,0,0,0,28792912,13823.7,5183.41,12.9823,5.72557,4189.94,0.374966,119.913,3.29926,0,contention,0,38483773,0,0,0,0,0
32,120,1,10,1,6,10,1,0,60,0,0,0,0,0,1,100,4,1.78215,100,0,0,0,0,0,0,0,0,81.6216,0,18446744073709551545,0,166580,0,0,119.925,0,0,0,0,0,28786452,13871,5192.46,12.9891,5.73483,4191.07,0.374339,119.925,3.30966,0,contention,0,38575191,0,0,0,0,0
33,120,1,10,1,6,10,1,0,60,0,0,0,0,0,1,100,4,1.78215,100,0,0,0,0,0,0,0,0,81.6216,0,18446744073709551545,0,166501,0,0,119.92,0,0,0,0,0,28831900,13869.9,5187.21,12.9876,5.73126,4184.62,0.37399,119.92,3.3145,0,contention,0,38560216,0,0,0,0,0
34,120,1,10,1,6,10,1,0,60,0,0,0,0,0,1,100,4,1.78215,100,0,0,0,0,0,0,0,0,81.6216,0,18446744073709551545,0,166452,0,0,119.926,0,0,0,0,0,29281228,13654.9,5161.64,12.9086,5.66523,4120.27,0.378006,119.926,3.31409,0,contention,0,38958156,0,0,0,0,0
35,120,1,10,1,6,10,1,0,60,0,0,0,0,0,1,100,4,1.78215,100,0,0,0,0,0,0,0,0,81.6216,0,18446744073709551545,0,166437,0,0,119.922,0,0,0,0,0,28860916,13847.5,5187.99,12.9676,5.72559,4180.1,0.374653,119.922,3.31271,0,contention,0,38641332,0,0,0,0,0
36,120,1,10,1,6,10,1,0,60,0,0,0,0,0,1,100,4,1.78215,100,0,0,0,0,0,0,0,0,81.6216,0,18446744073709551545,0,166428,0,0,119.929,0,0,0,0,0,28823678,13866.4,5191.6,12.9978,5.73677,4185.73,0.374402,119.929,3.31277,0,contention,0,38629086,0,0,0,0,0
37,120,1,10,1,6,10,1,0,60,0,0,0,0,0,1,100,4,1.78215,100,0,0,0,0,0,0,0,0,81.6216,0,18446744073709551545,0,166575,0,0,119.935,0,0,0,0,0,28814692,13883,5191.89,12.9806,5.73987,4187.52,0.373976,119.935,3.31531,0,contention,0,38611771,0,0,0,0,0
38,120,1,10,1,6,10,1,0,60,0,0,0,0,0,1,100,4,1.78215,100,0,0,0,0,0,0,0,0,81.6216,0,18446744073709551545,0,166552,0,0,119.925,0,0,0,0,0,28839719,13868.3,5187.69,12.9881,5.7309,4183.22,0.374067,119.925,3.31523,0,contention,0,38572571,0,0,0,0,0
39,120,1,10,1,6,10,1,0,60,0,0,0,0,0,1,100,4,1.78215,100,0,0,0,0,0,0,0,0,81.6216,0,18446744073709551545,0,166550,0,0,119.918,0,0,0,0,0,28792093,13886.3,5190.4,13.0164,5.73125,4190.02,0.373777,119.918,3.31415,0,contention,0,38543177,0,0,0,0,0
40,120,1,10,1,6,10,1,0,60,0,0,0,0,0,1,100,4,1.78215,100,0,0,0,0,0,0,0,0,81.6216,0,18446744073709551545,0,166516,0,0,119.925,0,0,0,0,0,28822700,13868.6,5185.24,12.9853,5.73483,4185.7,0.373883,119.925,3.31333,0,contention,0,38542797,0,0,0,0,0
41,120,1,10,1,6,10,1,0,60,0,0,0,0,0,1,100,4,1.78215,100,0,0,0,0,0,0,0,0,81.6216,0,18446744073709551545,0,166485,0,0,119.907,0,0,0,0,0,29636231,13476.5,5137.09,12.8796,5.59872,4070.42,0.38119,119.907,3.31083,0,contention,0,38935246,0,0,0,0,0
42,120,1,10,1,6,10,1,0,60,0,0,0,0,0,1,100,4,1.78215,100,0,0,0,0,0,0,0,0,81.6216,0,18446744073709551545,0,166445,0,0,119.932,0,0,0,0,0,30069987,13281.8,5107,12.8045,5.52361,4012.52,0.38451,119.932,3.31009,0,contention,0,39078450,0,0,0,0,0
43,120,1,10,1,6,10,1,0,60,0,0,0,0,0,1,100,4,1.78215,100,0,0,0,0,0,0,0,0,81.6216,0,18446744073709551545,0,166643,0,0,119.935,0,0,0,0,0,30081642,13291.4,5112.09,12.8048,5.52218,4011.4,0.384616,119.935,3.31341,0,contention,0,39167047,0,0,0,0,0
44,120,1,10,1,6,10,1,0,60,0,0,0,0,0,1,100,4,1.78215,100,0,0,0,0,0,0,0,0,81.6216,0,18446744073709551545,0,166159,0,0,119.907,0,0,0,0,0,30262163,13199.8,5103.87,12.8233,5.51291,3986.06,0.386661,119.907,3.3115,0,contention,0,39257906,0,0,0,0,0
45,120,1,10,1,6,10,1,0,60,0,0,0,0,0,1,100,4,1.78215,100,0,0,0,0,0,0,0,0,81.6216,0,18446744073709551545,0,166448,0,0,119.911,0,0,0,0,0,30127771,13240.1,5096.17,12.7731,5.49756,4004.22,0.384903,119.911,3.30655,0,contention,0,39176296,0,0,0,0,0
46,120,1,10,1,6,10,1,0,60,0,0,0,0,0,1,100,4,1.78215,100,0,0,0,0,0,0,0,0,81.6216,0,18446744073709551545,0,166296,0,0,119.932,0,0,0,0,0,30174813,13218.7,5108.6,12.8055,5.51281,4000.19,0.386468,119.932,3.30452,0,contention,0,39270584,0,0,0,0,0
47,120,1,10,1,6,10,1,0,60,0,0,0,0,0,1,100,4,1.78215,100,0,0,0,0,0,0,0,0,81.6216,0,18446744073709551545,0,166406,0,0,119.918,0,0,0,0,0,29823815,13385.4,5120.85,12.8219,5.57088,4045.48,0.382569,119.918,3.30873,0,contention,0,38971287,0,0,0,0,0
48,120,1,10,1,6,10,1,0,60,0,0,0,0,0,1,100,4,1.78215,100,0,0,0,0,0,0,0,0,81.6216,0,18446744073709551545,0,166848,0,0,119.929,0,0,0,0,0,29423649,13570.7,5140.54,12.8518,5.62381,4100.92,0.378797,119.929,3.30919,0,contention,0,38776640,0,0,0,0,0
49,120,1,10,1,6,10,1,0,60,0,0,0,0,0,1,100,4,1.78215,100,0,0,0,0,0,0,0,0,81.6216,0,18446744073709551545,0,166831,0,0,119.935,0,0,0,0,0,29400408,13585.2,5145.96,12.8664,5.63372,4104.37,0.378791,119.935,3.30994,0,contention,0,38756920,0,0,0,0,0
50,120,1,10,1,6,10,1,0,60,0,0,0,0,0,1,100,4,1.78215,100,0,0,0,0,0,0,0,0,81.6216,0,18446744073709551545,0,165300,0,0,119.945,0,0,0,0,0,30742684,12907.8,5075.98,12.7628,5.5101,3919.45,0.393248,119.945,3.29327,0,contention,0,39579720,0,0,0,0,0
51,120,1,10,1,6,10,1,0,60,0,0,0,0,0,1,100,4,1.78215,100,0,0,0,0,0,0,0,0,81.6216,0,18446744073709551545,0,165940,0,0,119.912,0,0,0,0,0,29714956,13336.1,5123.25,12.8363,5.58269,4060,0.384163,119.912,3.28476,0,contention,0,38898429,0,0,0,0,0
52,120,1,10,1,6,10,1,0,60,0,0,0,0,0,1,100,4,1.78215,100,0,0,0,0,0,0,0,0,81.6216,0,18446744073709551545,0,166586,0,0,119.928,0,0,0,0,0,29549439,13443.7,5141.29,12.8601,5.61354,4083.31,0.38243,119.928,3.29236,0,contention,0,38926052,0,0,0,0,0
53,120,1,10,1,6,10,1,0,60,0,0,0,0,0,1,100,4,1.78215,100,0,0,0,0,0,0,0,0,81.6216,0,18446744073709551545,0,166585,0,0,119.92,0,0,0,0,0,29566258,13506.1,5150.95,12.8754,5.61163,4080.86,0.381381,119.92,3.30962,0,contention,0,39082122,0,0,0,0,0
54,120,1,10,1,6,10,1,0,60,0,0,0,0,0,1,100,4,1.78215,100,0,0,0,0,0,0,0,0,81.6216,0,18446744073709551545,0,167214,0,0,119.935,0,0,0,0,0,29928461,13351,5110.21,12.7862,5.56997,4030.85,0.382759,119.935,3.31221,0,contention,0,39293374,0,0,0,0,0
55,120,1,10,1,6,10,1,0,60,0,0,0,0,0,1,100,4,1.78215,100,0,0,0,0,0,0,0,0,81.6216,0,18446744073709551545,0,166404,0,0,119.93,0,0,0,0,0,30013858,13297.7,5124.7,12.8226,5.57291,4022.6,0.385381,119.93,3.30576,0,contention,0,39267356,0,0,0,0,0
56,120,1,10,1,6,10,1,0,60,0,0,0,0,0,1,100,4,1.78215,100,0,0,0,0,0,0,0,0,81.6216,0,18446744073709551545,0,166338,0,0,119.929,0,0,0,0,0,30017078,13291.2,5118.69,12.7941,5.56347,4019.04,0.385119,119.929,3.30706,0,contention,0,39221548,0,0,0,0,0
57,120,1,10,1,6,10,1,0,60,0,0,0,0,0,1,100,4,1.78215,100,0,0,0,0,0,0,0,0,81.6216,0,18446744073709551545,0,166480,0,0,119.93,0,0,0,0,0,30011399,13306.2,5124.19,12.794,5.58063,4020.38,0.385099,119.93,3.30969,0,contention,0,39278549,0,0,0,0,0
58,120,1,10,1,6,10,1,0,60,0,0,0,0,0,1,100,4,1.78215,100,0,0,0,0,0,0,0,0,81.6216,0,18446744073709551545,0,166330,0,0,119.917,0,0,0,0,0,30329225,13158.8,5108.77,12.7686,5.52498,3977.2,0.388241,119.917,3.30855,0,contention,0,39461673,0,0,0,0,0
59,120,1,10,1,6,10,1,0,60,0,0,0,0,0,1,100,4,1.78215,100,0,0,0,0,0,0,0,0,81.6216,0,18446744073709551545,0,166322,0,0,119.932,0,0,0,0,0,30667772,13011.1,5093.26,12.7381,5.49355,3933.92,0.391454,119.932,3.30742,0,contention,0,39680354,0,0,0,0,0
