t,c_worker_threads,c_free_pct,c_cool_pct,c_pp_threads,c_partition_bits,c_dram_gib,c_target_gib,c_zipf_factor,c_fs,c_cm_split,c_backoff_strategy,latest_read_ratio,latest_window_gib,latest_window_ms,latest_window_offset_gib,space_usage_gib,p1_pct,p2_pct,p3_pct,poll_pct,find_parent_pct,iterate_children_pct,pc1,pc2,pc3,free_pct,cool_pct,evicted_mib,rounds,unswizzled,cpus,submit_ms,async_mb_ws,w_mib,allocate_ops,r_mib,tx,cycle,instr,L1-miss,br-miss,task,IPC,CPU,GHz,dt_id,dt_name,dt_misses_counter,dt_restarts_update_same_size,dt_restarts_structural_change,dt_restarts_read,dt_researchy_0,dt_researchy_1,dt_researchy_2
0,120,1,1,4,6,200,4,0.8,0,0,0,0,1,10000,0.1,4.40295,100,0,0,0,0,0,0,0,0,97.7297,0,0,18514284,0,2.27278,0,0,0,288552,0,675,1189.27,1811.3,50.7378,9.89926,2982.95,1.52303,2.27278,0.39869,0,latest,0,0,0,0,0,0,0
1,120,1,1,4,6,200,4,0.8,0,0,0,0,1,10000,0.1,4.40295,100,0,0,0,0,0,0,0,0,97.7297,0,0,2859571,0,118.955,0,0,0,0,0,5199240,42735.2,6406.76,29.2685,12.1441,23065.5,0.149918,118.955,1.85278,0,latest,0,8931830,0,0,0,0,0
2,120,1,1,4,6,200,4,0.8,0,0,0,0,1,10000,0.1,4.40295,100,0,0,0,0,0,0,0,0,97.7297,0,0,2875091,0,119.886,0,0,0,0,0,5332073,44403.3,6499.95,27.5727,12.1879,22640.1,0.146384,119.886,1.96126,0,latest,0,9417606,0,0,0,0,0
3,120,1,1,4,6,200,4,0.8,0,0,0,0,1,10000,0.1,4.40295,100,0,0,0,0,0,0,0,0,97.7297,0,0,2898573,0,119.927,0,0,0,0,0,6386760,58401.7,7213.19,28.8617,13.1017,18894.6,0.12351,119.927,3.09092,0,latest,0,13128064,0,0,0,0,0
4,120,1,1,4,6,200,4,0.8,0,0,0,0,1,10000,0.1,4.40295,100,0,0,0,0,0,0,0,0,97.7297,0,0,2874215,0,119.924,0,0,0,0,0,6504938,61994.2,7412.59,29.3099,13.3682,18549.1,0.119569,119.924,3.34216,0,latest,0,13693865,0,0,0,0,0
5,120,1,1,4,6,200,4,0.8,0,0,0,0,1,10000,0.1,4.40295,100,0,0,0,0,0,0,0,0,97.7297,0,0,2876098,0,119.92,0,0,0,0,0,6504213,62022.5,7416.41,29.3247,13.3726,18556.4,0.119576,119.92,3.34237,0,latest,0,13711795,0,0,0,0,0
6,120,1,1,4,6,200,4,0.8,0,0,0,0,1,10000,0.1,4.40295,100,0,0,0,0,0,0,0,0,97.7297,0,0,2878483,0,119.924,0,0,0,0,0,6492909,62136.3,7424.18,29.3488,13.3582,18586.7,0.119482,119.924,3.34305,0,latest,0,13709155,0,0,0,0,0
7,120,1,1,4,6,200,4,0.8,0,0,0,0,1,10000,0.1,4.40295,100,0,0,0,0,0,0,0,0,97.7297,0,0,2878500,0,119.918,0,0,0,0,0,6502892,62040.5,7417.21,29.3514,13.3406,18558.6,0.119554,119.918,3.34294,0,latest,0,13711142,0,0,0,0,0
8,120,1,1,4,6,200,4,0.8,0,0,0,0,1,10000,0.1,4.40295,100,0,0,0,0,0,0,0,0,97.7297,0,0,2890785,0,119.925,0,0,0,0,0,6568536,61412.8,7346.51,29.0844,13.2227,18370.4,0.119625,119.925,3.34302,0,latest,0,13799724,0,0,0,0,0
9,120,1,1,4,6,200,4,0.8,0,0,0,0,1,10000,0.1,4.40295,100,0,0,0,0,0,0,0,0,97.7297,0,0,2887760,0,119.923,0,0,0,0,0,6524060,61846.5,7392.18,29.2341,13.2923,18499.9,0.119525,119.923,3.34306,0,latest,0,13753573,0,0,0,0,0
10,120,1,1,4,6,200,4,0.8,0,0,0,0,1,10000,0.1,4.40295,100,0,0,0,0,0,0,0,0,97.7297,0,0,2880348,0,119.928,0,0,0,0,0,6493097,62126.7,7412.26,29.35,13.3887,18580,0.119309,119.928,3.34374,0,latest,0,13727533,0,0,0,0,0
11,120,1,1,4,6,200,4,0.8,0,0,0,0,1,10000,0.1,4.40295,100,0,0,0,0,0,0,0,0,97.7297,0,0,2877346,0,119.926,0,0,0,0,0,6191222,65137.7,7617.52,30.2254,14.1419,19484.7,0.116945,119.926,3.34302,0,latest,0,13720787,0,0,0,0,0
12,120,1,1,4,6,200,4,0.8,0,0,0,0,1,10000,0.1,4.40295,100,0,0,0,0,0,0,0,0,97.7297,0,0,2877239,0,119.924,0,0,0,0,0,6203525,65002.4,7608.75,30.279,14.1423,19449.4,0.117053,119.924,3.34213,0,latest,0,13730063,0,0,0,0,0
13,120,1,1,4,6,200,4,0.8,0,0,0,0,1,10000,0.1,4.40295,100,0,0,0,0,0,0,0,0,97.7297,0,0,2873171,0,119.926,0,0,0,0,0,6188707,65163.6,7617.92,30.2465,14.1541,19491,0.116905,119.926,3.34326,0,latest,0,13709479,0,0,0,0,0
14,120,1,1,4,6,200,4,0.8,0,0,0,0,1,10000,0.1,4.40295,100,0,0,0,0,0,0,0,0,97.7297,0,0,2877221,0,119.926,0,0,0,0,0,6201690,65011.5,7607.3,30.237,14.1601,19450.9,0.117015,119.926,3.34234,0,latest,0,13716602,0,0,0,0,0
15,120,1,1,4,6,200,4,0.8,0,0,0,0,1,10000,0.1,4.40295,100,0,0,0,0,0,0,0,0,97.7297,0,0,2875736,0,119.921,0,0,0,0,0,6192990,65107,7617.25,30.2586,14.1937,19476.4,0.116996,119.921,3.34287,0,latest,0,13718707,0,0,0,0,0
16,120,1,1,4,6,200,4,0.8,0,0,0,0,1,10000,0.1,4.40295,100,0,0,0,0,0,0,0,0,97.7297,0,0,2873812,0,119.926,0,0,0,0,0,6203462,65006.7,7607.67,30.2824,14.1677,19445.8,0.117029,119.926,3.34298,0,latest,0,13724357,0,0,0,0,0
17,120,1,1,4,6,200,4,0.8,0,0,0,0,1,10000,0.1,4.40295,100,0,0,0,0,0,0,0,0,97.7297,0,0,2876462,0,119.925,0,0,0,0,0,6205240,64986.7,7603.56,30.2275,14.1559,19440.5,0.117002,119.925,3.34285,0,latest,0,13713620,0,0,0,0,0
18,120,1,1,4,6,200,4,0.8,0,0,0,0,1,10000,0.1,4.40295,100,0,0,0,0,0,0,0,0,97.7297,0,0,2875884,0,119.927,0,0,0,0,0,6207369,64971.3,7603.29,30.2123,14.168,19433.2,0.117025,119.927,3.34331,0,latest,0,13718186,0,0,0,0,0
19,120,1,1,4,6,200,4,0.8,0,0,0,0,1,10000,0.1,4.40295,100,0,0,0,0,0,0,0,0,97.7297,0,0,2869102,0,119.924,0,0,0,0,0,6199612,65043.4,7608.48,30.2346,14.1878,19456.8,0.116975,119.924,3.34297,0,latest,0,13714120,0,0,0,0,0
20,120,1,1,4,6,200,4,0.8,0,0,0,0,1,10000,0.1,4.40295,100,0,0,0,0,0,0,0,0,97.7297,0,0,2894502,0,119.923,0,0,0,0,0,6177728,65299.1,7630.02,30.2983,14.1949,19533.7,0.116847,119.923,3.34289,0,latest,0,13850173,0,0,0,0,0
21,120,1,1,4,6,200,4,0.8,0,0,0,0,1,10000,0.1,4.40295,100,0,0,0,0,0,0,0,0,97.7297,0,0,2876552,0,119.927,0,0,0,0,0,5889181,68480.1,7950.66,31.3605,14.6498,20481.4,0.116102,119.927,3.34352,0,latest,0,13804251,0,0,0,0,0
22,120,1,1,4,6,200,4,0.8,0,0,0,0,1,10000,0.1,4.40295,100,0,0,0,0,0,0,0,0,97.7297,0,0,2880273,0,119.923,0,0,0,0,0,5913634,68205.9,7923.99,31.3111,14.6158,20402.7,0.116177,119.923,3.34298,0,latest,0,13809262,0,0,0,0,0
23,120,1,1,4,6,200,4,0.8,0,0,0,0,1,10000,0.1,4.40295,100,0,0,0,0,0,0,0,0,97.7297,0,0,2880803,0,119.92,0,0,0,0,0,5905811,68298.5,7933.36,31.3553,14.6327,20427.3,0.116157,119.92,3.34349,0,latest,0,13808468,0,0,0,0,0
24,120,1,1,4,6,200,4,0.8,0,0,0,0,1,10000,0.1,4.40295,100,0,0,0,0,0,0,0,0,97.7297,0,0,2872144,0,119.923,0,0,0,0,0,5906411,68267.2,7930.86,31.3491,14.6279,20427.7,0.116174,119.923,3.34189,0,latest,0,13798810,0,0,0,0,0
25,120,1,1,4,6,200,4,0.8,0,0,0,0,1,10000,0.1,4.40295,100,0,0,0,0,0,0,0,0,97.7297,0,0,2878935,0,119.887,0,0,0,0,0,5916461,68136.5,7926.51,31.4003,14.6226,20384,0.116333,119.887,3.34264,0,latest,0,13814133,0,0,0,0,0
26,120,1,1,4,6,200,4,0.8,0,0,0,0,1,10000,0.1,4.40295,100,0,0,0,0,0,0,0,0,97.7297,0,0,2874187,0,119.912,0,0,0,0,0,5953729,67721.2,7896.24,32.1309,14.652,20261.7,0.116599,119.912,3.34233,0,latest,0,13820669,0,0,0,0,0
27,120,1,1,4,6,200,4,0.8,0,0,0,0,1,10000,0.1,4.40295,100,0,0,0,0,0,0,0,0,97.7297,0,0,2902516,0,119.883,0,0,0,0,0,5993974,67241.7,7833.4,31.3623,14.472,20118.6,0.116496,119.883,3.34226,0,latest,0,13912304,0,0,0,0,0
28,120,1,1,4,6,200,4,0.8,0,0,0,0,1,10000,0.1,4.40295,100,0,0,0,0,0,0,0,0,97.7297,0,0,2877600,0,119.901,0,0,0,0,0,5962784,67613.3,7884.97,32.0494,14.6374,20229.2,0.116619,119.901,3.34237,0,latest,0,13818119,0,0,0,0,0
29,120,1,1,4,6,200,4,0.8,0,0,0,0,1,10000,0.1,4.40295,100,0,0,0,0,0,0,0,0,97.7297,0,0,2876841,0,119.895,0,0,0,0,0,5933703,67948.6,7910.86,31.7335,14.6354,20321.7,0.116424,119.895,3.34365,0,latest,0,13804515,0,0,0,0,0
30,120,1,1,4,6,200,4,0.8,0,0,0,0,1,10000,0.1,4.40295,100,0,0,0,0,0,0,0,0,97.7297,0,0,2891384,0,119.907,0,0,0,0,0,5782714,69729.1,8169.32,32.0629,14.8002,20856.1,0.117158,119.907,3.34335,0,latest,0,13895193,0,0,0,0,0
31,120,1,1,4,6,200,4,0.8,0,0,0,0,1,10000,0.1,4.40295,100,0,0,0,0,0,0,0,0,97.7297,0,0,2898993,0,119.909,0,0,0,0,0,5462873,73802.9,8718.59,32.3437,15.2289,22078.2,0.118133,119.909,3.3428,0,latest,0,13879194,0,0,0,0,0
32,120,1,1,4,6,200,4,0.8,0,0,0,0,1,10000,0.1,4.40295,100,0,0,0,0,0,0,0,0,97.7297,0,0,2882643,0,119.914,0,0,0,0,0,5517160,73070.1,8654.73,31.7517,15.1331,21863.2,0.118444,119.914,3.34215,0,latest,0,13794194,0,0,0,0,0
33,120,1,1,4,6,200,4,0.8,0,0,0,0,1,10000,0.1,4.40295,100,0,0,0,0,0,0,0,0,97.7297,0,0,2902178,0,119.927,0,0,0,0,0,5558732,72549,8604.85,31.4195,15.0194,21699.6,0.118608,119.927,3.34334,0,latest,0,13921274,0,0,0,0,0
34,120,1,1,4,6,200,4,0.8,0,0,0,0,1,10000,0.1,4.40295,100,0,0,0,0,0,0,0,0,97.7297,0,0,2874288,0,119.924,0,0,0,0,0,5459544,73854.7,8738.92,31.8284,15.2227,22095.9,0.118326,119.924,3.34246,0,latest,0,13775564,0,0,0,0,0
35,120,1,1,4,6,200,4,0.8,0,0,0,0,1,10000,0.1,4.40295,100,0,0,0,0,0,0,0,0,97.7297,0,0,2896888,0,119.919,0,0,0,0,0,5542201,72782.5,8618.6,31.5153,15.052,21772.8,0.118416,119.919,3.34281,0,latest,0,13901184,0,0,0,0,0
36,120,1,1,4,6,200,4,0.8,0,0,0,0,1,10000,0.1,4.40295,100,0,0,0,0,0,0,0,0,97.7297,0,0,2880854,0,119.918,0,0,0,0,0,5400937,74656.9,8807.28,31.9415,15.2885,22341.4,0.11797,119.918,3.34164,0,latest,0,13788084,0,0,0,0,0
37,120,1,1,4,6,200,4,0.8,0,0,0,0,1,10000,0.1,4.40295,100,0,0,0,0,0,0,0,0,97.7297,0,0,2883448,0,119.923,0,0,0,0,0,5398388,74727,8809.65,31.9128,15.2921,22355.2,0.117891,119.923,3.34271,0,latest,0,13815200,0,0,0,0,0
38,120,1,1,4,6,200,4,0.8,0,0,0,0,1,10000,0.1,4.40295,100,0,0,0,0,0,0,0,0,97.7297,0,0,2875319,0,119.926,0,0,0,0,0,5405731,74608.3,8804.69,31.9029,15.3037,22323,0.118012,119.926,3.34222,0,latest,0,13805222,0,0,0,0,0
39,120,1,1,4,6,200,4,0.8,0,0,0,0,1,10000,0.1,4.40295,100,0,0,0,0,0,0,0,0,97.7297,0,0,2882215,0,119.924,0,0,0,0,0,5384096,74888.9,8821.5,31.9125,15.3023,22403.8,0.117795,119.924,3.34269,0,latest,0,13777328,0,0,0,0,0
40,120,1,1,4,6,200,4,0.8,0,0,0,0,1,10000,0.1,4.40295,100,0,0,0,0,0,0,0,0,97.7297,0,0,2871098,0,119.926,0,0,0,0,0,5338320,75539.5,8830.11,32.1198,15.4193,22596.2,0.116894,119.926,3.34301,0,latest,0,13790112,0,0,0,0,0
41,120,1,1,4,6,200,4,0.8,0,0,0,0,1,10000,0.1,4.40295,100,0,0,0,0,0,0,0,0,97.7297,0,0,2877475,0,119.925,0,0,0,0,0,5308741,75965.2,8822.7,32.2222,15.4906,22728.7,0.116141,119.925,3.34226,0,latest,0,13801135,0,0,0,0,0
42,120,1,1,4,6,200,4,0.8,0,0,0,0,1,10000,0.1,4.40295,100,0,0,0,0,0,0,0,0,97.7297,0,0,2880886,0,119.927,0,0,0,0,0,5324994,75741.6,8798.18,32.1705,15.4828,22657,0.116161,119.927,3.34296,0,latest,0,13791461,0,0,0,0,0
43,120,1,1,4,6,200,4,0.8,0,0,0,0,1,10000,0.1,4.40295,100,0,0,0,0,0,0,0,0,97.7297,0,0,2884107,0,119.926,0,0,0,0,0,5300988,76083.6,8830.48,32.2396,15.5161,22760.6,0.116063,119.926,3.34278,0,latest,0,13791416,0,0,0,0,0
44,120,1,1,4,6,200,4,0.8,0,0,0,0,1,10000,0.1,4.40295,100,0,0,0,0,0,0,0,0,97.7297,0,0,2883560,0,119.93,0,0,0,0,0,5309632,75965.3,8819.7,32.1939,15.4931,22717.1,0.116102,119.93,3.34397,0,latest,0,13799824,0,0,0,0,0
45,120,1,1,4,6,200,4,0.8,0,0,0,0,1,10000,0.1,4.40295,100,0,0,0,0,0,0,0,0,97.7297,0,0,2883290,0,119.927,0,0,0,0,0,5311073,75922.5,8814.35,32.1846,15.5003,22713.5,0.116097,119.927,3.34262,0,latest,0,13777151,0,0,0,0,0
46,120,1,1,4,6,200,4,0.8,0,0,0,0,1,10000,0.1,4.40295,100,0,0,0,0,0,0,0,0,97.7297,0,0,2879030,0,119.926,0,0,0,0,0,5309875,75935.4,8817.69,32.2534,15.5067,22715.8,0.116121,119.926,3.34284,0,latest,0,13786993,0,0,0,0,0
47,120,1,1,4,6,200,4,0.8,0,0,0,0,1,10000,0.1,4.40295,100,0,0,0,0,0,0,0,0,97.7297,0,0,2878597,0,119.925,0,0,0,0,0,5314738,75869,8812.2,32.224,15.489,22695.1,0.11615,119.925,3.34296,0,latest,0,13789772,0,0,0,0,0
48,120,1,1,4,6,200,4,0.8,0,0,0,0,1,10000,0.1,4.40295,100,0,0,0,0,0,0,0,0,97.7297,0,0,2878557,0,119.928,0,0,0,0,0,5325104,75715.3,8797.7,32.1819,15.4832,22650.6,0.116194,119.928,3.34276,0,latest,0,13788968,0,0,0,0,0
49,120,1,1,4,6,200,4,0.8,0,0,0,0,1,10000,0.1,4.40295,100,0,0,0,0,0,0,0,0,97.7297,0,0,2880338,0,119.927,0,0,0,0,0,5322319,75757.8,8802.54,32.1996,15.4922,22665.1,0.116193,119.927,3.34248,0,latest,0,13790547,0,0,0,0,0
50,120,1,1,4,6,200,4,0.8,0,0,0,0,1,10000,0.1,4.40295,100,0,0,0,0,0,0,0,0,97.7297,0,0,2880230,0,119.922,0,0,0,0,0,5153556,78247,8818.69,32.7208,15.5717,23413.5,0.112703,119.922,3.34196,0,latest,0,13772733,0,0,0,0,0
51,120,1,1,4,6,200,4,0.8,0,0,0,0,1,10000,0.1,4.40295,100,0,0,0,0,0,0,0,0,97.7297,0,0,2878201,0,119.925,0,0,0,0,0,5086598,79288.8,8811.58,32.9036,15.5908,23719.3,0.111133,119.925,3.34279,0,latest,0,13753480,0,0,0,0,0
52,120,1,1,4,6,200,4,0.8,0,0,0,0,1,10000,0.1,4.40295,100,0,0,0,0,0,0,0,0,97.7297,0,0,2883274,0,119.925,0,0,0,0,0,5109465,78926.7,8783.97,32.8544,15.5758,23614.5,0.111293,119.925,3.3423,0,latest,0,13770265,0,0,0,0,0
53,120,1,1,4,6,200,4,0.8,0,0,0,0,1,10000,0.1,4.40295,100,0,0,0,0,0,0,0,0,97.7297,0,0,2880715,0,119.923,0,0,0,0,0,5096644,79123.9,8799,32.8973,15.6149,23674.4,0.111205,119.923,3.34217,0,latest,0,13769334,0,0,0,0,0
54,120,1,1,4,6,200,4,0.8,0,0,0,0,1,10000,0.1,4.40295,100,0,0,0,0,0,0,0,0,97.7297,0,0,2911261,0,119.927,0,0,0,0,0,5131931,78630,8744.39,32.7147,15.506,23513.2,0.111209,119.927,3.34408,0,latest,0,13873752,0,0,0,0,0
55,120,1,1,4,6,200,4,0.8,0,0,0,0,1,10000,0.1,4.40295,100,0,0,0,0,0,0,0,0,97.7297,0,0,2896469,0,119.926,0,0,0,0,0,5113083,78903.3,8772.95,32.799,15.5582,23605,0.111186,119.926,3.34266,0,latest,0,13792964,0,0,0,0,0
56,120,1,1,4,6,200,4,0.8,0,0,0,0,1,10000,0.1,4.40295,100,0,0,0,0,0,0,0,0,97.7297,0,0,2886290,0,119.925,0,0,0,0,0,5091414,79215.2,8809.25,32.8996,15.6252,23702.5,0.111207,119.925,3.34207,0,latest,0,13775024,0,0,0,0,0
57,120,1,1,4,6,200,4,0.8,0,0,0,0,1,10000,0.1,4.40295,100,0,0,0,0,0,0,0,0,97.7297,0,0,2884191,0,119.926,0,0,0,0,0,5119282,78764.3,8771.84,32.8253,15.5514,23568.6,0.111368,119.926,3.34192,0,latest,0,13792787,0,0,0,0,0
58,120,1,1,4,6,200,4,0.8,0,0,0,0,1,10000,0.1,4.40295,100,0,0,0,0,0,0,0,0,97.7297,0,0,2889775,0,119.928,0,0,0,0,0,5095881,79147.3,8801.07,32.8549,15.5962,23680.3,0.111199,119.928,3.34233,0,latest,0,13762648,0,0,0,0,0
59,120,1,1,4,6,200,4,0.8,0,0,0,0,1,10000,0.1,4.40295,100,0,0,0,0,0,0,0,0,97.7297,0,0,2894437,0,119.926,0,0,0,0,0,5115534,78843.3,8775.58,32.8691,15.5698,23592.8,0.111304,119.926,3.34183,0,latest,0,13808584,0,0,0,0,0
0,120,1,1,4,6,200,4,0.8,0,0,1,0,1,10000,0.1,4.40295,100,0,0,0,0,0,0,0,0,97.7297,0,0,18481361,0,1.8248,0,0,0,288552,0,329,967.389,489.83,32.8967,10.9666,3733.26,0.506342,1.8248,0.259127,0,latest,0,0,0,0,0,0,0
1,120,1,1,4,6,200,4,0.8,0,0,1,0,1,10000,0.1,4.40295,100,0,0,0,0,0,0,0,0,97.7297,0,0,2863617,0,119.354,0,0,0,0,0,4672622,47705.3,7175.27,30.6217,13.4866,25755.8,0.150408,119.354,1.85222,0,latest,0,9711757,0,0,0,0,0
2,120,1,1,4,6,200,4,0.8,0,0,1,0,1,10000,0.1,4.40295,100,0,0,0,0,0,0,0,0,97.7297,0,0,2877233,0,119.903,0,0,0,0,0,4812804,49269.9,7259.3,29.9178,13.5126,25094.8,0.147338,119.903,1.96335,0,latest,0,10224759,0,0,0,0,0
3,120,1,1,4,6,200,4,0.8,0,0,1,0,1,10000,0.1,4.40295,100,0,0,0,0,0,0,0,0,97.7297,0,0,2879218,0,119.929,0,0,0,0,0,5981876,62210.1,7882.11,31.3035,14.323,20174.8,0.126702,119.929,3.08355,0,latest,0,14218856,0,0,0,0,0
4,120,1,1,4,6,200,4,0.8,0,0,1,0,1,10000,0.1,4.40295,100,0,0,0,0,0,0,0,0,97.7297,0,0,2863470,0,119.929,0,0,0,0,0,6138381,65712.7,8051.23,31.6835,14.5342,19660.3,0.122522,119.929,3.3424,0,latest,0,14965425,0,0,0,0,0
5,120,1,1,4,6,200,4,0.8,0,0,1,0,1,10000,0.1,4.40295,100,0,0,0,0,0,0,0,0,97.7297,0,0,2888385,0,119.926,0,0,0,0,0,6179520,65267.5,7994.21,31.4485,14.4137,19529,0.122484,119.926,3.34208,0,latest,0,15071612,0,0,0,0,0
6,120,1,1,4,6,200,4,0.8,0,0,1,0,1,10000,0.1,4.40295,100,0,0,0,0,0,0,0,0,97.7297,0,0,2889222,0,119.925,0,0,0,0,0,6198401,65094.1,7979.83,31.423,14.4169,19473.9,0.122589,119.925,3.34264,0,latest,0,15069427,0,0,0,0,0
7,120,1,1,4,6,200,4,0.8,0,0,1,0,1,10000,0.1,4.40295,100,0,0,0,0,0,0,0,0,97.7297,0,0,2868449,0,119.927,0,0,0,0,0,6136668,65736.5,8048.49,31.6499,14.5074,19668.5,0.122436,119.927,3.34222,0,latest,0,14952426,0,0,0,0,0
8,120,1,1,4,6,200,4,0.8,0,0,1,0,1,10000,0.1,4.40295,100,0,0,0,0,0,0,0,0,97.7297,0,0,2881021,0,119.928,0,0,0,0,0,6171169,65353.7,8005.26,31.498,14.4499,19550.8,0.122491,119.928,3.34277,0,latest,0,15007688,0,0,0,0,0
9,120,1,1,4,6,200,4,0.8,0,0,1,0,1,10000,0.1,4.40295,100,0,0,0,0,0,0,0,0,97.7297,0,0,2883684,0,119.924,0,0,0,0,0,6187317,65184.6,7987.75,31.4463,14.4169,19497.9,0.12254,119.924,3.34316,0,latest,0,15063715,0,0,0,0,0
10,120,1,1,4,6,200,4,0.8,0,0,1,0,1,10000,0.1,4.40295,100,0,0,0,0,0,0,0,0,97.7297,0,0,2879047,0,119.926,0,0,0,0,0,6117291,65968.3,8057.77,31.8186,14.6239,19732.7,0.122146,119.926,3.3431,0,latest,0,15020227,0,0,0,0,0
11,120,1,1,4,6,200,4,0.8,0,0,1,0,1,10000,0.1,4.40295,100,0,0,0,0,0,0,0,0,97.7297,0,0,2868888,0,119.926,0,0,0,0,0,5736634,70317.4,8393.77,33.658,15.6148,21039.3,0.11937,119.926,3.34218,0,latest,0,15047453,0,0,0,0,0
12,120,1,1,4,6,200,4,0.8,0,0,1,0,1,10000,0.1,4.40295,100,0,0,0,0,0,0,0,0,97.7297,0,0,2867358,0,119.927,0,0,0,0,0,5744979,70214.1,8386.38,33.6293,15.61,21010.5,0.11944,119.927,3.34187,0,latest,0,15044406,0,0,0,0,0
13,120,1,1,4,6,200,4,0.8,0,0,1,0,1,10000,0.1,4.40295,100,0,0,0,0,0,0,0,0,97.7297,0,0,2867222,0,119.922,0,0,0,0,0,5735020,70333.1,8396.07,33.6642,15.6229,21050.8,0.119376,119.922,3.34111,0,latest,0,15046251,0,0,0,0,0
14,120,1,1,4,6,200,4,0.8,0,0,1,0,1,10000,0.1,4.40295,100,0,0,0,0,0,0,0,0,97.7297,0,0,2869171,0,119.928,0,0,0,0,0,5740201,70299.6,8390.82,33.6379,15.6116,21026.9,0.119358,119.928,3.34332,0,latest,0,15042615,0,0,0,0,0
15,120,1,1,4,6,200,4,0.8,0,0,1,0,1,10000,0.1,4.40295,100,0,0,0,0,0,0,0,0,97.7297,0,0,2865450,0,119.926,0,0,0,0,0,5722736,70510.9,8409.45,33.6704,15.6327,21090.5,0.119264,119.926,3.34325,0,latest,0,15037929,0,0,0,0,0
16,120,1,1,4,6,200,4,0.8,0,0,1,0,1,10000,0.1,4.40295,100,0,0,0,0,0,0,0,0,97.7297,0,0,2872196,0,119.918,0,0,0,0,0,5747050,70196.9,8385.02,33.6184,15.5812,21005.3,0.11945,119.918,3.34187,0,latest,0,15055944,0,0,0,0,0
17,120,1,1,4,6,200,4,0.8,0,0,1,0,1,10000,0.1,4.40295,100,0,0,0,0,0,0,0,0,97.7297,0,0,2877509,0,119.927,0,0,0,0,0,5704594,70712,8419.55,33.6651,15.6023,21148.5,0.119068,119.927,3.34359,0,latest,0,15061848,0,0,0,0,0
18,120,1,1,4,6,200,4,0.8,0,0,1,0,1,10000,0.1,4.40295,100,0,0,0,0,0,0,0,0,97.7297,0,0,2867242,0,119.93,0,0,0,0,0,5699300,70776.8,8437.53,33.7258,15.6284,21169,0.119213,119.93,3.34342,0,latest,0,15027620,0,0,0,0,0
19,120,1,1,4,6,200,4,0.8,0,0,1,0,1,10000,0.1,4.40295,100,0,0,0,0,0,0,0,0,97.7297,0,0,2891244,0,119.929,0,0,0,0,0,5750334,70204.9,8369.89,33.4505,15.5012,20991.2,0.119221,119.929,3.34449,0,latest,0,15140644,0,0,0,0,0
20,120,1,1,4,6,200,4,0.8,0,0,1,0,1,10000,0.1,4.40295,100,0,0,0,0,0,0,0,0,97.7297,0,0,2865027,0,119.926,0,0,0,0,0,5643818,71478.2,8502.42,33.9827,15.7409,21387.3,0.118951,119.926,3.34208,0,latest,0,15013855,0,0,0,0,0
21,120,1,1,4,6,200,4,0.8,0,0,1,0,1,10000,0.1,4.40295,100,0,0,0,0,0,0,0,0,97.7297,0,0,2866596,0,119.925,0,0,0,0,0,5524664,73020.4,8644.4,34.5043,15.989,21847.3,0.118383,119.925,3.3423,0,latest,0,14928151,0,0,0,0,0
22,120,1,1,4,6,200,4,0.8,0,0,1,0,1,10000,0.1,4.40295,100,0,0,0,0,0,0,0,0,97.7297,0,0,2870512,0,119.926,0,0,0,0,0,5533253,72896.4,8633.13,34.4607,15.9869,21812.6,0.11843,119.926,3.34193,0,latest,0,14923350,0,0,0,0,0
23,120,1,1,4,6,200,4,0.8,0,0,1,0,1,10000,0.1,4.40295,100,0,0,0,0,0,0,0,0,97.7297,0,0,2873472,0,119.925,0,0,0,0,0,5543462,72792.6,8626.37,34.4746,15.9837,21774.3,0.118506,119.925,3.34305,0,latest,0,14941185,0,0,0,0,0
24,120,1,1,4,6,200,4,0.8,0,0,1,0,1,10000,0.1,4.40295,100,0,0,0,0,0,0,0,0,97.7297,0,0,2871128,0,119.928,0,0,0,0,0,5519179,73109.6,8654.89,34.5071,15.9773,21869,0.118382,119.928,3.34307,0,latest,0,14939858,0,0,0,0,0
25,120,1,1,4,6,200,4,0.8,0,0,1,0,1,10000,0.1,4.40295,100,0,0,0,0,0,0,0,0,97.7297,0,0,2865427,0,119.927,0,0,0,0,0,5522872,73062,8650.47,34.53,15.9726,21853.3,0.118399,119.927,3.34329,0,latest,0,14936894,0,0,0,0,0
26,120,1,1,4,6,200,4,0.8,0,0,1,0,1,10000,0.1,4.40295,100,0,0,0,0,0,0,0,0,97.7297,0,0,2867798,0,119.928,0,0,0,0,0,5512373,73202.3,8664.38,34.5579,16.0236,21896,0.118362,119.928,3.34318,0,latest,0,14941721,0,0,0,0,0
27,120,1,1,4,6,200,4,0.8,0,0,1,0,1,10000,0.1,4.40295,100,0,0,0,0,0,0,0,0,97.7297,0,0,2874335,0,119.927,0,0,0,0,0,5558896,72588.5,8601.26,34.3542,15.9381,21711.4,0.118493,119.927,3.34333,0,latest,0,14966335,0,0,0,0,0
28,120,1,1,4,6,200,4,0.8,0,0,1,0,1,10000,0.1,4.40295,100,0,0,0,0,0,0,0,0,97.7297,0,0,2865046,0,119.928,0,0,0,0,0,5531101,72949,8639.58,34.4833,15.9845,21822,0.118433,119.928,3.34291,0,latest,0,14928278,0,0,0,0,0
29,120,1,1,4,6,200,4,0.8,0,0,1,0,1,10000,0.1,4.40295,100,0,0,0,0,0,0,0,0,97.7297,0,0,2890464,0,119.926,0,0,0,0,0,5566309,72487,8579.73,34.2267,15.8541,21683.8,0.118362,119.926,3.34291,0,latest,0,15034798,0,0,0,0,0
30,120,1,1,4,6,200,4,0.8,0,0,1,0,1,10000,0.1,4.40295,100,0,0,0,0,0,0,0,0,97.7297,0,0,2895534,0,119.928,0,0,0,0,0,5356501,75370.6,9031.93,34.6173,16.247,22539.3,0.119834,119.928,3.34397,0,latest,0,15166199,0,0,0,0,0
31,120,1,1,4,6,200,4,0.8,0,0,1,0,1,10000,0.1,4.40295,100,0,0,0,0,0,0,0,0,97.7297,0,0,2870153,0,119.931,0,0,0,0,0,5054347,79860.2,9713.6,35.3866,16.8821,23879.2,0.121633,119.931,3.34434,0,latest,0,15172185,0,0,0,0,0
32,120,1,1,4,6,200,4,0.8,0,0,1,0,1,10000,0.1,4.40295,100,0,0,0,0,0,0,0,0,97.7297,0,0,2876595,0,119.928,0,0,0,0,0,5053609,79836.7,9711.53,35.3643,16.8813,23882.5,0.121642,119.928,3.34289,0,latest,0,15179392,0,0,0,0,0
33,120,1,1,4,6,200,4,0.8,0,0,1,0,1,10000,0.1,4.40295,100,0,0,0,0,0,0,0,0,97.7297,0,0,2877155,0,119.917,0,0,0,0,0,5053849,79823.2,9708.52,35.3936,16.8648,23880.6,0.121625,119.917,3.34259,0,latest,0,15161241,0,0,0,0,0
34,120,1,1,4,6,200,4,0.8,0,0,1,0,1,10000,0.1,4.40295,100,0,0,0,0,0,0,0,0,97.7297,0,0,2888345,0,119.921,0,0,0,0,0,5079684,79440.4,9666.48,35.2598,16.7989,23755.9,0.121682,119.921,3.34403,0,latest,0,15241725,0,0,0,0,0
35,120,1,1,4,6,200,4,0.8,0,0,1,0,1,10000,0.1,4.40295,100,0,0,0,0,0,0,0,0,97.7297,0,0,2874553,0,119.928,0,0,0,0,0,5040744,80026.9,9728.4,35.4006,16.9116,23941.3,0.121564,119.928,3.34264,0,latest,0,15156164,0,0,0,0,0
36,120,1,1,4,6,200,4,0.8,0,0,1,0,1,10000,0.1,4.40295,100,0,0,0,0,0,0,0,0,97.7297,0,0,2870908,0,119.928,0,0,0,0,0,5044292,79971.9,9723.79,35.4161,16.905,23922.9,0.12159,119.928,3.3429,0,latest,0,15161410,0,0,0,0,0
37,120,1,1,4,6,200,4,0.8,0,0,1,0,1,10000,0.1,4.40295,100,0,0,0,0,0,0,0,0,97.7297,0,0,2889938,0,119.929,0,0,0,0,0,5094465,79241.3,9649.3,35.1739,16.8052,23693.7,0.121771,119.929,3.34441,0,latest,0,15246134,0,0,0,0,0
38,120,1,1,4,6,200,4,0.8,0,0,1,0,1,10000,0.1,4.40295,100,0,0,0,0,0,0,0,0,97.7297,0,0,2877642,0,119.927,0,0,0,0,0,5051992,79862.3,9712.94,35.3535,16.9193,23898,0.121621,119.927,3.3418,0,latest,0,15174845,0,0,0,0,0
39,120,1,1,4,6,200,4,0.8,0,0,1,0,1,10000,0.1,4.40295,100,0,0,0,0,0,0,0,0,97.7297,0,0,2875879,0,119.927,0,0,0,0,0,5049770,79915.2,9719.1,35.3947,16.9097,23902.7,0.121618,119.927,3.34335,0,latest,0,15172024,0,0,0,0,0
40,120,1,1,4,6,200,4,0.8,0,0,1,0,1,10000,0.1,4.40295,100,0,0,0,0,0,0,0,0,97.7297,0,0,2875594,0,119.927,0,0,0,0,0,4964359,81254.1,9772.14,35.5811,17.112,24309.8,0.120266,119.927,3.34244,0,latest,0,15158232,0,0,0,0,0
41,120,1,1,4,6,200,4,0.8,0,0,1,0,1,10000,0.1,4.40295,100,0,0,0,0,0,0,0,0,97.7297,0,0,2874535,0,119.927,0,0,0,0,0,4912167,82120.3,9795.12,35.7306,17.222,24564.9,0.119278,119.927,3.34299,0,latest,0,15136395,0,0,0,0,0
42,120,1,1,4,6,200,4,0.8,0,0,1,0,1,10000,0.1,4.40295,100,0,0,0,0,0,0,0,0,97.7297,0,0,2868002,0,119.926,0,0,0,0,0,4895057,82402.6,9816.72,35.7772,17.2672,24650.9,0.119131,119.926,3.34278,0,latest,0,15114838,0,0,0,0,0
43,120,1,1,4,6,200,4,0.8,0,0,1,0,1,10000,0.1,4.40295,100,0,0,0,0,0,0,0,0,97.7297,0,0,2875947,0,119.928,0,0,0,0,0,4903342,82278.2,9810.91,35.7603,17.2356,24614.1,0.119241,119.928,3.34272,0,latest,0,15139324,0,0,0,0,0
44,120,1,1,4,6,200,4,0.8,0,0,1,0,1,10000,0.1,4.40295,100,0,0,0,0,0,0,0,0,97.7297,0,0,2883044,0,119.927,0,0,0,0,0,4926760,81935.4,9769.65,35.6169,17.1318,24504,0.119236,119.927,3.34375,0,latest,0,15168991,0,0,0,0,0
45,120,1,1,4,6,200,4,0.8,0,0,1,0,1,10000,0.1,4.40295,100,0,0,0,0,0,0,0,0,97.7297,0,0,2891001,0,119.927,0,0,0,0,0,4922882,81948.8,9765.38,35.5777,17.1148,24509.4,0.119164,119.927,3.34356,0,latest,0,15209492,0,0,0,0,0
46,120,1,1,4,6,200,4,0.8,0,0,1,0,1,10000,0.1,4.40295,100,0,0,0,0,0,0,0,0,97.7297,0,0,2875494,0,119.928,0,0,0,0,0,4898746,82347.7,9819.62,35.7422,17.1914,24632.8,0.119246,119.928,3.34302,0,latest,0,15133289,0,0,0,0,0
47,120,1,1,4,6,200,4,0.8,0,0,1,0,1,10000,0.1,4.40295,100,0,0,0,0,0,0,0,0,97.7297,0,0,2870524,0,119.929,0,0,0,0,0,4912847,82111.2,9792.26,35.7136,17.1729,24561.8,0.119256,119.929,3.34305,0,latest,0,15125818,0,0,0,0,0
48,120,1,1,4,6,200,4,0.8,0,0,1,0,1,10000,0.1,4.40295,100,0,0,0,0,0,0,0,0,97.7297,0,0,2893790,0,119.925,0,0,0,0,0,4930678,81859.3,9753.74,35.562,17.1028,24481.2,0.119152,119.925,3.34376,0,latest,0,15207074,0,0,0,0,0
49,120,1,1,4,6,200,4,0.8,0,0,1,0,1,10000,0.1,4.40295,100,0,0,0,0,0,0,0,0,97.7297,0,0,2892514,0,119.928,0,0,0,0,0,4937184,81716,9742.44,35.5324,17.1138,24443.9,0.119223,119.928,3.34301,0,latest,0,15218378,0,0,0,0,0
50,120,1,1,4,6,200,4,0.8,0,0,1,0,1,10000,0.1,4.40295,100,0,0,0,0,0,0,0,0,97.7297,0,0,2880629,0,119.924,0,0,0,0,0,4804317,83971.7,9707.81,36.1024,17.3231,25130.5,0.115608,119.924,3.34143,0,latest,0,15090426,0,0,0,0,0
51,120,1,1,4,6,200,4,0.8,0,0,1,0,1,10000,0.1,4.40295,100,0,0,0,0,0,0,0,0,97.7297,0,0,2881821,0,119.927,0,0,0,0,0,4757326,84817.9,9687.37,36.2582,17.3324,25371.9,0.114214,119.927,3.34299,0,latest,0,15073106,0,0,0,0,0
52,120,1,1,4,6,200,4,0.8,0,0,1,0,1,10000,0.1,4.40295,100,0,0,0,0,0,0,0,0,97.7297,0,0,2902965,0,119.925,0,0,0,0,0,4781896,84368.1,9621.02,35.9656,17.2357,25244.2,0.114036,119.925,3.34208,0,latest,0,15162414,0,0,0,0,0
53,120,1,1,4,6,200,4,0.8,0,0,1,0,1,10000,0.1,4.40295,100,0,0,0,0,0,0,0,0,97.7297,0,0,2875323,0,119.924,0,0,0,0,0,4754900,84842.3,9689.64,36.2613,17.3479,25383.7,0.114208,119.924,3.3424,0,latest,0,15075857,0,0,0,0,0
54,120,1,1,4,6,200,4,0.8,0,0,1,0,1,10000,0.1,4.40295,100,0,0,0,0,0,0,0,0,97.7297,0,0,2889005,0,119.927,0,0,0,0,0,4775973,84514.2,9654,36.1326,17.2964,25274.6,0.114229,119.927,3.34384,0,latest,0,15123305,0,0,0,0,0
55,120,1,1,4,6,200,4,0.8,0,0,1,0,1,10000,0.1,4.40295,100,0,0,0,0,0,0,0,0,97.7297,0,0,2897416,0,119.927,0,0,0,0,0,4786947,84318.2,9629.11,36.0269,17.202,25215.5,0.1142,119.927,3.34391,0,latest,0,15169606,0,0,0,0,0
56,120,1,1,4,6,200,4,0.8,0,0,1,0,1,10000,0.1,4.40295,100,0,0,0,0,0,0,0,0,97.7297,0,0,2878553,0,119.917,0,0,0,0,0,4761048,84726.1,9678.85,36.2714,17.2958,25348.6,0.114237,119.917,3.34244,0,latest,0,15062001,0,0,0,0,0
57,120,1,1,4,6,200,4,0.8,0,0,1,0,1,10000,0.1,4.40295,100,0,0,0,0,0,0,0,0,97.7297,0,0,2875206,0,119.923,0,0,0,0,0,4753262,84867.6,9689.27,36.2417,17.2931,25393.1,0.114169,119.923,3.34215,0,latest,0,15058591,0,0,0,0,0
58,120,1,1,4,6,200,4,0.8,0,0,1,0,1,10000,0.1,4.40295,100,0,0,0,0,0,0,0,0,97.7297,0,0,2868884,0,119.925,0,0,0,0,0,4757466,84791.4,9685.55,36.2335,17.3056,25369.4,0.114228,119.925,3.34228,0,latest,0,15066274,0,0,0,0,0
59,120,1,1,4,6,200,4,0.8,0,0,1,0,1,10000,0.1,4.40295,100,0,0,0,0,0,0,0,0,97.7297,0,0,2892041,0,119.929,0,0,0,0,0,4778969,84448.5,9638.58,36.0524,17.2532,25252.6,0.114136,119.929,3.34415,0,latest,0,15144259,0,0,0,0,0
0,120,1,1,4,6,200,4,0.8,0,0,2,0,1,10000,0.1,4.40295,100,0,0,0,0,0,0,0,0,97.7297,0,0,18422065,0,1.82742,0,0,0,288552,0,382,827.696,422.236,25.4869,10.2853,3317.9,0.510133,1.82742,0.249464,0,latest,0,0,0,0,0,0,0
1,120,1,1,4,6,200,4,0.8,0,0,2,0,1,10000,0.1,4.40295,100,0,0,0,0,0,0,0,0,97.7297,0,0,2859268,0,119.289,0,0,0,0,0,4016595,55482.3,9984.29,40.0795,15.321,30005.9,0.179955,119.289,1.84904,0,latest,0,17117478,0,0,0,0,0
2,120,1,1,4,6,200,4,0.8,0,0,2,0,1,10000,0.1,4.40295,100,0,0,0,0,0,0,0,0,97.7297,0,0,2877901,0,119.874,0,0,0,0,0,4175769,57215.4,9993.24,39.4774,15.1073,28951,0.17466,119.874,1.97628,0,latest,0,17834151,0,0,0,0,0
3,120,1,1,4,6,200,4,0.8,0,0,2,0,1,10000,0.1,4.40295,100,0,0,0,0,0,0,0,0,97.7297,0,0,2868128,0,119.926,0,0,0,0,0,6052486,61891.8,8845.97,36.7053,13.8197,19951.9,0.142926,119.926,3.10206,0,latest,0,20800352,0,0,0,0,0
4,120,1,1,4,6,200,4,0.8,0,0,2,0,1,10000,0.1,4.40295,100,0,0,0,0,0,0,0,0,97.7297,0,0,2858835,0,119.933,0,0,0,0,0,6415491,62934.4,8680.67,36.2055,13.6478,18818.4,0.137932,119.933,3.3443,0,latest,0,21309612,0,0,0,0,0
5,120,1,1,4,6,200,4,0.8,0,0,2,0,1,10000,0.1,4.40295,100,0,0,0,0,0,0,0,0,97.7297,0,0,2853105,0,119.928,0,0,0,0,0,6415276,62902,8677.14,36.2189,13.6363,18818.1,0.137947,119.928,3.34264,0,latest,0,21283797,0,0,0,0,0
6,120,1,1,4,6,200,4,0.8,0,0,2,0,1,10000,0.1,4.40295,100,0,0,0,0,0,0,0,0,97.7297,0,0,2857409,0,119.926,0,0,0,0,0,6399842,63055.6,8695.25,36.2862,13.6456,18861.7,0.137898,119.926,3.34304,0,latest,0,21293150,0,0,0,0,0
7,120,1,1,4,6,200,4,0.8,0,0,2,0,1,10000,0.1,4.40295,100,0,0,0,0,0,0,0,0,97.7297,0,0,2856243,0,119.922,0,0,0,0,0,6397598,63081,8696.38,36.3005,13.6563,18876.4,0.13786,119.922,3.34179,0,latest,0,21288914,0,0,0,0,0
8,120,1,1,4,6,200,4,0.8,0,0,2,0,1,10000,0.1,4.40295,100,0,0,0,0,0,0,0,0,97.7297,0,0,2855296,0,119.927,0,0,0,0,0,6422999,62852.5,8674.19,36.1941,13.6356,18802.1,0.138009,119.927,3.34286,0,latest,0,21319810,0,0,0,0,0
9,120,1,1,4,6,200,4,0.8,0,0,2,0,1,10000,0.1,4.40295,100,0,0,0,0,0,0,0,0,97.7297,0,0,2859711,0,119.917,0,0,0,0,0,6409186,62984.7,8690.37,36.2752,13.6663,18841.7,0.137976,119.917,3.34284,0,latest,0,21325685,0,0,0,0,0
10,120,1,1,4,6,200,4,0.8,0,0,2,0,1,10000,0.1,4.40295,100,0,0,0,0,0,0,0,0,97.7297,0,0,2867244,0,119.93,0,0,0,0,0,6377022,63280.5,8719.45,36.4472,13.7745,18926,0.13779,119.93,3.34357,0,latest,0,21496436,0,0,0,0,0
11,120,1,1,4,6,200,4,0.8,0,0,2,0,1,10000,0.1,4.40295,100,0,0,0,0,0,0,0,0,97.7297,0,0,2884126,0,119.929,0,0,0,0,0,5866403,68793,9335.31,39.2571,15.1332,20574,0.135701,119.929,3.34368,0,latest,0,22349587,0,0,0,0,0
12,120,1,1,4,6,200,4,0.8,0,0,2,0,1,10000,0.1,4.40295,100,0,0,0,0,0,0,0,0,97.7297,0,0,2865797,0,119.923,0,0,0,0,0,5826278,69263.1,9395.08,39.503,15.2283,20725.5,0.135643,119.923,3.34193,0,latest,0,22213780,0,0,0,0,0
13,120,1,1,4,6,200,4,0.8,0,0,2,0,1,10000,0.1,4.40295,100,0,0,0,0,0,0,0,0,97.7297,0,0,2866883,0,119.933,0,0,0,0,0,5839217,69132.6,9380.02,39.4404,15.199,20669.8,0.135682,119.933,3.34462,0,latest,0,22214687,0,0,0,0,0
14,120,1,1,4,6,200,4,0.8,0,0,2,0,1,10000,0.1,4.40295,100,0,0,0,0,0,0,0,0,97.7297,0,0,2866681,0,119.922,0,0,0,0,0,5834110,69163.2,9391.26,39.4847,15.2173,20686,0.135784,119.922,3.34347,0,latest,0,22222794,0,0,0,0,0
15,120,1,1,4,6,200,4,0.8,0,0,2,0,1,10000,0.1,4.40295,100,0,0,0,0,0,0,0,0,97.7297,0,0,2862368,0,119.929,0,0,0,0,0,5812693,69418.1,9450.02,39.5849,15.2746,20763.8,0.136132,119.929,3.34322,0,latest,0,22357235,0,0,0,0,0
16,120,1,1,4,6,200,4,0.8,0,0,2,0,1,10000,0.1,4.40295,100,0,0,0,0,0,0,0,0,97.7297,0,0,2861343,0,119.929,0,0,0,0,0,5814040,69400.1,9436.75,39.5434,15.2495,20759.8,0.135976,119.929,3.34301,0,latest,0,22310198,0,0,0,0,0
17,120,1,1,4,6,200,4,0.8,0,0,2,0,1,10000,0.1,4.40295,100,0,0,0,0,0,0,0,0,97.7297,0,0,2864482,0,119.929,0,0,0,0,0,5804936,69504.9,9454.02,39.613,15.2677,20791.4,0.136019,119.929,3.34296,0,latest,0,22330370,0,0,0,0,0
18,120,1,1,4,6,200,4,0.8,0,0,2,0,1,10000,0.1,4.40295,100,0,0,0,0,0,0,0,0,97.7297,0,0,2864915,0,119.928,0,0,0,0,0,5810837,69431.1,9442.56,39.5723,15.2785,20768,0.135999,119.928,3.34318,0,latest,0,22321903,0,0,0,0,0
19,120,1,1,4,6,200,4,0.8,0,0,2,0,1,10000,0.1,4.40295,100,0,0,0,0,0,0,0,0,97.7297,0,0,2867147,0,119.928,0,0,0,0,0,5840972,69068.8,9391.89,39.4777,15.2128,20663.3,0.135979,119.928,3.34259,0,latest,0,22269281,0,0,0,0,0
20,120,1,1,4,6,200,4,0.8,0,0,2,0,1,10000,0.1,4.40295,100,0,0,0,0,0,0,0,0,97.7297,0,0,2862477,0,119.926,0,0,0,0,0,5783395,69761.5,9465.63,39.7767,15.2619,20873.9,0.135686,119.926,3.34204,0,latest,0,22200984,0,0,0,0,0
21,120,1,1,4,6,200,4,0.8,0,0,2,0,1,10000,0.1,4.40295,100,0,0,0,0,0,0,0,0,97.7297,0,0,2850844,0,119.926,0,0,0,0,0,5743154,70255.3,9497.66,40.0694,15.2283,21019.6,0.135188,119.926,3.34237,0,latest,0,21912970,0,0,0,0,0
22,120,1,1,4,6,200,4,0.8,0,0,2,0,1,10000,0.1,4.40295,100,0,0,0,0,0,0,0,0,97.7297,0,0,2862449,0,119.925,0,0,0,0,0,5745837,70242.9,9489.68,40.0637,15.2169,21008.1,0.135098,119.925,3.34361,0,latest,0,21942008,0,0,0,0,0
23,120,1,1,4,6,200,4,0.8,0,0,2,0,1,10000,0.1,4.40295,100,0,0,0,0,0,0,0,0,97.7297,0,0,2850982,0,119.927,0,0,0,0,0,5736102,70356.7,9502.41,40.1006,15.219,21044.3,0.13506,119.927,3.34327,0,latest,0,21886234,0,0,0,0,0
24,120,1,1,4,6,200,4,0.8,0,0,2,0,1,10000,0.1,4.40295,100,0,0,0,0,0,0,0,0,97.7297,0,0,2876917,0,119.929,0,0,0,0,0,5790617,69735.5,9424.09,39.7821,15.1083,20856.2,0.135141,119.929,3.34364,0,latest,0,22097587,0,0,0,0,0
25,120,1,1,4,6,200,4,0.8,0,0,2,0,1,10000,0.1,4.40295,100,0,0,0,0,0,0,0,0,97.7297,0,0,2857606,0,119.932,0,0,0,0,0,5758906,70101.4,9481.37,40.0362,15.2097,20963.2,0.135252,119.932,3.34402,0,latest,0,21929952,0,0,0,0,0
26,120,1,1,4,6,200,4,0.8,0,0,2,0,1,10000,0.1,4.40295,100,0,0,0,0,0,0,0,0,97.7297,0,0,2857445,0,119.929,0,0,0,0,0,5721940,70522.2,9525.35,40.183,15.2618,21097.1,0.135069,119.929,3.34275,0,latest,0,21918497,0,0,0,0,0
27,120,1,1,4,6,200,4,0.8,0,0,2,0,1,10000,0.1,4.40295,100,0,0,0,0,0,0,0,0,97.7297,0,0,2849722,0,119.932,0,0,0,0,0,5737894,70318,9511.77,40.1207,15.2383,21038.9,0.135268,119.932,3.34228,0,latest,0,21944589,0,0,0,0,0
28,120,1,1,4,6,200,4,0.8,0,0,2,0,1,10000,0.1,4.40295,100,0,0,0,0,0,0,0,0,97.7297,0,0,2855562,0,119.929,0,0,0,0,0,5738927,70310.5,9498.47,40.0882,15.2086,21035.3,0.135093,119.929,3.3425,0,latest,0,21894237,0,0,0,0,0
29,120,1,1,4,6,200,4,0.8,0,0,2,0,1,10000,0.1,4.40295,100,0,0,0,0,0,0,0,0,97.7297,0,0,2852991,0,119.931,0,0,0,0,0,5715992,70586.9,9538.22,40.2028,15.2654,21119.3,0.135127,119.931,3.3423,0,latest,0,21932998,0,0,0,0,0
30,120,1,1,4,6,200,4,0.8,0,0,2,0,1,10000,0.1,4.40295,100,0,0,0,0,0,0,0,0,97.7297,0,0,2862705,0,119.927,0,0,0,0,0,5468236,73767.5,10100.5,41.1779,15.7395,22086,0.136923,119.927,3.34001,0,latest,0,22070176,0,0,0,0,0
31,120,1,1,4,6,200,4,0.8,0,0,2,0,1,10000,0.1,4.40295,100,0,0,0,0,0,0,0,0,97.7297,0,0,2866642,0,119.928,0,0,0,0,0,5108131,79034.3,11019.2,42.806,16.5336,23642.7,0.139422,119.928,3.34287,0,latest,0,22233370,0,0,0,0,0
32,120,1,1,4,6,200,4,0.8,0,0,2,0,1,10000,0.1,4.40295,100,0,0,0,0,0,0,0,0,97.7297,0,0,2868280,0,119.928,0,0,0,0,0,5126301,78726.1,10977.1,42.6604,16.4709,23549.2,0.139434,119.928,3.34305,0,latest,0,22268469,0,0,0,0,0
33,120,1,1,4,6,200,4,0.8,0,0,2,0,1,10000,0.1,4.40295,100,0,0,0,0,0,0,0,0,97.7297,0,0,2860717,0,119.93,0,0,0,0,0,5091744,79260,11048.5,42.941,16.5911,23709.2,0.139396,119.93,3.343,0,latest,0,22167359,0,0,0,0,0
34,120,1,1,4,6,200,4,0.8,0,0,2,0,1,10000,0.1,4.40295,100,0,0,0,0,0,0,0,0,97.7297,0,0,2858209,0,119.927,0,0,0,0,0,5079422,79448.2,11079.3,42.9948,16.6142,23765.7,0.139453,119.927,3.34298,0,latest,0,22200681,0,0,0,0,0
35,120,1,1,4,6,200,4,0.8,0,0,2,0,1,10000,0.1,4.40295,100,0,0,0,0,0,0,0,0,97.7297,0,0,2858955,0,119.931,0,0,0,0,0,5087424,79330.7,11064.1,42.9673,16.6104,23728.9,0.139468,119.931,3.3432,0,latest,0,22195177,0,0,0,0,0
36,120,1,1,4,6,200,4,0.8,0,0,2,0,1,10000,0.1,4.40295,100,0,0,0,0,0,0,0,0,97.7297,0,0,2869954,0,119.927,0,0,0,0,0,5122883,78791.7,10999.7,42.7144,16.5357,23564.2,0.139605,119.927,3.34371,0,latest,0,22301385,0,0,0,0,0
37,120,1,1,4,6,200,4,0.8,0,0,2,0,1,10000,0.1,4.40295,100,0,0,0,0,0,0,0,0,97.7297,0,0,2854597,0,119.929,0,0,0,0,0,5079440,79438.3,11076.5,42.9861,16.6176,23764.8,0.139435,119.929,3.34269,0,latest,0,22194668,0,0,0,0,0
38,120,1,1,4,6,200,4,0.8,0,0,2,0,1,10000,0.1,4.40295,100,0,0,0,0,0,0,0,0,97.7297,0,0,2859214,0,119.93,0,0,0,0,0,5094296,79227.3,11054.3,42.9339,16.5882,23696.7,0.139526,119.93,3.34339,0,latest,0,22204126,0,0,0,0,0
39,120,1,1,4,6,200,4,0.8,0,0,2,0,1,10000,0.1,4.40295,100,0,0,0,0,0,0,0,0,97.7297,0,0,2875292,0,119.886,0,0,0,0,0,5136568,78550,10967.3,42.7397,16.4787,23493.4,0.139623,119.886,3.3435,0,latest,0,22320468,0,0,0,0,0
40,120,1,1,4,6,200,4,0.8,0,0,2,0,1,10000,0.1,4.40295,100,0,0,0,0,0,0,0,0,97.7297,0,0,2883537,0,119.903,0,0,0,0,0,5089827,79265.5,10986.8,42.9763,16.6643,23727.8,0.138608,119.903,3.34062,0,latest,0,22629728,0,0,0,0,0
41,120,1,1,4,6,200,4,0.8,0,0,2,0,1,10000,0.1,4.40295,100,0,0,0,0,0,0,0,0,97.7297,0,0,2858802,0,119.928,0,0,0,0,0,5021997,80364.2,11083.5,43.2991,16.9131,24039.3,0.137916,119.928,3.34304,0,latest,0,22663565,0,0,0,0,0
42,120,1,1,4,6,200,4,0.8,0,0,2,0,1,10000,0.1,4.40295,100,0,0,0,0,0,0,0,0,97.7297,0,0,2857829,0,119.927,0,0,0,0,0,5019776,80382.5,11078.2,43.3339,16.9013,24050.6,0.137818,119.927,3.34222,0,latest,0,22600283,0,0,0,0,0
43,120,1,1,4,6,200,4,0.8,0,0,2,0,1,10000,0.1,4.40295,100,0,0,0,0,0,0,0,0,97.7297,0,0,2850715,0,119.927,0,0,0,0,0,5023691,80312.9,11076.5,43.3064,16.9118,24030,0.137917,119.927,3.34219,0,latest,0,22617772,0,0,0,0,0
44,120,1,1,4,6,200,4,0.8,0,0,2,0,1,10000,0.1,4.40295,100,0,0,0,0,0,0,0,0,97.7297,0,0,2879720,0,119.924,0,0,0,0,0,5053573,79812.8,11009.5,43.0097,16.8135,23889.9,0.137942,119.924,3.34086,0,latest,0,22821445,0,0,0,0,0
45,120,1,1,4,6,200,4,0.8,0,0,2,0,1,10000,0.1,4.40295,100,0,0,0,0,0,0,0,0,97.7297,0,0,2875815,0,119.928,0,0,0,0,0,5055754,79837,10999.9,43.0022,16.7985,23880.4,0.137779,119.928,3.34321,0,latest,0,22745082,0,0,0,0,0
46,120,1,1,4,6,200,4,0.8,0,0,2,0,1,10000,0.1,4.40295,100,0,0,0,0,0,0,0,0,97.7297,0,0,2860667,0,119.924,0,0,0,0,0,5016232,80426.4,11086.4,43.2955,16.9042,24068.7,0.137845,119.924,3.34153,0,latest,0,22658798,0,0,0,0,0
47,120,1,1,4,6,200,4,0.8,0,0,2,0,1,10000,0.1,4.40295,100,0,0,0,0,0,0,0,0,97.7297,0,0,2856286,0,119.926,0,0,0,0,0,4996547,80742.1,11112.1,43.4636,16.9445,24161.3,0.137625,119.926,3.3418,0,latest,0,22578662,0,0,0,0,0
48,120,1,1,4,6,200,4,0.8,0,0,2,0,1,10000,0.1,4.40295,100,0,0,0,0,0,0,0,0,97.7297,0,0,2847491,0,119.925,0,0,0,0,0,4999989,80683.1,11123.1,43.5557,16.9599,24142,0.137861,119.925,3.34202,0,latest,0,22621456,0,0,0,0,0
49,120,1,1,4,6,200,4,0.8,0,0,2,0,1,10000,0.1,4.40295,100,0,0,0,0,0,0,0,0,97.7297,0,0,2867465,0,119.924,0,0,0,0,0,5025441,80299.1,11076.7,43.3158,16.8797,24021.3,0.137943,119.924,3.34283,0,latest,0,22757926,0,0,0,0,0
50,120,1,1,4,6,200,4,0.8,0,0,2,0,1,10000,0.1,4.40295,100,0,0,0,0,0,0,0,0,97.7297,0,0,2857522,0,119.925,0,0,0,0,0,4792157,84175.2,11137.2,44.4891,17.2542,25191,0.13231,119.925,3.34148,0,latest,0,22566813,0,0,0,0,0
51,120,1,1,4,6,200,4,0.8,0,0,2,0,1,10000,0.1,4.40295,100,0,0,0,0,0,0,0,0,97.7297,0,0,2855718,0,119.93,0,0,0,0,0,4726590,85352.2,11141.2,44.8649,17.3579,25540.1,0.130532,119.93,3.34189,0,latest,0,22573757,0,0,0,0,0
52,120,1,1,4,6,200,4,0.8,0,0,2,0,1,10000,0.1,4.40295,100,0,0,0,0,0,0,0,0,97.7297,0,0,2860124,0,119.928,0,0,0,0,0,4709995,85655.6,11166,44.9281,17.3733,25630.1,0.130359,119.928,3.34199,0,latest,0,22566265,0,0,0,0,0
53,120,1,1,4,6,200,4,0.8,0,0,2,0,1,10000,0.1,4.40295,100,0,0,0,0,0,0,0,0,97.7297,0,0,2859187,0,119.926,0,0,0,0,0,4698487,85888.8,11186.7,44.9849,17.4122,25692.8,0.130246,119.926,3.34291,0,latest,0,22545586,0,0,0,0,0
54,120,1,1,4,6,200,4,0.8,0,0,2,0,1,10000,0.1,4.40295,100,0,0,0,0,0,0,0,0,97.7297,0,0,2857716,0,119.925,0,0,0,0,0,4730072,85305.7,11130.5,44.8513,17.339,25521.1,0.130477,119.925,3.34256,0,latest,0,22557026,0,0,0,0,0
55,120,1,1,4,6,200,4,0.8,0,0,2,0,1,10000,0.1,4.40295,100,0,0,0,0,0,0,0,0,97.7297,0,0,2860798,0,119.927,0,0,0,0,0,4712717,85617.8,11161.4,44.9083,17.3833,25615.4,0.130364,119.927,3.34243,0,latest,0,22557765,0,0,0,0,0
56,120,1,1,4,6,200,4,0.8,0,0,2,0,1,10000,0.1,4.40295,100,0,0,0,0,0,0,0,0,97.7297,0,0,2859903,0,119.924,0,0,0,0,0,4730755,85296.9,11128.7,44.8306,17.3349,25517.8,0.13047,119.924,3.34264,0,latest,0,22558934,0,0,0,0,0
57,120,1,1,4,6,200,4,0.8,0,0,2,0,1,10000,0.1,4.40295,100,0,0,0,0,0,0,0,0,97.7297,0,0,2860351,0,119.921,0,0,0,0,0,4724404,85391.9,11122.8,44.8247,17.3178,25552.2,0.130256,119.921,3.34186,0,latest,0,22498658,0,0,0,0,0
58,120,1,1,4,6,200,4,0.8,0,0,2,0,1,10000,0.1,4.40295,100,0,0,0,0,0,0,0,0,97.7297,0,0,2859992,0,119.923,0,0,0,0,0,4717738,85535.3,11150,44.8621,17.3522,25599.4,0.130355,119.923,3.3413,0,latest,0,22560572,0,0,0,0,0
59,120,1,1,4,6,200,4,0.8,0,0,2,0,1,10000,0.1,4.40295,100,0,0,0,0,0,0,0,0,97.7297,0,0,2860797,0,119.929,0,0,0,0,0,4724215,85454.7,11134.7,44.8221,17.3152,25566.3,0.130299,119.929,3.34247,0,latest,0,22546052,0,0,0,0,0
0,120,1,1,4,6,200,4,0.8,0,1,0,0,1,10000,0.1,4.40295,100,0,0,0,0,0,0,0,0,97.7297,0,0,19255608,0,2.51504,0,0,0,288552,0,853,286.673,208.524,17.6835,7.70926,2542.99,0.727394,2.51504,0.112731,0,latest,0,1,0,0,0,0,0
1,120,1,1,4,6,200,4,0.8,0,1,0,0,1,10000,0.1,4.40295,100,0,0,0,0,0,0,0,0,97.7297,0,0,2817540,0,119.057,0,0,0,0,0,5377539,41340.2,6251.07,28.569,11.9976,22318.5,0.15121,119.057,1.85228,0,latest,0,8884296,0,0,0,16,0
2,120,1,1,4,6,200,4,0.8,0,1,0,0,1,10000,0.1,4.40298,100,0,0,0,0,0,0,0,0,97.7297,0,0,2908603,0,119.901,0,0,0,2,0,5374239,43972.6,6428.34,28.1085,12.1405,22471.1,0.14619,119.901,1.95685,0,latest,0,9320728,0,0,2,15,0
3,120,1,1,4,6,200,4,0.8,0,1,0,0,1,10000,0.1,4.40302,100,0,0,0,0,0,0,0,0,97.7297,0,0,3104816,0,119.93,0,0,0,2,0,7113488,52219.1,6622.67,28.303,12.3809,16956.2,0.126825,119.93,3.07965,0,latest,0,12826539,0,0,2,16,0
4,120,1,1,4,6,200,4,0.8,0,1,0,0,1,10000,0.1,4.40303,100,0,0,0,0,0,0,0,0,97.7297,0,0,3098056,0,119.929,0,0,0,1,0,9433809,42741.7,5702.23,26.512,10.8859,12784.3,0.133411,119.929,3.3433,0,latest,0,12934718,0,0,1,1,0
5,120,1,1,4,6,200,4,0.8,0,1,0,0,1,10000,0.1,4.40303,100,0,0,0,0,0,0,0,0,97.7297,0,0,3094536,0,119.931,0,0,0,0,0,9449376,42674.5,5696.6,26.4858,10.8856,12764.3,0.13349,119.931,3.34326,0,latest,0,12936697,0,0,0,0,0
6,120,1,1,4,6,200,4,0.8,0,1,0,0,1,10000,0.1,4.40303,100,0,0,0,0,0,0,0,0,97.7297,0,0,3094749,0,119.923,0,0,0,0,0,9444553,42693.3,5697.44,26.496,10.9047,12768.8,0.13345,119.923,3.34355,0,latest,0,12944544,0,0,0,0,0
7,120,1,1,4,6,200,4,0.8,0,1,0,0,1,10000,0.1,4.40303,100,0,0,0,0,0,0,0,0,97.7297,0,0,3098131,0,119.929,0,0,0,0,0,9424261,42790.3,5705.86,26.5159,10.9048,12799.5,0.133345,119.929,3.34311,0,latest,0,12935532,0,0,0,0,0
8,120,1,1,4,6,200,4,0.8,0,1,0,0,1,10000,0.1,4.40303,100,0,0,0,0,0,0,0,0,97.7297,0,0,3121178,0,119.927,0,0,0,0,0,9506419,42418.6,5659.6,26.2997,10.8184,12687.7,0.133423,119.927,3.34329,0,latest,0,13030467,0,0,0,0,0
9,120,1,1,4,6,200,4,0.8,0,1,0,0,1,10000,0.1,4.40305,100,0,0,0,0,0,0,0,0,97.7297,0,0,3119407,0,119.93,0,0,0,1,0,9520096,42353.8,5639.46,26.253,10.777,12669.4,0.133151,119.93,3.34299,0,latest,0,13015826,0,0,1,0,0
10,120,1,1,4,6,200,4,0.8,0,1,0,0,1,10000,0.1,4.40305,100,0,0,0,0,0,0,0,0,97.7297,0,0,3115430,0,119.927,0,0,0,0,0,9172860,43993.3,5776.86,26.5632,11.0276,13162.9,0.131312,119.927,3.34222,0,latest,0,13103411,0,0,0,2,0
11,120,1,1,4,6,200,4,0.8,0,1,0,0,1,10000,0.1,4.40309,100,0,0,0,0,0,0,0,0,97.7297,0,0,3091890,0,119.929,0,0,0,3,0,6376600,63286.6,7396.47,30.1415,13.9168,18936.1,0.116873,119.929,3.34212,0,latest,0,13570100,0,0,3,28,0
12,120,1,1,4,6,200,4,0.8,0,1,0,0,1,10000,0.1,4.40311,100,0,0,0,0,0,0,0,0,97.7296,0,0,3097218,0,119.927,0,0,0,1,0,6371471,63337.3,7378.77,30.3668,13.944,18949.6,0.116499,119.927,3.34241,0,latest,0,13589501,0,0,1,19,0
13,120,1,1,4,6,200,4,0.8,0,1,0,0,1,10000,0.1,4.40315,100,0,0,0,0,0,0,0,0,97.7296,0,0,3097958,0,119.928,0,0,0,3,0,6383506,63214.9,7373.85,30.2517,13.9801,18915.1,0.116647,119.928,3.34204,0,latest,0,13648576,0,0,3,25,0
14,120,1,1,4,6,200,4,0.8,0,1,0,0,1,10000,0.1,4.40317,100,0,0,0,0,0,0,0,0,97.7296,0,0,3096862,0,119.933,0,0,0,1,0,8620722,46821.2,5903.27,27.2853,11.8116,14001.1,0.126081,119.933,3.3441,0,latest,0,12991910,0,0,1,1,0
15,120,1,1,4,6,200,4,0.8,0,1,0,0,1,10000,0.1,4.40318,100,0,0,0,0,0,0,0,0,97.7296,0,0,3093070,0,119.931,0,0,0,1,0,8985036,44891.5,5736.09,27.0059,11.5506,13431.1,0.127777,119.931,3.34236,0,latest,0,12860913,0,0,1,0,0
16,120,1,1,4,6,200,4,0.8,0,1,0,0,1,10000,0.1,4.4032,100,0,0,0,0,0,0,0,0,97.7296,0,0,3092709,0,119.922,0,0,0,1,0,8966214,44991.1,5746.23,27.0039,11.5563,13459.5,0.127719,119.922,3.34269,0,latest,0,12859118,0,0,1,0,0
17,120,1,1,4,6,200,4,0.8,0,1,0,0,1,10000,0.1,4.4032,100,0,0,0,0,0,0,0,0,97.7296,0,0,3094918,0,119.927,0,0,0,0,0,8860151,45529.5,5792.02,27.059,11.5865,13622.8,0.127215,119.927,3.34214,0,latest,0,12933287,0,0,0,0,0
18,120,1,1,4,6,200,4,0.8,0,1,0,0,1,10000,0.1,4.4032,100,0,0,0,0,0,0,0,0,97.7296,0,0,3103810,0,119.928,0,0,0,0,0,8874084,45454.5,5785.87,27.0332,11.5735,13595.7,0.127289,119.928,3.3433,0,latest,0,12915643,0,0,0,0,0
19,120,1,1,4,6,200,4,0.8,0,1,0,0,1,10000,0.1,4.40321,100,0,0,0,0,0,0,0,0,97.7296,0,0,3119109,0,119.929,0,0,0,1,0,8918751,45244.8,5753.3,26.9205,11.5117,13532.2,0.127159,119.929,3.3435,0,latest,0,12963975,0,0,1,0,0
20,120,1,1,4,6,200,4,0.8,0,1,0,0,1,10000,0.1,4.40324,100,0,0,0,0,0,0,0,0,97.7296,0,0,3097133,0,119.927,0,0,0,2,0,8170800,49371.9,6143.76,27.8173,12.1172,14775.7,0.124438,119.927,3.34143,0,latest,0,13079772,0,0,2,9,0
21,120,1,1,4,6,200,4,0.8,0,1,0,0,1,10000,0.1,4.40324,100,0,0,0,0,0,0,0,0,97.7296,0,0,3096414,0,119.927,0,0,0,0,0,6063079,66565.2,7752.7,30.9964,14.4324,19912.8,0.116468,119.927,3.34284,0,latest,0,13657971,0,0,0,21,0
22,120,1,1,4,6,200,4,0.8,0,1,0,0,1,10000,0.1,4.40326,100,0,0,0,0,0,0,0,0,97.7296,0,0,3100425,0,119.928,0,0,0,1,0,6070567,66465,7751.5,30.9608,14.4629,19880.1,0.116625,119.928,3.34329,0,latest,0,13674211,0,0,1,24,0
23,120,1,1,4,6,200,4,0.8,0,1,0,0,1,10000,0.1,4.40327,100,0,0,0,0,0,0,0,0,97.7296,0,0,3104395,0,119.928,0,0,0,1,0,6032506,66851.8,7780.56,31.0591,14.5089,19997.1,0.116385,119.928,3.34308,0,latest,0,13630655,0,0,1,24,0
24,120,1,1,4,6,200,4,0.8,0,1,0,0,1,10000,0.1,4.40329,100,0,0,0,0,0,0,0,0,97.7296,0,0,3096351,0,119.925,0,0,0,1,0,5986662,67357.9,7787.78,31.1125,14.4775,20150.4,0.115618,119.925,3.34276,0,latest,0,13557315,0,0,1,28,0
25,120,1,1,4,6,200,4,0.8,0,1,0,0,1,10000,0.1,4.40331,100,0,0,0,0,0,0,0,0,97.7295,0,0,3098345,0,119.93,0,0,0,1,0,6199777,65037.4,7573.8,31.1359,14.1145,19455.6,0.116453,119.93,3.34286,0,latest,0,13451624,0,0,1,22,0
26,120,1,1,4,6,200,4,0.8,0,1,0,0,1,10000,0.1,4.40334,100,0,0,0,0,0,0,0,0,97.7295,0,0,3100233,0,119.927,0,0,0,2,0,6457478,62442.9,7319.23,31.2291,13.7181,18685.5,0.117215,119.927,3.34179,0,latest,0,13330791,0,0,2,16,0
27,120,1,1,4,6,200,4,0.8,0,1,0,0,1,10000,0.1,4.40335,100,0,0,0,0,0,0,0,0,97.7295,0,0,3100570,0,119.927,0,0,0,1,0,6427920,62739.2,7359.98,31.3283,13.8922,18771.8,0.117311,119.927,3.3422,0,latest,0,13420775,0,0,1,10,0
28,120,1,1,4,6,200,4,0.8,0,1,0,0,1,10000,0.1,4.40338,100,0,0,0,0,0,0,0,0,97.7295,0,0,3096685,0,119.929,0,0,0,2,0,6400142,63001.6,7380.6,31.4121,13.8711,18848.5,0.117149,119.929,3.34253,0,latest,0,13401183,0,0,2,15,0
29,120,1,1,4,6,200,4,0.8,0,1,0,0,1,10000,0.1,4.4034,100,0,0,0,0,0,0,0,0,97.7295,0,0,3098382,0,119.927,0,0,0,1,0,6296063,64045.3,7454.3,31.7634,13.9529,19166.5,0.116391,119.927,3.34152,0,latest,0,13389192,0,0,1,10,0
30,120,1,1,4,6,200,4,0.8,0,1,0,0,1,10000,0.1,4.40343,100,0,0,0,0,0,0,0,0,97.7295,0,0,3097227,0,119.929,0,0,0,2,0,5989403,67353.6,7840.52,32.3087,14.3712,20148,0.116408,119.929,3.34295,0,latest,0,13478422,0,0,2,26,0
31,120,1,1,4,6,200,4,0.8,0,1,0,0,1,10000,0.1,4.40346,100,0,0,0,0,0,0,0,0,97.7295,0,0,3096030,0,119.924,0,0,0,2,0,5813872,69369,8134.03,33.7278,14.6123,20752.8,0.117257,119.924,3.34262,0,latest,0,13521357,0,0,2,30,0
32,120,1,1,4,6,200,4,0.8,0,1,0,0,1,10000,0.1,4.40347,100,0,0,0,0,0,0,0,0,97.7295,0,0,3093857,0,119.926,0,0,0,1,0,6480092,62249.2,7465.77,32.1268,13.713,18621.3,0.119934,119.926,3.3429,0,latest,0,13462803,0,0,1,22,0
33,120,1,1,4,6,200,4,0.8,0,1,0,0,1,10000,0.1,4.40349,100,0,0,0,0,0,0,0,0,97.7295,0,0,3103225,0,119.925,0,0,0,1,0,6478584,62248.5,7468.55,32.0993,13.7115,18630.9,0.11998,119.925,3.34115,0,latest,0,13533737,0,0,1,23,0
34,120,1,1,4,6,200,4,0.8,0,1,0,0,1,10000,0.1,4.40349,100,0,0,0,0,0,0,0,0,97.7295,0,0,3120425,0,119.928,0,0,0,0,0,6522890,61844.6,7429.93,31.9348,13.6309,18504.1,0.120139,119.928,3.34221,0,latest,0,13610845,0,0,0,20,0
35,120,1,1,4,6,200,4,0.8,0,1,0,0,1,10000,0.1,4.4035,100,0,0,0,0,0,0,0,0,97.7294,0,0,3121143,0,119.922,0,0,0,1,0,6550323,61582.1,7391.39,31.7422,13.5828,18427.8,0.120025,119.922,3.34181,0,latest,0,13597998,0,0,1,23,0
36,120,1,1,4,6,200,4,0.8,0,1,0,0,1,10000,0.1,4.4035,100,0,0,0,0,0,0,0,0,97.7294,0,0,3110564,0,119.927,0,0,0,0,0,6658969,60581.5,7261.07,31.2972,13.4066,18124.3,0.119856,119.927,3.34255,0,latest,0,13532683,0,0,0,15,0
37,120,1,1,4,6,200,4,0.8,0,1,0,0,1,10000,0.1,4.40352,100,0,0,0,0,0,0,0,0,97.7294,0,0,3097254,0,119.93,0,0,0,1,0,8547992,47185.1,6082.03,28.7412,11.63,14114.1,0.128897,119.93,3.34311,0,latest,0,12829546,0,0,1,3,0
38,120,1,1,4,6,200,4,0.8,0,1,0,0,1,10000,0.1,4.40352,100,0,0,0,0,0,0,0,0,97.7294,0,0,3101521,0,119.93,0,0,0,0,0,8910656,45289.6,5910.38,28.2988,11.3478,13544.9,0.130502,119.93,3.34367,0,latest,0,12763453,0,0,0,0,0
39,120,1,1,4,6,200,4,0.8,0,1,0,0,1,10000,0.1,4.40352,100,0,0,0,0,0,0,0,0,97.7294,0,0,3093211,0,119.929,0,0,0,0,0,8906563,45300.5,5913.69,28.3521,11.3734,13550.8,0.130543,119.929,3.34302,0,latest,0,12723591,0,0,0,1,0
40,120,1,1,4,6,200,4,0.8,0,1,0,0,1,10000,0.1,4.40353,100,0,0,0,0,0,0,0,0,97.7294,0,0,3096349,0,119.926,0,0,0,1,0,6921757,58279.6,7126.02,29.9875,13.0973,17441,0.122273,119.926,3.34153,0,latest,0,13200871,0,0,1,11,0
41,120,1,1,4,6,200,4,0.8,0,1,0,0,1,10000,0.1,4.40355,100,0,0,0,0,0,0,0,0,97.7294,0,0,3100723,0,119.929,0,0,0,1,0,5409138,74612.8,8656.37,31.9822,15.2576,22319,0.116017,119.929,3.34303,0,latest,0,13601207,0,0,1,45,0
42,120,1,1,4,6,200,4,0.8,0,1,0,0,1,10000,0.1,4.40355,100,0,0,0,0,0,0,0,0,97.7294,0,0,3096698,0,119.932,0,0,0,0,0,5389999,74873.9,8682.16,32.0335,15.276,22390.3,0.115957,119.932,3.34403,0,latest,0,13598874,0,0,0,21,0
43,120,1,1,4,6,200,4,0.8,0,1,0,0,1,10000,0.1,4.40356,100,0,0,0,0,0,0,0,0,97.7294,0,0,3097004,0,119.927,0,0,0,1,0,6327488,63759.8,7617.42,29.868,13.9628,19081.7,0.119471,119.927,3.34141,0,latest,0,13625097,0,0,1,28,0
44,120,1,1,4,6,200,4,0.8,0,1,0,0,1,10000,0.1,4.40359,100,0,0,0,0,0,0,0,0,97.7294,0,0,3110922,0,119.929,0,0,0,2,0,6669457,60498.9,7279.08,29.1521,13.4961,18089.4,0.120317,119.929,3.34444,0,latest,0,13674786,0,0,2,18,0
45,120,1,1,4,6,200,4,0.8,0,1,0,0,1,10000,0.1,4.40359,100,0,0,0,0,0,0,0,0,97.7294,0,0,3106417,0,119.929,0,0,0,0,0,6721129,60038.3,7225.56,29.2022,13.5702,17956.9,0.120349,119.929,3.34347,0,latest,0,13729805,0,0,0,24,0
46,120,1,1,4,6,200,4,0.8,0,1,0,0,1,10000,0.1,4.40363,100,0,0,0,0,0,0,0,0,97.7294,0,0,3095642,0,119.927,0,0,0,2,0,6672965,60454.1,7260.8,29.3021,13.6362,18087.1,0.120104,119.927,3.34238,0,latest,0,13705859,0,0,2,21,0
47,120,1,1,4,6,200,4,0.8,0,1,0,0,1,10000,0.1,4.40363,100,0,0,0,0,0,0,0,0,97.7294,0,0,3091934,0,119.928,0,0,0,0,0,6702206,60202.4,7248.01,29.2218,13.6356,18007.1,0.120394,119.928,3.34326,0,latest,0,13812009,0,0,0,23,0
48,120,1,1,4,6,200,4,0.8,0,1,0,0,1,10000,0.1,4.40364,100,0,0,0,0,0,0,0,0,97.7294,0,0,3089783,0,119.928,0,0,0,1,0,6713000,60103.2,7235.23,29.2483,13.6243,17978.6,0.12038,119.928,3.34305,0,latest,0,13796749,0,0,1,24,0
49,120,1,1,4,6,200,4,0.8,0,1,0,0,1,10000,0.1,4.40369,100,0,0,0,0,0,0,0,0,97.7293,0,0,3090331,0,119.93,0,0,0,3,0,6906571,58418.3,7059,29.0078,13.4201,17473,0.120835,119.93,3.34335,0,latest,0,13664684,0,0,3,16,0
50,120,1,1,4,6,200,4,0.8,0,1,0,0,1,10000,0.1,4.4037,100,0,0,0,0,0,0,0,0,97.7293,0,0,3097039,0,119.93,0,0,0,1,0,6491330,62140.9,7260.91,29.7974,13.5513,18592.3,0.116846,119.93,3.34229,0,latest,0,13381306,0,0,1,16,0
51,120,1,1,4,6,200,4,0.8,0,1,0,0,1,10000,0.1,4.40373,100,0,0,0,0,0,0,0,0,97.7293,0,0,3096508,0,119.93,0,0,0,2,0,6634441,60812.7,7096.66,29.31,13.4653,18190.4,0.116697,119.93,3.34311,0,latest,0,13712179,0,0,2,24,0
52,120,1,1,4,6,200,4,0.8,0,1,0,0,1,10000,0.1,4.40376,100,0,0,0,0,0,0,0,0,97.7293,0,0,3092715,0,119.927,0,0,0,2,0,6684192,60361.2,7044.66,29.0787,13.334,18058,0.116709,119.927,3.34263,0,latest,0,13606657,0,0,2,23,0
53,120,1,1,4,6,200,4,0.8,0,1,0,0,1,10000,0.1,4.40379,100,0,0,0,0,0,0,0,0,97.7293,0,0,3093502,0,119.927,0,0,0,2,0,6642939,60726,7066.82,29.2159,13.4671,18167.5,0.116372,119.927,3.34257,0,latest,0,13668343,0,0,2,14,0
54,120,1,1,4,6,200,4,0.8,0,1,0,0,1,10000,0.1,4.40381,100,0,0,0,0,0,0,0,0,97.7293,0,0,3095240,0,119.929,0,0,0,1,0,6380268,63236.1,7256.05,30.5151,13.7112,18915.5,0.114745,119.929,3.34309,0,latest,0,13562103,0,0,1,22,0
55,120,1,1,4,6,200,4,0.8,0,1,0,0,1,10000,0.1,4.40385,100,0,0,0,0,0,0,0,0,97.7293,0,0,3095049,0,119.924,0,0,0,3,0,6241541,64643,7349.21,31.2945,13.8355,19343.9,0.113689,119.924,3.34177,0,latest,0,13482603,0,0,3,24,0
56,120,1,1,4,6,200,4,0.8,0,1,0,0,1,10000,0.1,4.40388,100,0,0,0,0,0,0,0,0,97.7292,0,0,3097192,0,119.931,0,0,0,2,0,6231920,64768.3,7358.49,31.368,13.8895,19367,0.113613,119.931,3.34426,0,latest,0,13472966,0,0,2,11,0
57,120,1,1,4,6,200,4,0.8,0,1,0,0,1,10000,0.1,4.40388,100,0,0,0,0,0,0,0,0,97.7292,0,0,3090112,0,119.93,0,0,0,0,0,6176516,65331.3,7411.04,31.4274,14.0619,19542.5,0.113438,119.93,3.34304,0,latest,0,13556342,0,0,0,0,0
58,120,1,1,4,6,200,4,0.8,0,1,0,0,1,10000,0.1,4.4039,100,0,0,0,0,0,0,0,0,97.7292,0,0,3115199,0,119.926,0,0,0,1,0,6198480,65090.3,7343.68,31.2304,14.0525,19472.9,0.112823,119.926,3.34261,0,latest,0,13706355,0,0,1,0,0
59,120,1,1,4,6,200,4,0.8,0,1,0,0,1,10000,0.1,4.4039,100,0,0,0,0,0,0,0,0,97.7292,0,0,3096053,0,119.93,0,0,0,0,0,6141160,65703.2,7401.52,31.5151,14.1806,19648.7,0.112651,119.93,3.3439,0,latest,0,13624472,0,0,0,0,0
0,120,1,1,4,6,200,4,0.8,0,1,1,0,1,10000,0.1,4.40295,100,0,0,0,0,0,0,0,0,97.7297,0,0,18807448,0,2.15787,0,0,0,288552,0,544,635.263,378.947,39.9357,8.70588,3040.94,0.59652,2.15787,0.208903,0,latest,0,3,0,0,0,0,0
1,120,1,1,4,6,200,4,0.8,0,1,1,0,1,10000,0.1,4.40297,100,0,0,0,0,0,0,0,0,97.7297,0,0,2833123,0,119.295,0,0,0,1,0,4898831,45470.9,6964.14,30.0587,13.3996,24551.6,0.153156,119.295,1.85205,0,latest,0,9809487,0,0,1,9,0
2,120,1,1,4,6,200,4,0.8,0,1,1,0,1,10000,0.1,4.40298,100,0,0,0,0,0,0,0,0,97.7297,0,0,2866555,0,119.901,0,0,0,1,0,4966010,47798.3,7110.93,29.7548,13.4945,24323.8,0.148769,119.901,1.96508,0,latest,0,10316834,0,0,1,11,0
3,120,1,1,4,6,200,4,0.8,0,1,1,0,1,10000,0.1,4.403,100,0,0,0,0,0,0,0,0,97.7297,0,0,2883835,0,119.93,0,0,0,1,0,7705800,48347.6,6466.41,28.8307,12.4512,15663.4,0.133748,119.93,3.08666,0,latest,0,13593492,0,0,1,6,0
4,120,1,1,4,6,200,4,0.8,0,1,1,0,1,10000,0.1,4.40302,100,0,0,0,0,0,0,0,0,97.7297,0,0,2876889,0,119.93,0,0,0,1,0,8342035,48365.9,6355.66,28.6227,12.2688,14468.3,0.131408,119.93,3.34288,0,latest,0,14218106,0,0,1,0,0
5,120,1,1,4,6,200,4,0.8,0,1,1,0,1,10000,0.1,4.40303,100,0,0,0,0,0,0,0,0,97.7297,0,0,2872485,0,119.929,0,0,0,1,0,8262124,48835.1,6416.37,28.7617,12.3682,14608.7,0.131388,119.929,3.34287,0,latest,0,14277632,0,0,1,0,0
6,120,1,1,4,6,200,4,0.8,0,1,1,0,1,10000,0.1,4.40305,100,0,0,0,0,0,0,0,0,97.7297,0,0,2870423,0,119.926,0,0,0,1,0,8248727,48917.7,6414.76,28.758,12.3533,14631.4,0.131134,119.926,3.34334,0,latest,0,14295607,0,0,1,0,0
7,120,1,1,4,6,200,4,0.8,0,1,1,0,1,10000,0.1,4.40309,100,0,0,0,0,0,0,0,0,97.7297,0,0,2866063,0,119.926,0,0,0,3,0,8322764,48486.8,6368.28,28.6589,12.2749,14501.2,0.131341,119.926,3.34363,0,latest,0,14263527,0,0,3,0,0
8,120,1,1,4,6,200,4,0.8,0,1,1,0,1,10000,0.1,4.40309,100,0,0,0,0,0,0,0,0,97.7297,0,0,2873789,0,119.928,0,0,0,0,0,8264277,48832.9,6387.26,28.7345,12.3137,14604.1,0.130798,119.928,3.34377,0,latest,0,14222810,0,0,0,0,0
9,120,1,1,4,6,200,4,0.8,0,1,1,0,1,10000,0.1,4.40311,100,0,0,0,0,0,0,0,0,97.7296,0,0,2869899,0,119.929,0,0,0,1,0,8295599,48644.4,6388.46,28.7525,12.3485,14550.2,0.13133,119.929,3.34322,0,latest,0,14247692,0,0,1,0,0
10,120,1,1,4,6,200,4,0.8,0,1,1,0,1,10000,0.1,4.40311,100,0,0,0,0,0,0,0,0,97.7296,0,0,2901694,0,119.928,0,0,0,0,0,8092809,49890,6497,28.9249,12.5496,14939.5,0.130226,119.928,3.33947,0,latest,0,14415539,0,0,0,1,0
11,120,1,1,4,6,200,4,0.8,0,1,1,0,1,10000,0.1,4.40312,100,0,0,0,0,0,0,0,0,97.7296,0,0,2889812,0,119.943,0,0,0,1,0,5986150,67487.2,8056.21,32.2384,15.2851,20165.5,0.119374,119.943,3.34667,0,latest,0,14880797,0,0,1,27,0
12,120,1,1,4,6,200,4,0.8,0,1,1,0,1,10000,0.1,4.40314,100,0,0,0,0,0,0,0,0,97.7296,0,0,2882452,0,119.927,0,0,0,1,0,6056118,66615.1,7980.47,32.2496,15.2116,19927.9,0.1198,119.927,3.34281,0,latest,0,14991485,0,0,1,27,0
13,120,1,1,4,6,200,4,0.8,0,1,1,0,1,10000,0.1,4.40317,100,0,0,0,0,0,0,0,0,97.7296,0,0,2880238,0,119.925,0,0,0,2,0,6519240,61874.9,7536.51,31.4397,14.5145,18512.6,0.121802,119.925,3.34232,0,latest,0,15004406,0,0,2,18,0
14,120,1,1,4,6,200,4,0.8,0,1,1,0,1,10000,0.1,4.40321,100,0,0,0,0,0,0,0,0,97.7296,0,0,2887051,0,119.926,0,0,0,3,0,8114348,49707.8,6360.33,29.3927,12.7475,14871.9,0.127954,119.926,3.3424,0,latest,0,14313690,0,0,3,0,0
15,120,1,1,4,6,200,4,0.8,0,1,1,0,1,10000,0.1,4.40323,100,0,0,0,0,0,0,0,0,97.7296,0,0,2888494,0,119.927,0,0,0,1,0,8171454,49397.9,6325.01,29.3166,12.7247,14775.6,0.128042,119.927,3.3432,0,latest,0,14379006,0,0,1,0,0
16,120,1,1,4,6,200,4,0.8,0,1,1,0,1,10000,0.1,4.40323,100,0,0,0,0,0,0,0,0,97.7296,0,0,2888677,0,119.925,0,0,0,0,0,8188105,49284.6,6329.64,29.336,12.7627,14745.4,0.12843,119.925,3.34237,0,latest,0,14370042,0,0,0,0,0
17,120,1,1,4,6,200,4,0.8,0,1,1,0,1,10000,0.1,4.40324,100,0,0,0,0,0,0,0,0,97.7296,0,0,2882894,0,119.928,0,0,0,1,0,8154421,49490.7,6347.18,29.3799,12.7911,14808.1,0.12825,119.928,3.34214,0,latest,0,14352048,0,0,1,0,0
18,120,1,1,4,6,200,4,0.8,0,1,1,0,1,10000,0.1,4.40326,100,0,0,0,0,0,0,0,0,97.7296,0,0,2887578,0,119.924,0,0,0,1,0,8109576,49763.4,6366.63,29.4441,12.8096,14887.4,0.127938,119.924,3.34264,0,latest,0,14335611,0,0,1,0,0
19,120,1,1,4,6,200,4,0.8,0,1,1,0,1,10000,0.1,4.40326,100,0,0,0,0,0,0,0,0,97.7296,0,0,2887142,0,119.928,0,0,0,0,0,8165184,49431.7,6317.45,29.3545,12.7413,14785.4,0.127801,119.928,3.34329,0,latest,0,14319982,0,0,0,0,0
20,120,1,1,4,6,200,4,0.8,0,1,1,0,1,10000,0.1,4.40326,100,0,0,0,0,0,0,0,0,97.7296,0,0,2882319,0,119.93,0,0,0,0,0,7517724,53695.6,6742.17,30.1699,13.387,16055.9,0.125563,119.93,3.3443,0,latest,0,14483373,0,0,0,13,0
21,120,1,1,4,6,200,4,0.8,0,1,1,0,1,10000,0.1,4.40329,100,0,0,0,0,0,0,0,0,97.7296,0,0,2869819,0,119.928,0,0,0,2,0,5657773,71299.9,8495.66,33.5303,16.0041,21332.7,0.119154,119.928,3.34228,0,latest,0,14890422,0,0,2,17,0
22,120,1,1,4,6,200,4,0.8,0,1,1,0,1,10000,0.1,4.40334,100,0,0,0,0,0,0,0,0,97.7295,0,0,2868272,0,119.922,0,0,0,3,0,5684176,70978.2,8408.07,33.6317,15.8996,21234.6,0.11846,119.922,3.34258,0,latest,0,14895968,0,0,3,21,0
23,120,1,1,4,6,200,4,0.8,0,1,1,0,1,10000,0.1,4.40335,100,0,0,0,0,0,0,0,0,97.7295,0,0,2878738,0,119.928,0,0,0,1,0,5907165,68297.5,8094.92,33.8513,15.43,20428.3,0.118524,119.928,3.34327,0,latest,0,14753581,0,0,1,15,0
24,120,1,1,4,6,200,4,0.8,0,1,1,0,1,10000,0.1,4.40338,100,0,0,0,0,0,0,0,0,97.7295,0,0,2893205,0,119.927,0,0,0,2,0,5855857,68925.5,8185.02,33.9164,15.5985,20613.9,0.118752,119.927,3.34365,0,latest,0,14887075,0,0,2,20,0
25,120,1,1,4,6,200,4,0.8,0,1,1,0,1,10000,0.1,4.40338,100,0,0,0,0,0,0,0,0,97.7295,0,0,2871018,0,119.928,0,0,0,0,0,5771665,69909.7,8307.88,34.2046,15.7682,20912.6,0.118837,119.928,3.34295,0,latest,0,14857966,0,0,0,12,0
26,120,1,1,4,6,200,4,0.8,0,1,1,0,1,10000,0.1,4.40341,100,0,0,0,0,0,0,0,0,97.7295,0,0,2870644,0,119.927,0,0,0,2,0,5821828,69288.3,8241.32,34.5958,15.6741,20727.9,0.118942,119.927,3.34276,0,latest,0,14953046,0,0,2,12,0
27,120,1,1,4,6,200,4,0.8,0,1,1,0,1,10000,0.1,4.40343,100,0,0,0,0,0,0,0,0,97.7295,0,0,2876653,0,119.928,0,0,0,1,0,5824648,69254.7,8232.07,34.6097,15.6467,20717.4,0.118867,119.928,3.34282,0,latest,0,14934238,0,0,1,12,0
28,120,1,1,4,6,200,4,0.8,0,1,1,0,1,10000,0.1,4.40346,100,0,0,0,0,0,0,0,0,97.7295,0,0,2878510,0,119.923,0,0,0,2,0,5874303,68673.1,8175.66,34.5056,15.5808,20548.4,0.119052,119.923,3.34201,0,latest,0,14925927,0,0,2,12,0
29,120,1,1,4,6,200,4,0.8,0,1,1,0,1,10000,0.1,4.40346,100,0,0,0,0,0,0,0,0,97.7295,0,0,2875752,0,119.926,0,0,0,0,0,5788285,69699.8,8314.19,34.5541,15.942,20859.2,0.119286,119.926,3.34143,0,latest,0,15147316,0,0,0,0,0
30,120,1,1,4,6,200,4,0.8,0,1,1,0,1,10000,0.1,4.40349,100,0,0,0,0,0,0,0,0,97.7295,0,0,2880877,0,119.929,0,0,0,2,0,5577163,72371.6,8681.08,34.427,16.1647,21643.2,0.119951,119.929,3.34385,0,latest,0,15020386,0,0,2,12,0
31,120,1,1,4,6,200,4,0.8,0,1,1,0,1,10000,0.1,4.40352,100,0,0,0,0,0,0,0,0,97.7294,0,0,2878587,0,119.924,0,0,0,2,0,5896807,68427,8410.48,32.7752,15.4193,20473.5,0.122912,119.924,3.34223,0,latest,0,14999889,0,0,2,28,0
32,120,1,1,4,6,200,4,0.8,0,1,1,0,1,10000,0.1,4.40352,100,0,0,0,0,0,0,0,0,97.7294,0,0,2875746,0,119.928,0,0,0,0,0,6425280,62811.8,7888.07,31.3795,14.6531,18784.9,0.125583,119.928,3.34373,0,latest,0,15139924,0,0,0,25,0
33,120,1,1,4,6,200,4,0.8,0,1,1,0,1,10000,0.1,4.40356,100,0,0,0,0,0,0,0,0,97.7294,0,0,2875377,0,119.924,0,0,0,3,0,6748209,59799.4,7581.42,30.8614,14.2163,17891.7,0.126781,119.924,3.3423,0,latest,0,15009110,0,0,3,7,0
34,120,1,1,4,6,200,4,0.8,0,1,1,0,1,10000,0.1,4.40356,100,0,0,0,0,0,0,0,0,97.7294,0,0,2892838,0,119.926,0,0,0,0,0,8236560,48998.1,6494.45,29.0043,12.5904,14654.5,0.132545,119.926,3.34355,0,latest,0,14313228,0,0,0,0,0
35,120,1,1,4,6,200,4,0.8,0,1,1,0,1,10000,0.1,4.40358,100,0,0,0,0,0,0,0,0,97.7294,0,0,2905308,0,119.927,0,0,0,1,0,8124392,49673.7,6547.45,29.1153,12.696,14858.6,0.131809,119.927,3.3431,0,latest,0,14344432,0,0,1,0,0
36,120,1,1,4,6,200,4,0.8,0,1,1,0,1,10000,0.1,4.40358,100,0,0,0,0,0,0,0,0,97.7294,0,0,2888718,0,119.926,0,0,0,0,0,8078800,49941.7,6585.5,29.3097,12.7875,14941.4,0.131864,119.926,3.3425,0,latest,0,14258254,0,0,0,0,0
37,120,1,1,4,6,200,4,0.8,0,1,1,0,1,10000,0.1,4.40359,100,0,0,0,0,0,0,0,0,97.7294,0,0,2885411,0,119.924,0,0,0,1,0,8071894,49980.8,6581.12,29.3209,12.7598,14953.9,0.131673,119.924,3.34232,0,latest,0,14311100,0,0,1,0,0
38,120,1,1,4,6,200,4,0.8,0,1,1,0,1,10000,0.1,4.40363,100,0,0,0,0,0,0,0,0,97.7294,0,0,2888609,0,119.924,0,0,0,2,0,8123977,49659.4,6560.33,29.2542,12.7336,14861.3,0.132106,119.924,3.34152,0,latest,0,14314610,0,0,2,0,0
39,120,1,1,4,6,200,4,0.8,0,1,1,0,1,10000,0.1,4.40363,100,0,0,0,0,0,0,0,0,97.7294,0,0,2909336,0,119.925,0,0,0,0,0,8250796,48903.7,6470.13,29.0066,12.558,14629.7,0.132304,119.925,3.34276,0,latest,0,14368256,0,0,0,0,0
40,120,1,1,4,6,200,4,0.8,0,1,1,0,1,10000,0.1,4.40363,100,0,0,0,0,0,0,0,0,97.7294,0,0,2901488,0,119.925,0,0,0,0,0,6476465,62310.8,7780.12,31.5088,14.4878,18642.2,0.12486,119.925,3.34246,0,latest,0,14709740,0,0,0,16,0
41,120,1,1,4,6,200,4,0.8,0,1,1,0,1,10000,0.1,4.40363,100,0,0,0,0,0,0,0,0,97.7294,0,0,2888583,0,119.924,0,0,0,0,0,5120219,78808.2,9409.96,34.7222,16.9251,23578.3,0.119403,119.924,3.34241,0,latest,0,14907357,0,0,0,21,0
42,120,1,1,4,6,200,4,0.8,0,1,1,0,1,10000,0.1,4.40364,100,0,0,0,0,0,0,0,0,97.7294,0,0,2889252,0,119.923,0,0,0,1,0,5112137,78924.3,9418.89,34.7364,16.9351,23615.5,0.119341,119.923,3.34206,0,latest,0,14905310,0,0,1,22,0
43,120,1,1,4,6,200,4,0.8,0,1,1,0,1,10000,0.1,4.40364,100,0,0,0,0,0,0,0,0,97.7294,0,0,2890428,0,119.926,0,0,0,0,0,5107590,79009.9,9431.72,34.7228,16.9363,23636.2,0.119374,119.926,3.34275,0,latest,0,14909102,0,0,0,29,0
44,120,1,1,4,6,200,4,0.8,0,1,1,0,1,10000,0.1,4.40364,100,0,0,0,0,0,0,0,0,97.7294,0,0,2887711,0,119.926,0,0,0,0,0,5107325,79001.3,9426.15,34.7001,16.9402,23639.5,0.119316,119.926,3.34192,0,latest,0,14892549,0,0,0,40,0
45,120,1,1,4,6,200,4,0.8,0,1,1,0,1,10000,0.1,4.40364,100,0,0,0,0,0,0,0,0,97.7294,0,0,2886020,0,119.917,0,0,0,0,0,5101969,79078.8,9436.14,34.7378,16.9685,23662.1,0.119326,119.917,3.342,0,latest,0,14904492,0,0,0,31,0
46,120,1,1,4,6,200,4,0.8,0,1,1,0,1,10000,0.1,4.40364,100,0,0,0,0,0,0,0,0,97.7294,0,0,2889778,0,119.929,0,0,0,0,0,5104891,79069.5,9436.66,34.7464,16.9956,23649.4,0.119346,119.929,3.3434,0,latest,0,14910162,0,0,0,32,0
47,120,1,1,4,6,200,4,0.8,0,1,1,0,1,10000,0.1,4.40367,100,0,0,0,0,0,0,0,0,97.7294,0,0,2889490,0,119.923,0,0,0,2,0,5507024,73286.7,8872.45,33.5195,16.2015,21922.8,0.121065,119.923,3.34294,0,latest,0,14976792,0,0,2,28,0
48,120,1,1,4,6,200,4,0.8,0,1,1,0,1,10000,0.1,4.40369,100,0,0,0,0,0,0,0,0,97.7293,0,0,2891684,0,119.926,0,0,0,1,0,6576526,61367.9,7673.07,31.0623,14.4595,18358.9,0.125034,119.926,3.34268,0,latest,0,14954652,0,0,1,26,0
49,120,1,1,4,6,200,4,0.8,0,1,1,0,1,10000,0.1,4.40369,100,0,0,0,0,0,0,0,0,97.7293,0,0,2889112,0,119.926,0,0,0,0,0,6567659,61454.5,7680.89,31.0957,14.4555,18381.4,0.124985,119.926,3.3433,0,latest,0,14953279,0,0,0,25,0
50,120,1,1,4,6,200,4,0.8,0,1,1,0,1,10000,0.1,4.4037,100,0,0,0,0,0,0,0,0,97.7293,0,0,2884857,0,119.929,0,0,0,1,0,5548778,72721.6,8581.55,33.3513,15.948,21752.7,0.118006,119.929,3.34311,0,latest,0,14910965,0,0,1,29,0
51,120,1,1,4,6,200,4,0.8,0,1,1,0,1,10000,0.1,4.40373,100,0,0,0,0,0,0,0,0,97.7293,0,0,2887454,0,119.93,0,0,0,2,0,6295518,64097.3,7674.41,31.5485,14.7017,19172.4,0.119731,119.93,3.34321,0,latest,0,15095369,0,0,2,26,0
52,120,1,1,4,6,200,4,0.8,0,1,1,0,1,10000,0.1,4.40375,100,0,0,0,0,0,0,0,0,97.7293,0,0,2888007,0,119.927,0,0,0,1,0,6310392,63935.1,7651.91,31.476,14.642,19126.4,0.119682,119.927,3.34278,0,latest,0,15083918,0,0,1,21,0
53,120,1,1,4,6,200,4,0.8,0,1,1,0,1,10000,0.1,4.40375,100,0,0,0,0,0,0,0,0,97.7293,0,0,2891801,0,119.927,0,0,0,0,0,6310181,63942.2,7627.98,31.4672,14.6414,19128.4,0.119295,119.927,3.34278,0,latest,0,15101195,0,0,0,16,0
54,120,1,1,4,6,200,4,0.8,0,1,1,0,1,10000,0.1,4.40375,100,0,0,0,0,0,0,0,0,97.7293,0,0,2904407,0,119.927,0,0,0,0,0,6336733,63679.9,7595.17,31.332,14.5793,19049.7,0.119271,119.927,3.34283,0,latest,0,15170120,0,0,0,18,0
55,120,1,1,4,6,200,4,0.8,0,1,1,0,1,10000,0.1,4.40378,100,0,0,0,0,0,0,0,0,97.7293,0,0,2885806,0,119.93,0,0,0,2,0,6304768,63998.3,7629.93,31.5959,14.6301,19143.8,0.119221,119.93,3.34303,0,latest,0,15030109,0,0,2,15,0
56,120,1,1,4,6,200,4,0.8,0,1,1,0,1,10000,0.1,4.40381,100,0,0,0,0,0,0,0,0,97.7293,0,0,2880940,0,119.929,0,0,0,2,0,6076125,66409.3,7814.75,32.8816,14.9557,19865,0.117676,119.929,3.34304,0,latest,0,14943844,0,0,2,19,0
57,120,1,1,4,6,200,4,0.8,0,1,1,0,1,10000,0.1,4.40382,100,0,0,0,0,0,0,0,0,97.7293,0,0,2886851,0,119.926,0,0,0,1,0,5782997,69784.4,8133.16,34.3092,15.6314,20877.1,0.116547,119.926,3.34263,0,latest,0,15062610,0,0,1,0,0
58,120,1,1,4,6,200,4,0.8,0,1,1,0,1,10000,0.1,4.40384,100,0,0,0,0,0,0,0,0,97.7293,0,0,2886805,0,119.929,0,0,0,1,0,5764112,70032.8,8149.06,34.3525,15.6723,20946.8,0.116361,119.929,3.34337,0,latest,0,15123250,0,0,1,0,0
59,120,1,1,4,6,200,4,0.8,0,1,1,0,1,10000,0.1,4.40385,100,0,0,0,0,0,0,0,0,97.7293,0,0,2887104,0,119.93,0,0,0,1,0,5731853,70419.5,8178.29,34.4295,15.6951,21063.4,0.116137,119.93,3.34322,0,latest,0,15104235,0,0,1,0,0
0,120,1,1,4,6,200,4,0.8,0,1,2,0,1,10000,0.1,4.40295,100,0,0,0,0,0,0,0,0,97.7297,0,0,18842359,0,1.34683,0,0,0,288552,0,29,7487.72,4044.52,272.172,36.069,13386.5,0.540153,1.34683,0.55935,0,latest,0,0,0,0,0,0,0
1,120,1,1,4,6,200,4,0.8,0,1,2,0,1,10000,0.1,4.40297,100,0,0,0,0,0,0,0,0,97.7297,0,0,2858014,0,119.37,0,0,0,1,0,3883635,57400.2,10324.3,43.1414,15.5706,31029.3,0.179866,119.37,1.84987,0,latest,0,17377398,0,0,1,14,0
2,120,1,1,4,6,200,4,0.8,0,1,2,0,1,10000,0.1,4.40297,100,0,0,0,0,0,0,0,0,97.7297,0,0,2870276,0,119.905,0,0,0,0,0,4069070,58474.1,10279.1,41.0173,15.389,29697.9,0.175789,119.905,1.96897,0,latest,0,18122578,0,0,0,13,0
3,120,1,1,4,6,200,4,0.8,0,1,2,0,1,10000,0.1,4.40297,100,0,0,0,0,0,0,0,0,97.7297,0,0,2859705,0,119.93,0,0,0,0,0,6065975,61494.5,8879.49,37.4207,13.9792,19901.8,0.144395,119.93,3.0899,0,latest,0,21299349,0,0,0,24,0
4,120,1,1,4,6,200,4,0.8,0,1,2,0,1,10000,0.1,4.40298,100,0,0,0,0,0,0,0,0,97.7297,0,0,2855042,0,119.924,0,0,0,1,0,6460656,62447.1,8666.85,36.8757,13.7849,18684.7,0.138787,119.924,3.34216,0,latest,0,21732999,0,0,1,23,0
5,120,1,1,4,6,200,4,0.8,0,1,2,0,1,10000,0.1,4.40298,100,0,0,0,0,0,0,0,0,97.7297,0,0,2851933,0,119.922,0,0,0,0,0,6428006,62765,8676.77,36.9663,13.8217,18779.7,0.138242,119.922,3.34217,0,latest,0,21631625,0,0,0,16,0
6,120,1,1,4,6,200,4,0.8,0,1,2,0,1,10000,0.1,4.403,100,0,0,0,0,0,0,0,0,97.7297,0,0,2852282,0,119.923,0,0,0,1,0,6417801,62862.1,8681.21,36.9838,13.7989,18810.1,0.138099,119.923,3.34194,0,latest,0,21607532,0,0,1,19,0
7,120,1,1,4,6,200,4,0.8,0,1,2,0,1,10000,0.1,4.403,100,0,0,0,0,0,0,0,0,97.7297,0,0,2851872,0,119.922,0,0,0,0,0,6387063,63157.4,8718.33,37.052,13.819,18899.7,0.138041,119.922,3.3417,0,latest,0,21637943,0,0,0,19,0
8,120,1,1,4,6,200,4,0.8,0,1,2,0,1,10000,0.1,4.403,100,0,0,0,0,0,0,0,0,97.7297,0,0,2874554,0,119.921,0,0,0,0,0,6439438,62680.6,8661.43,36.7785,13.7461,18756.6,0.138184,119.921,3.34178,0,latest,0,21862239,0,0,0,17,0
9,120,1,1,4,6,200,4,0.8,0,1,2,0,1,10000,0.1,4.403,100,0,0,0,0,0,0,0,0,97.7297,0,0,2857944,0,119.927,0,0,0,0,0,6395495,63124,8715.91,37.0353,13.8225,18876.3,0.138076,119.927,3.3441,0,latest,0,21671444,0,0,0,19,0
10,120,1,1,4,6,200,4,0.8,0,1,2,0,1,10000,0.1,4.40303,100,0,0,0,0,0,0,0,0,97.7297,0,0,2859811,0,119.927,0,0,0,2,0,6255492,64513.5,8885.91,37.8067,14.0504,19297.9,0.137737,119.927,3.34304,0,latest,0,21814978,0,0,2,24,0
11,120,1,1,4,6,200,4,0.8,0,1,2,0,1,10000,0.1,4.40303,100,0,0,0,0,0,0,0,0,97.7297,0,0,2861119,0,119.924,0,0,0,0,0,6099713,66142.8,9076.12,39.183,14.7877,19790.7,0.13722,119.924,3.34212,0,latest,0,22293718,0,0,0,27,0
12,120,1,1,4,6,200,4,0.8,0,1,2,0,1,10000,0.1,4.40305,100,0,0,0,0,0,0,0,0,97.7297,0,0,2868594,0,119.928,0,0,0,1,0,6109268,66052.5,9025.24,39.0909,14.7504,19759.5,0.136637,119.928,3.34282,0,latest,0,22336034,0,0,1,17,0
13,120,1,1,4,6,200,4,0.8,0,1,2,0,1,10000,0.1,4.40306,100,0,0,0,0,0,0,0,0,97.7297,0,0,2856967,0,119.919,0,0,0,1,0,6081914,66350.1,9051.64,39.2449,14.8123,19858.6,0.136422,119.919,3.34113,0,latest,0,22296073,0,0,1,30,0
14,120,1,1,4,6,200,4,0.8,0,1,2,0,1,10000,0.1,4.40306,100,0,0,0,0,0,0,0,0,97.7297,0,0,2857825,0,119.928,0,0,0,0,0,6080313,66360.9,9053.9,39.1503,14.8342,19854.5,0.136434,119.928,3.34236,0,latest,0,22314188,0,0,0,17,0
15,120,1,1,4,6,200,4,0.8,0,1,2,0,1,10000,0.1,4.40306,100,0,0,0,0,0,0,0,0,97.7297,0,0,2856863,0,119.922,0,0,0,0,0,6090316,66236.8,9046.72,39.1214,14.827,19818.2,0.136581,119.922,3.34222,0,latest,0,22308920,0,0,0,21,0
16,120,1,1,4,6,200,4,0.8,0,1,2,0,1,10000,0.1,4.40308,100,0,0,0,0,0,0,0,0,97.7297,0,0,2855250,0,119.925,0,0,0,1,0,6044589,66742.5,9144.62,39.3389,14.9403,19975.4,0.137014,119.925,3.34124,0,latest,0,22407309,0,0,1,20,0
17,120,1,1,4,6,200,4,0.8,0,1,2,0,1,10000,0.1,4.40309,100,0,0,0,0,0,0,0,0,97.7297,0,0,2870136,0,119.921,0,0,0,1,0,5988533,67396.5,9204.2,39.4393,14.9491,20168.8,0.136568,119.921,3.34163,0,latest,0,22408460,0,0,1,17,0
18,120,1,1,4,6,200,4,0.8,0,1,2,0,1,10000,0.1,4.40311,100,0,0,0,0,0,0,0,0,97.7296,0,0,2892502,0,119.92,0,0,0,1,0,5741576,70307.4,9423.73,39.96,15.1029,21038.2,0.134036,119.92,3.34189,0,latest,0,22435500,0,0,1,20,0
19,120,1,1,4,6,200,4,0.8,0,1,2,0,1,10000,0.1,4.40312,100,0,0,0,0,0,0,0,0,97.7296,0,0,2875406,0,119.925,0,0,0,1,0,5654642,71374.1,9556.73,40.4889,15.27,21354.8,0.133896,119.925,3.3423,0,latest,0,22324693,0,0,1,22,0
20,120,1,1,4,6,200,4,0.8,0,1,2,0,1,10000,0.1,4.40317,100,0,0,0,0,0,0,0,0,97.7296,0,0,2886017,0,119.926,0,0,0,3,0,5920700,68182.2,9178.73,39.3721,14.94,20403.2,0.134621,119.926,3.34174,0,latest,0,22300244,0,0,3,18,0
21,120,1,1,4,6,200,4,0.8,0,1,2,0,1,10000,0.1,4.40321,100,0,0,0,0,0,0,0,0,97.7296,0,0,2862952,0,119.924,0,0,0,3,0,5681829,71023.3,9685.85,41.4621,15.536,21248,0.136376,119.924,3.3426,0,latest,0,22670443,0,0,3,12,0
22,120,1,1,4,6,200,4,0.8,0,1,2,0,1,10000,0.1,4.40324,100,0,0,0,0,0,0,0,0,97.7296,0,0,2859650,0,119.924,0,0,0,2,0,5892444,68468.4,9444.63,41.8775,15.2929,20487.3,0.137941,119.924,3.342,0,latest,0,22839938,0,0,2,21,0
23,120,1,1,4,6,200,4,0.8,0,1,2,0,1,10000,0.1,4.40326,100,0,0,0,0,0,0,0,0,97.7296,0,0,2864297,0,119.925,0,0,0,1,0,5908965,68307.4,9456.21,41.7469,15.3127,20430.9,0.138436,119.925,3.34335,0,latest,0,23012822,0,0,1,19,0
24,120,1,1,4,6,200,4,0.8,0,1,2,0,1,10000,0.1,4.40327,100,0,0,0,0,0,0,0,0,97.7296,0,0,2854121,0,119.925,0,0,0,1,0,5805574,69494.7,9615.97,42.2008,15.4895,20795.9,0.13837,119.925,3.34176,0,latest,0,23034273,0,0,1,18,0
25,120,1,1,4,6,200,4,0.8,0,1,2,0,1,10000,0.1,4.40329,100,0,0,0,0,0,0,0,0,97.7296,0,0,2856225,0,119.926,0,0,0,1,0,5739968,70311.1,9572.7,42.2313,15.4058,21033.6,0.136148,119.926,3.3428,0,latest,0,22645225,0,0,1,13,0
26,120,1,1,4,6,200,4,0.8,0,1,2,0,1,10000,0.1,4.40332,100,0,0,0,0,0,0,0,0,97.7295,0,0,2850125,0,119.927,0,0,0,2,0,5680538,71044.2,9596,42.3846,15.4371,21252.8,0.135071,119.927,3.34282,0,latest,0,22507436,0,0,2,14,0
27,120,1,1,4,6,200,4,0.8,0,1,2,0,1,10000,0.1,4.40332,100,0,0,0,0,0,0,0,0,97.7295,0,0,2852828,0,119.921,0,0,0,0,0,5825912,69272.6,9367.4,41.7739,15.1903,20732.2,0.135225,119.921,3.34131,0,latest,0,22309847,0,0,0,16,0
28,120,1,1,4,6,200,4,0.8,0,1,2,0,1,10000,0.1,4.40332,100,0,0,0,0,0,0,0,0,97.7295,0,0,2857469,0,119.927,0,0,0,0,0,5801117,69607,9414.82,41.9065,15.2354,20821.7,0.135257,119.927,3.34301,0,latest,0,22384099,0,0,0,19,0
29,120,1,1,4,6,200,4,0.8,0,1,2,0,1,10000,0.1,4.40334,100,0,0,0,0,0,0,0,0,97.7295,0,0,2856757,0,119.927,0,0,0,1,0,5653962,71407.8,9635.88,42.5741,15.475,21360.9,0.134942,119.927,3.34292,0,latest,0,22524574,0,0,1,18,0
30,120,1,1,4,6,200,4,0.8,0,1,2,0,1,10000,0.1,4.40335,100,0,0,0,0,0,0,0,0,97.7295,0,0,2852578,0,119.927,0,0,0,1,0,5438898,74241.7,10172.8,42.5134,15.8525,22206.5,0.137023,119.927,3.34324,0,latest,0,22456360,0,0,1,22,0
31,120,1,1,4,6,200,4,0.8,0,1,2,0,1,10000,0.1,4.40338,100,0,0,0,0,0,0,0,0,97.7295,0,0,2855934,0,119.919,0,0,0,2,0,5526053,73041.2,10160,40.5404,15.5703,21855.6,0.139099,119.919,3.34198,0,latest,0,21947914,0,0,2,24,0
32,120,1,1,4,6,200,4,0.8,0,1,2,0,1,10000,0.1,4.4034,100,0,0,0,0,0,0,0,0,97.7295,0,0,2852664,0,119.928,0,0,0,1,0,6230413,64793.7,9053.8,37.6799,14.3045,19376.6,0.139733,119.928,3.34391,0,latest,0,21596989,0,0,1,16,0
33,120,1,1,4,6,200,4,0.8,0,1,2,0,1,10000,0.1,4.40341,100,0,0,0,0,0,0,0,0,97.7295,0,0,2849094,0,119.923,0,0,0,1,0,6217835,64878,9066.14,37.7167,14.3454,19412.6,0.139741,119.923,3.34206,0,latest,0,21621300,0,0,1,21,0
34,120,1,1,4,6,200,4,0.8,0,1,2,0,1,10000,0.1,4.40343,100,0,0,0,0,0,0,0,0,97.7295,0,0,2848295,0,119.923,0,0,0,1,0,6287198,64167.3,8983.6,37.4965,14.2702,19199.7,0.140003,119.923,3.3421,0,latest,0,21489581,0,0,1,26,0
35,120,1,1,4,6,200,4,0.8,0,1,2,0,1,10000,0.1,4.40343,100,0,0,0,0,0,0,0,0,97.7295,0,0,2852608,0,119.922,0,0,0,0,0,6298580,64053.9,8979.2,37.5414,14.2855,19165.3,0.140182,119.922,3.34219,0,latest,0,21521705,0,0,0,18,0
36,120,1,1,4,6,200,4,0.8,0,1,2,0,1,10000,0.1,4.40346,100,0,0,0,0,0,0,0,0,97.7295,0,0,2848428,0,119.924,0,0,0,2,0,6501680,62047.1,8710.28,36.5215,13.8903,18567.5,0.140382,119.924,3.3417,0,latest,0,21427267,0,0,2,14,0
37,120,1,1,4,6,200,4,0.8,0,1,2,0,1,10000,0.1,4.40349,100,0,0,0,0,0,0,0,0,97.7295,0,0,2844681,0,119.923,0,0,0,2,0,7507877,53746.2,8031.92,36.7927,13.0798,16083.1,0.149442,119.923,3.34178,0,latest,0,22873494,0,0,2,0,0
38,120,1,1,4,6,200,4,0.8,0,1,2,0,1,10000,0.1,4.40349,100,0,0,0,0,0,0,0,0,97.7295,0,0,2851895,0,119.923,0,0,0,0,0,7618835,52976.8,7947.93,36.5803,12.9518,15848,0.150027,119.923,3.34281,0,latest,0,23073929,0,0,0,0,0
39,120,1,1,4,6,200,4,0.8,0,1,2,0,1,10000,0.1,4.40349,100,0,0,0,0,0,0,0,0,97.7295,0,0,2848651,0,119.923,0,0,0,0,0,7593694,53151.3,7975.18,36.6824,13.0082,15899,0.150047,119.923,3.34305,0,latest,0,23067681,0,0,0,0,0
40,120,1,1,4,6,200,4,0.8,0,1,2,0,1,10000,0.1,4.4035,100,0,0,0,0,0,0,0,0,97.7294,0,0,2844710,0,119.925,0,0,0,1,0,6081189,66341,9440.06,39.8148,14.7612,19850.3,0.142296,119.925,3.34207,0,latest,0,22556944,0,0,1,10,0
41,120,1,1,4,6,200,4,0.8,0,1,2,0,1,10000,0.1,4.4035,100,0,0,0,0,0,0,0,0,97.7294,0,0,2851957,0,119.927,0,0,0,0,0,5052250,79851,10931.1,42.9694,16.5546,23893.1,0.136894,119.927,3.34201,0,latest,0,22215824,0,0,0,34,0
42,120,1,1,4,6,200,4,0.8,0,1,2,0,1,10000,0.1,4.4035,100,0,0,0,0,0,0,0,0,97.7294,0,0,2850094,0,119.926,0,0,0,0,0,5056313,79790.4,10925.3,42.9633,16.5528,23876.1,0.136926,119.926,3.34186,0,latest,0,22212169,0,0,0,24,0
43,120,1,1,4,6,200,4,0.8,0,1,2,0,1,10000,0.1,4.4035,100,0,0,0,0,0,0,0,0,97.7294,0,0,2846264,0,119.927,0,0,0,0,0,5031978,80164.1,10975.4,43.0791,16.6039,23989.3,0.136912,119.927,3.34166,0,latest,0,22239771,0,0,0,26,0
44,120,1,1,4,6,200,4,0.8,0,1,2,0,1,10000,0.1,4.4035,100,0,0,0,0,0,0,0,0,97.7294,0,0,2850400,0,119.927,0,0,0,0,0,5045143,79965,10945.9,43.0273,16.5661,23926.6,0.136884,119.927,3.34209,0,latest,0,22208660,0,0,0,29,0
45,120,1,1,4,6,200,4,0.8,0,1,2,0,1,10000,0.1,4.40352,100,0,0,0,0,0,0,0,0,97.7294,0,0,2852025,0,119.926,0,0,0,1,0,6068876,66477.6,9250.29,38.3823,14.6707,19891.2,0.139149,119.926,3.34206,0,latest,0,21858413,0,0,1,20,0
46,120,1,1,4,6,200,4,0.8,0,1,2,0,1,10000,0.1,4.40355,100,0,0,0,0,0,0,0,0,97.7294,0,0,2855583,0,119.928,0,0,0,2,0,6441537,62643.9,8695,36.9924,14.0511,18742,0.1388,119.928,3.34243,0,latest,0,21570518,0,0,2,19,0
47,120,1,1,4,6,200,4,0.8,0,1,2,0,1,10000,0.1,4.40355,100,0,0,0,0,0,0,0,0,97.7294,0,0,2857609,0,119.925,0,0,0,0,0,6441539,62620.6,8623.87,36.9463,13.9944,18739.5,0.137716,119.925,3.34163,0,latest,0,21381560,0,0,0,24,0
48,120,1,1,4,6,200,4,0.8,0,1,2,0,1,10000,0.1,4.40355,100,0,0,0,0,0,0,0,0,97.7294,0,0,2856395,0,119.926,0,0,0,0,0,6420348,62848.3,8658.3,37.0277,14.0325,18802.6,0.137765,119.926,3.34254,0,latest,0,21446203,0,0,0,26,0
49,120,1,1,4,6,200,4,0.8,0,1,2,0,1,10000,0.1,4.40355,100,0,0,0,0,0,0,0,0,97.7294,0,0,2853209,0,119.927,0,0,0,0,0,6431060,62749.8,8641.34,36.9929,14.007,18771.3,0.137711,119.927,3.34286,0,latest,0,21410338,0,0,0,28,0
50,120,1,1,4,6,200,4,0.8,0,1,2,0,1,10000,0.1,4.40356,100,0,0,0,0,0,0,0,0,97.7294,0,0,2860753,0,119.925,0,0,0,1,0,5489616,73508.4,9748.86,40.8258,15.3809,21984.1,0.132622,119.925,3.3437,0,latest,0,22099315,0,0,1,28,0
51,120,1,1,4,6,200,4,0.8,0,1,2,0,1,10000,0.1,4.40356,100,0,0,0,0,0,0,0,0,97.7294,0,0,2863471,0,119.921,0,0,0,0,0,6074130,66428.9,8758.57,38.4599,14.2624,19868.7,0.131849,119.921,3.3434,0,latest,0,21781881,0,0,0,27,0
52,120,1,1,4,6,200,4,0.8,0,1,2,0,1,10000,0.1,4.40358,100,0,0,0,0,0,0,0,0,97.7294,0,0,2867471,0,119.922,0,0,0,1,0,6116985,65975.8,8711.58,38.2331,14.2183,19740.7,0.132042,119.922,3.34213,0,latest,0,21791130,0,0,1,16,0
53,120,1,1,4,6,200,4,0.8,0,1,2,0,1,10000,0.1,4.40359,100,0,0,0,0,0,0,0,0,97.7294,0,0,2867626,0,119.927,0,0,0,1,0,6174625,65379.3,8640.09,38.0287,14.1437,19547,0.132153,119.927,3.34472,0,latest,0,21711873,0,0,1,16,0
54,120,1,1,4,6,200,4,0.8,0,1,2,0,1,10000,0.1,4.40361,100,0,0,0,0,0,0,0,0,97.7294,0,0,2861375,0,119.924,0,0,0,1,0,6119449,65933.1,8729.91,38.2058,14.2252,19724.1,0.132406,119.924,3.34277,0,latest,0,21761469,0,0,1,18,0
55,120,1,1,4,6,200,4,0.8,0,1,2,0,1,10000,0.1,4.40361,100,0,0,0,0,0,0,0,0,97.7294,0,0,2882740,0,119.925,0,0,0,0,0,6157806,65531.9,8672.11,37.919,14.1207,19600.6,0.132334,119.925,3.34336,0,latest,0,21917084,0,0,0,21,0
56,120,1,1,4,6,200,4,0.8,0,1,2,0,1,10000,0.1,4.40363,100,0,0,0,0,0,0,0,0,97.7294,0,0,2866711,0,119.927,0,0,0,1,0,6062062,66566.7,8763,38.297,14.2886,19910.2,0.131643,119.927,3.34335,0,latest,0,21797818,0,0,1,22,0
57,120,1,1,4,6,200,4,0.8,0,1,2,0,1,10000,0.1,4.40363,100,0,0,0,0,0,0,0,0,97.7294,0,0,2864377,0,119.925,0,0,0,0,0,6071121,66467,8744.44,38.2399,14.2699,19878.5,0.131561,119.925,3.34367,0,latest,0,21773545,0,0,0,19,0
58,120,1,1,4,6,200,4,0.8,0,1,2,0,1,10000,0.1,4.40366,100,0,0,0,0,0,0,0,0,97.7294,0,0,2870423,0,119.928,0,0,0,2,0,6117290,65961.1,8706.59,38.1302,14.2187,19731.1,0.131996,119.928,3.343,0,latest,0,21678983,0,0,2,14,0
59,120,1,1,4,6,200,4,0.8,0,1,2,0,1,10000,0.1,4.40366,100,0,0,0,0,0,0,0,0,97.7294,0,0,2869677,0,119.923,0,0,0,0,0,6174546,65349.4,8635.15,37.923,14.1326,19554.8,0.132138,119.923,3.34186,0,latest,0,21586258,0,0,0,16,0
