t,c_worker_threads,c_free_pct,c_cool_pct,c_pp_threads,c_partition_bits,c_dram_gib,c_target_gib,c_zipf_factor,c_fs,c_contention_management,latest_read_ratio,latest_window_gib,latest_window_ms,latest_window_offset_gib,space_usage_gib,p1_pct,p2_pct,p3_pct,poll_pct,find_parent_pct,iterate_children_pct,pc1,pc2,pc3,free_pct,cool_pct,evicted_mib,rounds,unswizzled,cpus,submit_ms,async_mb_ws,w_mib,allocate_ops,r_mib,tx,cycle,instr,L1-miss,br-miss,task,IPC,CPU,GHz,dt_id,dt_name,dt_misses_counter,dt_restarts_update_same_size,dt_restarts_structural_change,dt_restarts_read,dt_researchy_0,dt_researchy_1,dt_researchy_2
0,120,1,1,4,6,10,50,0.75,0,0,25,1,1000,0.1,53.0297,22.2189,13.7984,63.9827,8.56143,2.64098,0.147935,12128248,36913,36912,1.00692,0.404721,44407.7,765892,2849246,2.17604,50.9941,484625,44407.7,3475353,0.0780106,2,547390,217258,10966.5,1654,569052,0.396897,2.17604,0.961933,0,latest,5,0,98817630,0,0,0,0
1,120,1,1,4,6,10,50,0.75,0,0,25,1,1000,0.1,53.0297,14.4464,9.71619,75.8374,42.1452,2.27223,0.175102,330200,35874,35875,1.00708,0.890165,1063.99,1716996,72611,100.011,29.1029,4042,1056.58,0,1064,1832523,169014,12496,91.9626,15.396,54955.4,0.0739345,100.011,3.07547,0,latest,68196,2117141,0,765365,0,0,0
2,120,1,1,4,6,10,50,0.75,0,0,25,1,1000,0.1,53.0297,14.3699,12.3872,73.2429,36.7355,1.64124,0.208403,33437,7355,7354,0.850669,0.464988,144.007,2634520,7097,117.56,31.1206,627,144.101,0,157.535,2318621,167921,11308.8,60.334,12.8163,50931.6,0.0673457,117.56,3.297,0,latest,10097,2322538,0,744458,0,0,0
3,120,1,1,4,6,10,50,0.75,0,0,25,1,1000,0.1,53.0297,13.9695,9.33601,76.6945,43.9897,1.55996,0.185232,35459,8395,8396,0.83273,0.299449,131.276,2630256,8038,117.358,27.2391,371,131.105,0,134.662,2352939,166303,10457.4,59.717,12.0338,50070.8,0.0628817,117.358,3.32135,0,latest,8635,1732261,0,683833,0,0,0
4,120,1,1,4,6,10,50,0.75,0,0,25,1,1000,0.1,53.0297,16.0043,8.32091,75.6748,42.6517,2.23759,0.234146,50124,10454,10454,0.909048,0.495201,137.735,2831516,10851,117.893,27.6637,458,137.689,0,130.356,2298562,170840,10701,59.4631,12.0111,51582.1,0.0626374,117.893,3.312,0,latest,8354,1808291,0,740738,0,0,0
5,120,1,1,4,6,10,50,0.75,0,0,25,1,1000,0.1,53.0297,15.7525,8.48456,75.7629,44.4171,1.58343,0.226972,54087,11738,11738,1.00551,0.958301,126.736,2861697,11921,117.782,26.1744,324,126.674,0,117.281,2468844,159164,10529,58.4682,12.2717,47937.3,0.0661516,117.782,3.32025,0,latest,7514,2212212,0,656980,0,0,0
6,120,1,1,4,6,10,50,0.75,0,0,25,1,1000,0.1,53.0297,16.101,9.65026,74.2487,41.2365,1.85991,0.246773,36342,8475,8475,1.00708,0.971676,112.179,2872800,8096,117.759,27.6185,347,112.148,0,112.086,2308250,170227,9710.93,60.4376,11.0398,51238.2,0.057047,117.759,3.32226,0,latest,7184,1229628,0,634890,0,0,0
7,120,1,1,4,6,10,50,0.75,0,0,25,1,1000,0.1,53.0297,18.1684,9.01135,72.8203,40.3294,1.79478,0.28298,41081,8646,8646,1.00692,1.09898,111.976,2642222,8781,117.866,27.0561,407,111.961,0,111.976,2338865,168098,11264,59.1561,13.0701,50613.4,0.0670087,117.866,3.32122,0,latest,7178,2426468,0,773984,0,0,0
8,120,1,1,4,6,10,50,0.75,0,0,25,1,1000,0.1,53.0297,16.4042,9.63508,73.9607,41.2126,1.76909,0.232843,38927,8828,8828,1.00708,1.15484,108.7,2663570,8220,117.907,27.1137,371,108.669,0,108.716,2428485,162030,11363.5,58.9858,13.2224,48757.2,0.070132,117.907,3.3232,0,latest,6967,2697561,0,788961,0,0,0
9,120,1,1,4,6,10,50,0.75,0,0,25,1,1000,0.1,53.0297,14.4824,9.8389,75.6787,41.2379,1.68015,0.234703,32526,7992,7992,1.00708,1.1561,102.319,2886173,7352,118.388,28.925,324,102.287,0,102.303,2425190,162908,11316.5,59.0938,13.0285,49026.4,0.0694654,118.388,3.32287,0,latest,6557,2608252,0,814014,0,0,0
10,120,1,1,4,6,10,50,0.75,0,0,25,1,1000,0.1,53.0297,16.5687,9.44714,73.9842,40.1019,1.909,0.235822,30978,7598,7598,1.00708,1.124,99.9627,2893719,6967,118.326,28.1946,272,99.9315,0,99.9783,2375025,166181,10905.3,58.3194,12.4178,50032.9,0.0656229,118.326,3.32143,0,latest,6408,2220465,0,625070,0,0,0
11,120,1,1,4,6,10,50,0.75,0,0,25,1,1000,0.1,53.0297,16.5331,9.38682,74.0801,40.8714,2.22364,0.37701,37111,8319,8319,1.00692,1.2022,104.597,2879032,7929,118.136,27.6252,305,104.534,0,104.597,2483118,158727,10727.4,58.4736,12.6263,47774.6,0.0675838,118.136,3.32242,0,latest,6704,2474466,0,680037,0,0,0
12,120,1,1,4,6,10,50,0.75,0,0,25,1,1000,0.1,53.0297,21.2249,9.15789,69.6173,36.9665,1.82044,0.227867,35461,8246,8246,1.00708,1.25256,102.459,2654854,7725,118.199,27.4205,320,102.459,0,102.459,2353379,167593,11351.4,59.4439,12.806,50440,0.0677319,118.199,3.32263,0,latest,6567,2382369,0,755932,0,0,0
13,120,1,1,4,6,10,50,0.75,0,0,25,1,1000,0.1,53.0297,16.0445,10.3135,73.642,39.6449,1.68095,0.251514,34536,8107,8107,1.00708,1.25083,101.008,2673885,7286,118.21,28.2136,341,100.977,0,101.008,2414230,163447,11337.1,59.5107,12.9563,49208.3,0.0693623,118.21,3.32153,0,latest,6474,2647862,0,787805,0,0,0
14,120,1,1,4,6,10,50,0.75,0,0,25,1,1000,0.1,53.0297,16.6744,10.0859,73.2397,40.3033,1.51507,0.222396,32019,7979,7979,1.00708,1.19984,104.706,2673961,7107,118.208,27.4222,418,104.69,0,104.706,2258559,174774,11528,61.0242,13.014,52710.6,0.0659597,118.208,3.31573,0,latest,6711,2201487,0,761553,0,0,0
15,120,1,1,4,6,10,50,0.75,0,0,25,1,1000,0.1,53.0297,19.5981,9.4724,70.9295,38.4753,1.59607,0.200117,35548,8466,8466,1.00708,1.16318,109.589,2690408,7588,118.02,27.02,436,109.589,0,109.589,2193417,180074,10066.2,60.4727,11.5513,54210,0.0559002,118.02,3.32179,0,latest,7024,1134028,0,677835,0,0,0
16,120,1,1,4,6,10,50,0.75,0,0,25,1,1000,0.1,53.0297,18.8129,9.65835,71.5288,38.6015,1.95892,0.29065,36675,8765,8765,1.00708,1.17907,109.995,2914734,7955,117.932,27.3961,412,109.995,0,109.995,2303953,171130,10130,58.7667,11.5798,51540.7,0.0591945,117.932,3.3203,0,latest,7050,1453042,0,604482,0,0,0
17,120,1,1,4,6,10,50,0.75,0,0,25,1,1000,0.1,53.0297,15.6944,9.9559,74.3497,38.9817,1.82096,0.263137,36420,8267,8267,1.00708,1.17514,109.761,3036867,7795,117.888,29.915,477,109.745,0,109.761,2393455,164684,10431.9,58.8257,11.9605,49596.9,0.0633448,117.888,3.32046,0,latest,7035,1808430,0,696381,0,0,0
18,120,1,1,4,6,10,50,0.75,0,0,25,1,1000,0.1,53.0297,16.5767,10.0887,73.3346,39.67,1.47449,0.194256,35921,8616,8616,1.00708,1.17089,108.809,2901207,7740,118.1,28.069,383,108.778,0,108.809,2326601,169797,10792.1,59.3723,12.2119,51120.6,0.0635586,118.1,3.3215,0,latest,6974,1881037,0,753794,0,0,0
19,120,1,1,4,6,10,50,0.75,0,0,25,1,1000,0.1,53.0297,14.5412,9.05069,76.4081,43.4253,1.77563,0.21255,35489,8343,8343,1.00708,1.18363,109.62,2857820,7894,118.109,27.6721,459,109.62,0,109.62,2407178,164095,10671.4,58.7884,12.1623,49412.4,0.0650321,118.109,3.32092,0,latest,7026,2065193,0,739364,0,0,0
0,120,1,1,4,6,10,50,0.75,0,0,25,1,5000,0.1,53.0314,22.365,14.3275,63.3075,9.49833,1.91415,0.132278,12002407,36063,36061,1.00692,0.311251,44409.3,921956,2848786,2.05128,49.3663,450198,44409.3,3475463,0.0156021,2,405762,169390,7943.5,1269,375614,0.417463,2.05128,1.08026,0,latest,2,0,98953778,0,0,0,0
1,120,1,1,4,6,10,50,0.75,0,0,25,1,5000,0.1,53.0314,13.9782,9.06683,76.955,39.9033,1.68136,0.16095,239462,22242,22244,1.00708,0.63037,780.308,2065748,52944,102.894,32.3202,3673,776.845,0,780.34,4289472,77101.3,6677.55,51.1444,11.8858,24175.3,0.0866075,102.894,3.18926,0,latest,50014,2343266,0,1161620,0,0,0
2,120,1,1,4,6,10,50,0.75,0,0,25,1,5000,0.1,53.0314,100,0,0,0,0,0,0,0,0,1.00708,0.63037,0,2799887,0,119.911,0,0,0,0,0,4712211,85745.6,6711.47,42.173,11.157,25665.4,0.0782719,119.911,3.34091,0,latest,0,2593387,0,1416180,0,0,0
3,120,1,1,4,6,10,50,0.75,0,0,25,1,5000,0.1,53.0314,100,0,0,0,0,0,0,0,0,1.00708,0.63037,0,2803322,0,119.924,0,0,0,0,0,4708479,85846.1,6723.67,42.2512,11.1475,25676.8,0.0783223,119.924,3.34333,0,latest,0,2586706,0,1440011,0,0,0
4,120,1,1,4,6,10,50,0.75,0,0,25,1,5000,0.1,53.0314,100,0,0,0,0,0,0,0,0,1.00708,0.63037,0,2802501,0,119.907,0,0,0,0,0,4720236,85575.4,6709.78,42.2016,11.1569,25596,0.0784079,119.907,3.34331,0,latest,0,2605554,0,1427632,0,0,0
5,120,1,1,4,6,10,50,0.75,0,0,25,1,5000,0.1,53.0314,20.0435,8.77701,71.1795,37.5207,2.23024,0.294413,35906,7022,7022,1.00692,0.777026,100.54,2678973,7885,117.865,28.4922,381,100.556,0,100.54,4783450,82417.5,6663.79,43.0425,11.2848,24747.1,0.0808541,117.865,3.3304,0,latest,6444,2739563,0,1391941,0,0,0
6,120,1,1,4,6,10,50,0.75,0,0,25,1,5000,0.1,53.0314,72.6835,3.35789,23.9586,15.4293,0.467555,0.198356,684,180,180,1.00708,0.759559,1.09215,2780123,121,119.902,7.01332,1,1.09215,0,1.09215,4412387,91289,7869.54,46.1514,12.63,27364.9,0.0862047,119.902,3.33598,0,latest,70,4044020,0,1655501,0,0,0
7,120,1,1,4,6,10,50,0.75,0,0,25,1,5000,0.1,53.0314,100,0,0,0,0,0,0,0,0,1.00708,0.759559,0,2795362,0,119.927,0,0,0,0,0,4251877,94938.3,7986.72,46.5362,12.6746,28398.4,0.0841253,119.927,3.34309,0,latest,0,3844956,0,1683820,0,0,0
8,120,1,1,4,6,10,50,0.75,0,0,25,1,5000,0.1,53.0314,100,0,0,0,0,0,0,0,0,1.00708,0.759559,0,2797204,0,119.914,0,0,0,0,0,4261022,94755.7,7973.13,46.4043,12.6606,28344.4,0.0841441,119.914,3.34301,0,latest,0,3834949,0,1691578,0,0,0
9,120,1,1,4,6,10,50,0.75,0,0,25,1,5000,0.1,53.0314,100,0,0,0,0,0,0,0,0,1.00708,0.759559,0,2795930,0,119.918,0,0,0,0,0,4268241,94601.6,7970.34,46.5557,12.6676,28300.7,0.0842517,119.918,3.34272,0,latest,0,3847142,0,1686996,0,0,0
10,120,1,1,4,6,10,50,0.75,0,0,25,1,5000,0.1,53.0314,14.5851,9.8151,75.5998,41.2734,1.57086,0.238575,32514,6872,6872,1.00708,0.801888,98.9954,2699122,7248,117.968,28.9592,353,99.0266,0,98.9954,4552886,86671.5,7615.2,46.3431,12.446,26080.2,0.0878628,117.968,3.32326,0,latest,6345,3966385,0,1589047,0,0,0
11,120,1,1,4,6,10,50,0.75,0,0,25,1,5000,0.1,53.0314,95.1186,1.57198,3.30943,1.79261,0.110314,0.0275786,44,9,9,1.00708,0.8,0.0624084,2792469,7,119.901,1.32377,0,0.0624084,0,0.0624084,4547162,88787.3,7223.44,43.8881,11.5988,26563.3,0.0813566,119.901,3.34248,0,latest,4,3096866,0,1552168,0,0,0
12,120,1,1,4,6,10,50,0.75,0,0,25,1,5000,0.1,53.0314,100,0,0,0,0,0,0,0,0,1.00708,0.8,0,2799370,0,119.913,0,0,0,0,0,4536354,89031.6,7240.59,43.8938,11.5982,26625.6,0.081326,119.913,3.34383,0,latest,0,3083465,0,1573434,0,0,0
13,120,1,1,4,6,10,50,0.75,0,0,25,1,5000,0.1,53.0314,100,0,0,0,0,0,0,0,0,1.00708,0.8,0,2800248,0,119.921,0,0,0,0,0,4511722,89490.6,7266.19,43.9554,11.6179,26777.5,0.081195,119.921,3.342,0,latest,0,3086446,0,1576803,0,0,0
14,120,1,1,4,6,10,50,0.75,0,0,25,1,5000,0.1,53.0314,100,0,0,0,0,0,0,0,0,1.00708,0.8,0,2800291,0,119.922,0,0,0,0,0,4528992,89143.5,7236.79,43.8349,11.5839,26684.5,0.0811814,119.922,3.34065,0,latest,0,3068956,0,1573821,0,0,0
15,120,1,1,4,6,10,50,0.75,0,0,25,1,5000,0.1,53.0314,14.5194,9.91442,75.5662,40.4368,1.64961,0.283887,34261,7066,7066,1.00708,0.857592,107.514,2692448,7845,117.738,29.7983,394,107.452,0,107.514,4767363,82647.3,7053.7,44.3002,11.6435,24868.3,0.0853471,117.738,3.3234,0,latest,6891,3350225,0,1474176,0,0,0
16,120,1,1,4,6,10,50,0.75,0,0,25,1,5000,0.1,53.0314,92.7326,2.72809,4.53936,2.16905,0.581395,0.111807,105,28,28,1.00708,0.859481,0.0780106,2781646,24,119.923,2.07961,0,0.0780106,0,0.0780106,4268028,94601,7580.18,44.904,11.9945,28297.3,0.0801279,119.923,3.34312,0,latest,5,3150924,0,1608855,0,0,0
17,120,1,1,4,6,10,50,0.75,0,0,25,1,5000,0.1,53.0314,100,0,0,0,0,0,0,0,0,1.00708,0.859481,0,2791852,0,119.913,0,0,0,0,0,4266697,94607.8,7581.83,44.8632,11.9877,28309.1,0.0801396,119.913,3.34196,0,latest,0,3164960,0,1602323,0,0,0
18,120,1,1,4,6,10,50,0.75,0,0,25,1,5000,0.1,53.0314,100,0,0,0,0,0,0,0,0,1.00708,0.859481,0,2793615,0,119.907,0,0,0,0,0,4270674,94521.2,7586.72,44.8561,11.996,28295,0.0802647,119.907,3.34056,0,latest,0,3168439,0,1621122,0,0,0
19,120,1,1,4,6,10,50,0.75,0,0,25,1,5000,0.1,53.0314,100,0,0,0,0,0,0,0,0,1.00708,0.859481,0,2792623,0,119.917,0,0,0,0,0,4268552,94620.2,7590.6,44.8732,12.0031,28300.3,0.0802218,119.917,3.34343,0,latest,0,3147448,0,1649236,0,0,0
0,120,1,1,4,6,10,50,0.75,0,0,25,1,10000,0.1,53.0314,22.6559,14.2935,63.0506,9.70929,1.97216,0.133795,12044761,36539,36539,1.00692,0.374823,44409.4,887396,2849176,1.93012,48.9173,447966,44409.4,3475467,0.0312042,5,185948,72403.6,3629.8,536.4,154868,0.389375,1.93012,1.20069,0,latest,3,0,97795970,0,0,0,0
1,120,1,1,4,6,10,50,0.75,0,0,25,1,10000,0.1,53.0314,14.8431,10.4953,74.6616,39.8049,2.40912,0.197485,243214,27557,27557,1.00708,0.7369,780.386,1976684,53400,103.649,29.9239,3211,776.174,0,780.402,4049835,82745,6922.06,53.6633,12.1369,25795.6,0.0836553,103.649,3.20772,0,latest,50018,2082293,0,1324512,0,0,0
2,120,1,1,4,6,10,50,0.75,0,0,25,1,10000,0.1,53.0314,100,0,0,0,0,0,0,0,0,1.00708,0.7369,0,2791098,0,119.919,0,0,0,0,0,4700812,85960.9,6553.66,41.8993,11.0029,25707.8,0.0762399,119.919,3.34377,0,latest,0,2127994,0,1598644,0,0,0
3,120,1,1,4,6,10,50,0.75,0,0,25,1,10000,0.1,53.0314,100,0,0,0,0,0,0,0,0,1.00708,0.7369,0,2779205,0,119.912,0,0,0,0,0,4695968,86036.5,6555.94,41.9974,11.0053,25733.9,0.0761995,119.912,3.34331,0,latest,0,2106342,0,1598956,0,0,0
4,120,1,1,4,6,10,50,0.75,0,0,25,1,10000,0.1,53.0314,100,0,0,0,0,0,0,0,0,1.00708,0.7369,0,2788931,0,119.909,0,0,0,0,0,4703947,85896.6,6551.23,41.9313,11.0031,25691.9,0.0762688,119.909,3.34333,0,latest,0,2127518,0,1601000,0,0,0
5,120,1,1,4,6,10,50,0.75,0,0,25,1,10000,0.1,53.0314,100,0,0,0,0,0,0,0,0,1.00708,0.7369,0,2793892,0,119.913,0,0,0,0,0,4708337,85893.2,6546.38,41.9292,10.9898,25680.8,0.0762154,119.913,3.34464,0,latest,0,2107754,0,1616626,0,0,0
6,120,1,1,4,6,10,50,0.75,0,0,25,1,10000,0.1,53.0314,100,0,0,0,0,0,0,0,0,1.00708,0.7369,0,2791417,0,119.905,0,0,0,0,0,4715159,85754,6549.55,42.0137,11.001,25643.2,0.076376,119.905,3.34412,0,latest,0,2142698,0,1581075,0,0,0
7,120,1,1,4,6,10,50,0.75,0,0,25,1,10000,0.1,53.0314,100,0,0,0,0,0,0,0,0,1.00708,0.7369,0,2794612,0,119.907,0,0,0,0,0,4716932,85709.5,6529.83,41.9069,10.9754,25640.5,0.0761856,119.907,3.34274,0,latest,0,2119550,0,1584506,0,0,0
8,120,1,1,4,6,10,50,0.75,0,0,25,1,10000,0.1,53.0314,100,0,0,0,0,0,0,0,0,1.00708,0.7369,0,2790070,0,119.925,0,0,0,0,0,4707200,85902.3,6535.72,41.8513,10.9686,25680.9,0.0760832,119.925,3.34498,0,latest,0,2090027,0,1621103,0,0,0
9,120,1,1,4,6,10,50,0.75,0,0,25,1,10000,0.1,53.0314,100,0,0,0,0,0,0,0,0,1.00708,0.7369,0,2788861,0,119.903,0,0,0,0,0,4697659,86029.2,6558.22,41.9877,10.9963,25745.6,0.0762324,119.903,3.34151,0,latest,0,2109499,0,1607726,0,0,0
10,120,1,1,4,6,10,50,0.75,0,0,25,1,10000,0.1,53.0314,17.2514,12.6892,70.0595,42.1104,2.43706,0.176524,9724,2781,2781,1.00708,0.669552,32.9673,2749284,1959,119.551,22.7407,56,32.9673,0,32.9673,4651957,86548.8,6774.04,43.1586,11.2524,25874.2,0.0782684,119.551,3.34499,0,latest,2113,2479089,0,1553960,0,0,0
11,120,1,1,4,6,10,50,0.75,0,0,25,1,10000,0.1,53.0314,98.3826,0.505433,1.11195,0.480162,0.45489,0.126358,120,22,22,1.00708,0.670496,0.0156021,2778340,22,119.91,0.555977,1,0.0156021,0,0.0156021,4215284,95776.8,8308.87,47.6933,12.7244,28653.1,0.0867524,119.91,3.34264,0,latest,1,4152413,0,1569326,0,0,0
12,120,1,1,4,6,10,50,0.75,0,0,25,1,10000,0.1,53.0314,100,0,0,0,0,0,0,0,0,1.00708,0.670496,0,2782704,0,119.924,0,0,0,0,0,4227596,95540,8287.75,47.6636,12.7097,28569.6,0.0867464,119.924,3.34412,0,latest,0,4120591,0,1601294,0,0,0
13,120,1,1,4,6,10,50,0.75,0,0,25,1,10000,0.1,53.0314,100,0,0,0,0,0,0,0,0,1.00708,0.670496,0,2782416,0,119.917,0,0,0,0,0,4223943,95609.8,8297.95,47.7196,12.7245,28591.6,0.0867898,119.917,3.34399,0,latest,0,4129878,0,1598745,0,0,0
14,120,1,1,4,6,10,50,0.75,0,0,25,1,10000,0.1,53.0314,100,0,0,0,0,0,0,0,0,1.00708,0.670496,0,2777300,0,119.922,0,0,0,0,0,4222032,95629.2,8288.21,47.5754,12.7021,28608.5,0.0866703,119.922,3.34269,0,latest,0,4102058,0,1603464,0,0,0
15,120,1,1,4,6,10,50,0.75,0,0,25,1,10000,0.1,53.0314,100,0,0,0,0,0,0,0,0,1.00708,0.670496,0,2781010,0,119.908,0,0,0,0,0,4206779,95962.9,8317.06,47.7621,12.7337,28697.6,0.0866695,119.908,3.34393,0,latest,0,4121270,0,1594995,0,0,0
16,120,1,1,4,6,10,50,0.75,0,0,25,1,10000,0.1,53.0314,100,0,0,0,0,0,0,0,0,1.00708,0.670496,0,2778971,0,119.916,0,0,0,0,0,4224435,95558.6,8286.41,47.7389,12.7219,28590.9,0.0867154,119.916,3.34228,0,latest,0,4131931,0,1571302,0,0,0
17,120,1,1,4,6,10,50,0.75,0,0,25,1,10000,0.1,53.0314,100,0,0,0,0,0,0,0,0,1.00708,0.670496,0,2779461,0,119.917,0,0,0,0,0,4211336,95852.8,8304.99,47.7508,12.7216,28672,0.0866431,119.917,3.34308,0,latest,0,4122297,0,1574822,0,0,0
18,120,1,1,4,6,10,50,0.75,0,0,25,1,10000,0.1,53.0314,100,0,0,0,0,0,0,0,0,1.00708,0.670496,0,2782130,0,119.916,0,0,0,0,0,4226942,95515.5,8301.55,47.7403,12.739,28578.4,0.0869132,119.916,3.34223,0,latest,0,4150880,0,1591799,0,0,0
19,120,1,1,4,6,10,50,0.75,0,0,25,1,10000,0.1,53.0314,100,0,0,0,0,0,0,0,0,1.00708,0.670496,0,2778514,0,119.916,0,0,0,0,0,4228642,95481.1,8282.78,47.6772,12.7007,28560.4,0.0867479,119.916,3.34313,0,latest,0,4129454,0,1580865,0,0,0
0,120,1,1,4,6,100,50,0.75,0,0,25,1,1000,0.1,53.0318,100,0,0,0,0,0,0,0,0,45.311,0,0,2255873,0,2.59581,0,0,0,3475492,0,353,2667.56,1400.65,64.8669,11.7167,2981.26,0.525068,2.59581,0.894775,0,latest,0,0,687336,0,0,0,0
1,120,1,1,4,6,100,50,0.75,0,0,25,1,1000,0.1,53.0318,100,0,0,0,0,0,0,0,0,45.311,0,0,2776049,0,119.517,0,0,0,0,0,2221739,176173,11129.4,58.9146,12.2593,54176,0.0631732,119.517,3.25187,0,latest,0,2014668,0,691644,0,0,0
2,120,1,1,4,6,100,50,0.75,0,0,25,1,1000,0.1,53.0318,100,0,0,0,0,0,0,0,0,45.311,0,0,2777386,0,119.916,0,0,0,0,0,2076777,194400,11977.9,59.3921,12.3415,58169,0.0616148,119.916,3.34199,0,latest,0,1947195,0,767545,0,0,0
3,120,1,1,4,6,100,50,0.75,0,0,25,1,1000,0.1,53.0318,100,0,0,0,0,0,0,0,0,45.311,0,0,2785729,0,119.925,0,0,0,0,0,2183321,184981,10717.3,58.5249,11.3336,55327.9,0.0579371,119.925,3.34336,0,latest,0,1568893,0,595433,0,0,0
4,120,1,1,4,6,100,50,0.75,0,0,25,1,1000,0.1,53.0318,100,0,0,0,0,0,0,0,0,45.311,0,0,2778560,0,119.906,0,0,0,0,0,2106501,191648,11602.6,58.9104,12.0417,57322.9,0.0605411,119.906,3.3433,0,latest,0,1836963,0,701794,0,0,0
5,120,1,1,4,6,100,50,0.75,0,0,25,1,1000,0.1,53.0318,100,0,0,0,0,0,0,0,0,45.311,0,0,2788530,0,119.921,0,0,0,0,0,2230051,180992,11153,58.3126,12.0038,54111.3,0.0616216,119.921,3.34481,0,latest,0,2020948,0,647478,0,0,0
6,120,1,1,4,6,100,50,0.75,0,0,25,1,1000,0.1,53.0318,100,0,0,0,0,0,0,0,0,45.311,0,0,2786139,0,119.915,0,0,0,0,0,2180168,185130,11567,59.4251,12.4104,55369.7,0.0624803,119.915,3.34352,0,latest,0,2069070,0,767619,0,0,0
7,120,1,1,4,6,100,50,0.75,0,0,25,1,1000,0.1,53.0318,100,0,0,0,0,0,0,0,0,45.311,0,0,2784665,0,119.914,0,0,0,0,0,2183875,184834,11808.4,58.9766,12.38,55276.3,0.0638864,119.914,3.34382,0,latest,0,2211524,0,809492,0,0,0
8,120,1,1,4,6,100,50,0.75,0,0,25,1,1000,0.1,53.0318,100,0,0,0,0,0,0,0,0,45.311,0,0,2789316,0,119.922,0,0,0,0,0,2187541,184514,11925.4,59.2756,12.8182,55199.3,0.0646313,119.922,3.34269,0,latest,0,2364664,0,757432,0,0,0
9,120,1,1,4,6,100,50,0.75,0,0,25,1,1000,0.1,53.0318,100,0,0,0,0,0,0,0,0,45.311,0,0,2780079,0,119.92,0,0,0,0,0,2096443,192566,12247,59.5688,12.9789,57615.1,0.0635987,119.92,3.34229,0,latest,0,2268300,0,796089,0,0,0
10,120,1,1,4,6,100,50,0.75,0,0,25,1,1000,0.1,53.0318,100,0,0,0,0,0,0,0,0,45.311,0,0,2781588,0,119.915,0,0,0,0,0,2148739,187788,11428.3,59.384,12.1297,56149.3,0.0608571,119.915,3.34445,0,latest,0,1822679,0,764498,0,0,0
11,120,1,1,4,6,100,50,0.75,0,0,25,1,1000,0.1,53.0318,100,0,0,0,0,0,0,0,0,45.311,0,0,2769445,0,119.917,0,0,0,0,0,2076775,194446,11052.8,59.845,11.6578,58141.6,0.0568422,119.917,3.34435,0,latest,0,1447347,0,689513,0,0,0
12,120,1,1,4,6,100,50,0.75,0,0,25,1,1000,0.1,53.0318,100,0,0,0,0,0,0,0,0,45.311,0,0,2771089,0,119.914,0,0,0,0,0,2110569,191256,12009.4,59.8008,12.6761,57225.4,0.0627923,119.914,3.34214,0,latest,0,2066299,0,731672,0,0,0
13,120,1,1,4,6,100,50,0.75,0,0,25,1,1000,0.1,53.0318,100,0,0,0,0,0,0,0,0,45.311,0,0,2789912,0,119.907,0,0,0,0,0,2147692,187999,11014.6,59.3823,12.0261,56287.1,0.0585884,119.907,3.34001,0,latest,0,1608168,0,700534,0,0,0
14,120,1,1,4,6,100,50,0.75,0,0,25,1,1000,0.1,53.0318,100,0,0,0,0,0,0,0,0,45.311,0,0,2778133,0,119.91,0,0,0,0,0,2129124,189745,10470.9,58.6855,11.5477,56794.2,0.055184,119.91,3.34092,0,latest,0,1402607,0,483184,0,0,0
15,120,1,1,4,6,100,50,0.75,0,0,25,1,1000,0.1,53.0318,100,0,0,0,0,0,0,0,0,45.311,0,0,2782491,0,119.915,0,0,0,0,0,2049791,197146,10569.8,59.9188,11.2225,58968.6,0.0536143,119.915,3.34324,0,latest,0,1106139,0,668934,0,0,0
16,120,1,1,4,6,100,50,0.75,0,0,25,1,1000,0.1,53.0318,100,0,0,0,0,0,0,0,0,45.311,0,0,2798230,0,119.918,0,0,0,0,0,2154937,187498,10826.7,59.263,11.8322,56040.7,0.0577432,119.918,3.34575,0,latest,0,1571922,0,663380,0,0,0
17,120,1,1,4,6,100,50,0.75,0,0,25,1,1000,0.1,53.0318,100,0,0,0,0,0,0,0,0,45.311,0,0,2784918,0,119.918,0,0,0,0,0,2112171,191128,11968.6,59.3145,12.5923,57203.1,0.0626207,119.918,3.34122,0,latest,0,2109295,0,697859,0,0,0
18,120,1,1,4,6,100,50,0.75,0,0,25,1,1000,0.1,53.0318,100,0,0,0,0,0,0,0,0,45.311,0,0,2777174,0,119.926,0,0,0,0,0,2095987,192660,11441.7,59.5194,12.0875,57635.1,0.0593879,119.926,3.34276,0,latest,0,1653954,0,709809,0,0,0
19,120,1,1,4,6,100,50,0.75,0,0,25,1,1000,0.1,53.0318,100,0,0,0,0,0,0,0,0,45.311,0,0,2781734,0,119.919,0,0,0,0,0,2076881,194376,11866.4,60.0108,12.2496,58158.1,0.0610487,119.919,3.3422,0,latest,0,1840997,0,745525,0,0,0
0,120,1,1,4,6,100,50,0.75,0,0,25,1,5000,0.1,53.0243,100,0,0,0,0,0,0,0,0,45.3187,0,0,2621598,0,1.99655,0,0,0,3475001,0,188,3154.16,1893.95,80.9415,14.4202,3956.73,0.600462,1.99655,0.797162,0,latest,0,0,683183,0,0,0,0
1,120,1,1,4,6,100,50,0.75,0,0,25,1,5000,0.1,53.0243,100,0,0,0,0,0,0,0,0,45.3187,0,0,2755890,0,119.475,0,0,0,0,0,2018129,189285,10155.4,61.1627,11.5082,59695.3,0.0536515,119.475,3.17086,0,latest,0,978072,0,663975,0,0,0
2,120,1,1,4,6,100,50,0.75,0,0,25,1,5000,0.1,53.0243,100,0,0,0,0,0,0,0,0,45.3187,0,0,2771577,0,119.902,0,0,0,0,0,2021745,199837,10542.1,60.988,11.4191,59783.4,0.0527537,119.902,3.34268,0,latest,0,1024832,0,683632,0,0,0
3,120,1,1,4,6,100,50,0.75,0,0,25,1,5000,0.1,53.0243,100,0,0,0,0,0,0,0,0,45.3187,0,0,2776693,0,119.904,0,0,0,0,0,2031762,198965,10515.1,60.9666,11.4225,59519.6,0.052849,119.904,3.34284,0,latest,0,1031589,0,685704,0,0,0
4,120,1,1,4,6,100,50,0.75,0,0,25,1,5000,0.1,53.0243,100,0,0,0,0,0,0,0,0,45.3187,0,0,2775051,0,119.917,0,0,0,0,0,2031769,198991,10512.7,61.0326,11.4471,59509.2,0.0528302,119.917,3.34386,0,latest,0,1032969,0,686943,0,0,0
5,120,1,1,4,6,100,50,0.75,0,0,25,1,5000,0.1,53.0243,100,0,0,0,0,0,0,0,0,45.3187,0,0,2767815,0,119.922,0,0,0,0,0,2046183,197393,10531,60.9037,11.5114,58999.9,0.0533502,119.922,3.34565,0,latest,0,1097790,0,688026,0,0,0
6,120,1,1,4,6,100,50,0.75,0,0,25,1,5000,0.1,53.0243,100,0,0,0,0,0,0,0,0,45.3187,0,0,2776383,0,119.915,0,0,0,0,0,2163855,186537,11750.6,59.9188,12.85,55815.2,0.0629937,119.915,3.34204,0,latest,0,2193997,0,746919,0,0,0
7,120,1,1,4,6,100,50,0.75,0,0,25,1,5000,0.1,53.0243,100,0,0,0,0,0,0,0,0,45.3187,0,0,2782024,0,119.921,0,0,0,0,0,2154280,187388,11803.8,59.8785,12.8379,56080.9,0.0629913,119.921,3.34138,0,latest,0,2200275,0,751467,0,0,0
8,120,1,1,4,6,100,50,0.75,0,0,25,1,5000,0.1,53.0243,100,0,0,0,0,0,0,0,0,45.3187,0,0,2781060,0,119.924,0,0,0,0,0,2155089,187343,11790.2,59.9658,12.8586,56041,0.0629339,119.924,3.34296,0,latest,0,2191537,0,752415,0,0,0
9,120,1,1,4,6,100,50,0.75,0,0,25,1,5000,0.1,53.0243,100,0,0,0,0,0,0,0,0,45.3187,0,0,2780480,0,119.913,0,0,0,0,0,2156168,187192,11775.8,59.9373,12.8431,56003.9,0.0629073,119.913,3.34249,0,latest,0,2182015,0,756426,0,0,0
10,120,1,1,4,6,100,50,0.75,0,0,25,1,5000,0.1,53.0243,100,0,0,0,0,0,0,0,0,45.3187,0,0,2779476,0,119.917,0,0,0,0,0,2153496,187437,11819.1,59.845,12.8539,56044.6,0.0630563,119.917,3.34443,0,latest,0,2199590,0,749120,0,0,0
11,120,1,1,4,6,100,50,0.75,0,0,25,1,5000,0.1,53.0243,100,0,0,0,0,0,0,0,0,45.3187,0,0,2779214,0,119.912,0,0,0,0,0,2109145,191301,12325,59.8583,13.0152,57229,0.0644275,119.912,3.34272,0,latest,0,2337921,0,719804,0,0,0
12,120,1,1,4,6,100,50,0.75,0,0,25,1,5000,0.1,53.0243,100,0,0,0,0,0,0,0,0,45.3187,0,0,2787518,0,119.892,0,0,0,0,0,2108324,191338,12302.1,59.6727,12.9682,57248.7,0.0642948,119.892,3.34223,0,latest,0,2328077,0,707770,0,0,0
13,120,1,1,4,6,100,50,0.75,0,0,25,1,5000,0.1,53.0243,100,0,0,0,0,0,0,0,0,45.3187,0,0,2789407,0,119.914,0,0,0,0,0,2099818,192189,12338.7,59.692,12.9427,57497.9,0.064201,119.914,3.34253,0,latest,0,2295701,0,738876,0,0,0
14,120,1,1,4,6,100,50,0.75,0,0,25,1,5000,0.1,53.0243,100,0,0,0,0,0,0,0,0,45.3187,0,0,2811883,0,120.883,0,0,0,0,0,2119703,191915,12331,59.7585,12.9732,57427.3,0.0642521,120.883,3.34188,0,latest,0,2337710,0,727102,0,0,0
15,120,1,1,4,6,100,50,0.75,0,0,25,1,5000,0.1,53.0243,100,0,0,0,0,0,0,0,0,45.3187,0,0,2789441,0,119.918,0,0,0,0,0,2103408,191869,12304.4,60.0804,12.9654,57371.1,0.0641294,119.918,3.34435,0,latest,0,2295560,0,743753,0,0,0
16,120,1,1,4,6,100,50,0.75,0,0,25,1,5000,0.1,53.0243,100,0,0,0,0,0,0,0,0,45.3187,0,0,2779573,0,119.911,0,0,0,0,0,2075857,194352,12399.2,61.386,12.9803,58167.9,0.0637978,119.911,3.34122,0,latest,0,2242475,0,799042,0,0,0
17,120,1,1,4,6,100,50,0.75,0,0,25,1,5000,0.1,53.0243,100,0,0,0,0,0,0,0,0,45.3187,0,0,2788786,0,119.922,0,0,0,0,0,2072803,194721,12425.8,61.2743,12.9743,58254.8,0.0638135,119.922,3.34257,0,latest,0,2249018,0,809464,0,0,0
18,120,1,1,4,6,100,50,0.75,0,0,25,1,5000,0.1,53.0243,100,0,0,0,0,0,0,0,0,45.3187,0,0,2786945,0,119.922,0,0,0,0,0,2087186,192777,12373.1,61.199,13.0068,57841.3,0.0641838,119.922,3.33286,0,latest,0,2282246,0,807175,0,0,0
19,120,1,1,4,6,100,50,0.75,0,0,25,1,5000,0.1,53.0243,100,0,0,0,0,0,0,0,0,45.3187,0,0,2788851,0,119.926,0,0,0,0,0,2071032,194502,12413.5,61.2619,12.9719,58308.5,0.063822,119.926,3.33573,0,latest,0,2237710,0,806431,0,0,0
0,120,1,1,4,6,100,50,0.75,0,0,25,1,10000,0.1,53.0285,100,0,0,0,0,0,0,0,0,45.3144,0,0,1223332,0,2.1206,0,0,0,3475273,0,234,3281.65,1663.82,73.7479,13.2906,3252.21,0.507007,2.1206,1.00905,0,latest,0,0,621255,0,0,0,0
1,120,1,1,4,6,100,50,0.75,0,0,25,1,10000,0.1,53.0285,100,0,0,0,0,0,0,0,0,45.3144,0,0,2767739,0,119.537,0,0,0,0,0,1923623,203392,10735.2,62.4053,11.6005,62628.1,0.0527805,119.537,3.24762,0,latest,0,956256,0,649563,0,0,0
2,120,1,1,4,6,100,50,0.75,0,0,25,1,10000,0.1,53.0285,100,0,0,0,0,0,0,0,0,45.3144,0,0,2785521,0,119.929,0,0,0,0,0,1927937,209595,10933.5,62.0788,11.4848,62709.3,0.0521649,119.929,3.34233,0,latest,0,968922,0,657347,0,0,0
3,120,1,1,4,6,100,50,0.75,0,0,25,1,10000,0.1,53.0285,100,0,0,0,0,0,0,0,0,45.3144,0,0,2779600,0,119.927,0,0,0,0,0,1925946,209753,10952,62.1637,11.5059,62753.1,0.0522138,119.927,3.3425,0,latest,0,975317,0,648911,0,0,0
4,120,1,1,4,6,100,50,0.75,0,0,25,1,10000,0.1,53.0285,100,0,0,0,0,0,0,0,0,45.3144,0,0,2793261,0,119.918,0,0,0,0,0,1932472,209205,10912.5,61.9719,11.4838,62578.1,0.0521619,119.918,3.3431,0,latest,0,982709,0,648208,0,0,0
5,120,1,1,4,6,100,50,0.75,0,0,25,1,10000,0.1,53.0285,100,0,0,0,0,0,0,0,0,45.3144,0,0,2792064,0,119.914,0,0,0,0,0,1934408,208863,10896.3,61.974,11.4799,62473.9,0.0521696,119.914,3.34321,0,latest,0,971341,0,657304,0,0,0
6,120,1,1,4,6,100,50,0.75,0,0,25,1,10000,0.1,53.0285,100,0,0,0,0,0,0,0,0,45.3144,0,0,2791410,0,119.922,0,0,0,0,0,1931464,209245,10923.5,62.1239,11.5189,62629.6,0.0522045,119.922,3.34099,0,latest,0,977253,0,658226,0,0,0
7,120,1,1,4,6,100,50,0.75,0,0,25,1,10000,0.1,53.0285,100,0,0,0,0,0,0,0,0,45.3144,0,0,2789879,0,119.925,0,0,0,0,0,1925208,210029,10992.6,62.055,11.516,62784.5,0.0523387,119.925,3.34524,0,latest,0,982005,0,664882,0,0,0
8,120,1,1,4,6,100,50,0.75,0,0,25,1,10000,0.1,53.0285,100,0,0,0,0,0,0,0,0,45.3144,0,0,2792190,0,119.926,0,0,0,0,0,1912826,211286,11001.7,62.12,11.5042,63221.5,0.0520698,119.926,3.34201,0,latest,0,954311,0,659302,0,0,0
9,120,1,1,4,6,100,50,0.75,0,0,25,1,10000,0.1,53.0285,100,0,0,0,0,0,0,0,0,45.3144,0,0,2789567,0,119.916,0,0,0,0,0,1935022,208889,10911.8,61.9542,11.4792,62504.1,0.0522376,119.916,3.342,0,latest,0,990338,0,645934,0,0,0
10,120,1,1,4,6,100,50,0.75,0,0,25,1,10000,0.1,53.0285,100,0,0,0,0,0,0,0,0,45.3144,0,0,2789595,0,119.916,0,0,0,0,0,1961190,206017,11022.5,61.7701,11.692,61555.8,0.0535027,119.916,3.34683,0,latest,0,1141854,0,642185,0,0,0
11,120,1,1,4,6,100,50,0.75,0,0,25,1,10000,0.1,53.0285,100,0,0,0,0,0,0,0,0,45.3144,0,0,2790106,0,119.922,0,0,0,0,0,2111575,191166,11821.7,60.2304,12.8108,57198.6,0.0618401,119.922,3.34214,0,latest,0,2095565,0,617305,0,0,0
12,120,1,1,4,6,100,50,0.75,0,0,25,1,10000,0.1,53.0285,100,0,0,0,0,0,0,0,0,45.3144,0,0,2789299,0,119.923,0,0,0,0,0,2101461,192073,11859.7,60.3016,12.7966,57465.5,0.0617457,119.923,3.34241,0,latest,0,2079073,0,614999,0,0,0
13,120,1,1,4,6,100,50,0.75,0,0,25,1,10000,0.1,53.0285,100,0,0,0,0,0,0,0,0,45.3144,0,0,2793291,0,119.921,0,0,0,0,0,2109016,191367,11832.3,60.1172,12.7694,57259.3,0.0618306,119.921,3.34211,0,latest,0,2091093,0,625269,0,0,0
14,120,1,1,4,6,100,50,0.75,0,0,25,1,10000,0.1,53.0285,100,0,0,0,0,0,0,0,0,45.3144,0,0,2786978,0,119.913,0,0,0,0,0,2108322,191412,11836.4,60.2498,12.8051,57269.8,0.0618372,119.913,3.3423,0,latest,0,2094267,0,624483,0,0,0
15,120,1,1,4,6,100,50,0.75,0,0,25,1,10000,0.1,53.0285,100,0,0,0,0,0,0,0,0,45.3144,0,0,2793886,0,119.921,0,0,0,0,0,2117311,190612,11796.3,60.1785,12.7783,57049.7,0.0618867,119.921,3.34115,0,latest,0,2086616,0,625917,0,0,0
16,120,1,1,4,6,100,50,0.75,0,0,25,1,10000,0.1,53.0285,100,0,0,0,0,0,0,0,0,45.3144,0,0,2827368,0,119.911,0,0,0,0,0,2146158,188466,11675.9,59.4658,12.6296,56244,0.0619524,119.911,3.35087,0,latest,0,2136303,0,624961,0,0,0
17,120,1,1,4,6,100,50,0.75,0,0,25,1,10000,0.1,53.0285,100,0,0,0,0,0,0,0,0,45.3144,0,0,2789803,0,119.921,0,0,0,0,0,2109603,191273,11816.9,60.2571,12.7729,57192.2,0.06178,119.921,3.3444,0,latest,0,2072008,0,627314,0,0,0
18,120,1,1,4,6,100,50,0.75,0,0,25,1,10000,0.1,53.0285,100,0,0,0,0,0,0,0,0,45.3144,0,0,2789373,0,119.911,0,0,0,0,0,2104570,191705,11864.6,60.2607,12.8179,57362.4,0.0618896,119.911,3.342,0,latest,0,2100267,0,626385,0,0,0
19,120,1,1,4,6,100,50,0.75,0,0,25,1,10000,0.1,53.0285,100,0,0,0,0,0,0,0,0,45.3144,0,0,2786626,0,119.917,0,0,0,0,0,2100194,192138,11879.1,60.2821,12.8146,57483.9,0.0618258,119.917,3.34246,0,latest,0,2088917,0,617341,0,0,0
0,120,1,1,4,6,10,50,0.75,0,1,25,1,1000,0.1,53.0185,22.7755,14.3383,62.8862,9.48941,2.08441,0.138529,11918217,36554,36553,1.00692,0.400787,44396.2,542315,2848467,1.43925,48.7099,456105,44396.2,3474622,0.0156021,0,inf,inf,inf,inf,inf,0.279194,1.43925,1.32539,0,latest,1,0,97650860,0,0,0,0
1,120,1,1,4,6,10,50,0.75,0,1,25,1,1000,0.1,53.0185,13.3276,9.29403,77.3784,41.2404,1.80622,0.14161,331513,34860,34861,1.00708,0.845948,1126.24,1686586,76227,99.1479,31.455,5516,1119,0,1126.25,1826062,170545,11160.6,92.7042,14.4205,54757.3,0.0654407,99.1479,3.11455,0,latest,72186,1443764,0,682923,0,4,0
2,120,1,1,4,6,10,50,0.75,0,1,25,1,1000,0.1,53.0185,11.9302,11.6964,76.3734,41.1178,1.23679,0.154215,32668,8379,8378,0.827537,0.451928,145.521,2629392,7356,117.793,29.9163,516,145.443,0,160.873,2128139,184546,10721.3,61.8952,11.637,55574.4,0.0580955,117.793,3.32071,0,latest,10312,1371664,0,635367,0,4,0
3,120,1,1,4,6,10,50,0.75,0,1,25,1,1000,0.1,53.0185,12.5295,10.2145,77.256,42.6952,1.51236,0.188539,37004,8020,8020,0.82974,0.239339,140.871,2627483,8305,117.558,29.1371,435,140.871,0,141.901,2179752,179620,10839.4,61.2617,12.0499,54187.1,0.0603462,117.558,3.31481,0,latest,9099,1612747,0,641155,0,4,0
4,120,1,1,4,6,10,50,0.75,0,1,25,1,1000,0.1,53.0185,13.5974,8.32768,78.0749,46.4629,1.85307,0.213679,43980,9375,9376,0.894886,0.373721,132.446,2612360,9995,117.894,26.8531,306,132.446,0,126.892,2293022,170775,10553.2,61.6235,12.0934,51740.6,0.0617959,117.894,3.30061,0,latest,8130,1870244,0,608357,0,6,0
5,120,1,1,4,6,10,50,0.75,0,1,25,1,1000,0.1,53.0185,15.9745,8.89111,75.1344,42.3701,1.96425,0.257059,48002,10121,10121,0.992132,0.67978,130.933,2622502,10958,117.992,27.6378,372,130.902,0,121.478,1917794,205264,12476.3,68.7219,13.594,61861.7,0.0607819,117.992,3.31811,0,latest,7784,1188090,0,1737824,0,4,0
6,120,1,1,4,6,10,50,0.75,0,1,25,1,1000,0.1,53.0185,16.1322,9.47027,74.3976,41.0429,1.68809,0.273148,43331,9799,9799,1.00708,0.893155,117.531,2644250,9688,117.924,28.1083,324,117.515,0,116.158,2205013,178397,9925.32,60.3785,11.2243,53709.9,0.0556363,117.924,3.32148,0,latest,7445,1265876,0,498940,0,4,0
7,120,1,1,4,6,10,50,0.75,0,1,25,1,1000,0.1,53.0185,14.6665,9.08279,76.2507,42.1324,1.87323,0.256992,38169,8643,8643,1.00708,0.967427,112.335,2646782,8367,117.589,28.7388,322,112.32,0,112.335,2223093,176260,11597.9,61.2023,13.1601,53119,0.0657998,117.589,3.3182,0,latest,7200,2320718,0,738699,0,8,0
8,120,1,1,4,6,10,50,0.75,0,1,25,1,1000,0.1,53.0185,14.2011,9.92926,75.8696,41.5375,1.56217,0.21369,34360,8184,8184,1.00708,0.95893,110.697,2658404,7806,118.098,28.8456,394,110.697,0,110.697,2249326,175023,11684.1,61.2026,13.3706,52722.8,0.0667574,118.098,3.31968,0,latest,7095,2543099,0,727856,0,5,0
9,120,1,1,4,6,10,50,0.75,0,1,25,1,1000,0.1,53.0185,13.0911,9.57253,77.3364,44.5045,1.40634,0.150138,34767,8675,8675,1.00708,0.986467,110.635,2656243,7925,118.322,27.2749,361,110.603,0,110.635,2205022,179080,11714.2,61.7578,13.2862,53935.6,0.0654132,118.322,3.32025,0,latest,7091,2347844,0,722226,0,6,0
10,120,1,1,4,6,10,50,0.75,0,1,25,1,1000,0.1,53.0185,15.5817,9.75727,74.6611,42.6149,1.20467,0.166017,37288,9151,9151,1.00708,1.09268,110.65,2653500,8576,118.154,26.7156,234,110.635,0,110.65,2099896,187723,10269.3,62.4702,11.5096,56505.6,0.0547047,118.154,3.3222,0,latest,7092,1203895,0,654870,0,4,0
11,120,1,1,4,6,10,50,0.75,0,1,25,1,1000,0.1,53.0185,14.772,10.0265,75.2015,40.5541,1.62515,0.230371,34528,8603,8603,1.00708,1.1251,110.167,2657135,8060,118.022,29.0638,481,110.12,0,110.167,2293543,171625,11095.7,62.3337,12.6459,51675.5,0.064651,118.022,3.3212,0,latest,7061,2319278,0,615795,0,4,0
12,120,1,1,4,6,10,50,0.75,0,1,25,1,1000,0.1,53.0185,15.7716,9.95448,74.2739,40.3177,1.69206,0.239228,37614,9162,9162,1.00708,1.25869,106.906,2649124,8511,118.193,28.5315,417,106.874,0,106.906,2294703,171856,11158.8,61.2158,12.6401,51739.2,0.064931,118.193,3.32158,0,latest,6852,2247315,0,721628,0,7,0
13,120,1,1,4,6,10,50,0.75,0,1,25,1,1000,0.1,53.0185,15.8677,9.88626,74.2461,41.9583,1.47821,0.229619,34405,9265,9265,1.00708,1.32526,99.9315,2666696,7676,118.568,26.6358,307,99.9159,0,99.9315,2271659,174534,10799.7,60.5728,12.1604,52501.9,0.0618773,118.568,3.32433,0,latest,6405,1920826,0,684893,0,5,0
14,120,1,1,4,6,10,50,0.75,0,1,25,1,1000,0.1,53.0185,15.6994,10.0154,74.2851,39.8427,1.33708,0.227528,35826,8851,8851,1.00708,1.39528,102.443,2676387,7848,118.208,28.7331,467,102.428,0,102.443,2294293,172198,11548.2,61.0959,13.3031,51842.5,0.0670632,118.208,3.32157,0,latest,6566,2522395,0,752443,0,6,0
15,120,1,1,4,6,10,50,0.75,0,1,25,1,1000,0.1,53.0185,14.8026,9.57627,75.6211,41.1214,1.29062,0.202153,35293,9076,9076,1.00708,1.42927,108.918,2673740,7922,118.021,28.7433,522,108.903,0,108.918,2178244,181145,11293.2,62.6199,12.7466,54606.9,0.0623434,118.021,3.31725,0,latest,6981,1854000,0,833234,0,2,0
16,120,1,1,4,6,10,50,0.75,0,1,25,1,1000,0.1,53.0185,15.946,9.7489,74.3051,40.1569,1.68989,0.22285,32534,8514,8514,1.00708,1.32337,109.776,2702602,7225,118.137,28.4175,409,109.792,0,109.776,1980114,199843,11466.2,66.6693,12.9503,60070.5,0.0573758,118.137,3.32681,0,latest,7036,1176262,0,1425594,0,3,0
17,120,1,1,4,6,10,50,0.75,0,1,25,1,1000,0.1,53.0185,20.1586,9.45354,70.3879,37.8398,1.82071,0.256525,33821,8394,8394,1.00708,1.28969,108.856,2661731,7565,117.963,27.1214,395,108.809,0,108.856,2304697,171096,11327.6,60.1674,12.8326,51528.8,0.0662062,117.963,3.3204,0,latest,6977,2389672,0,736565,0,7,0
18,120,1,1,4,6,10,50,0.75,0,1,25,1,1000,0.1,53.0185,14.3556,9.67158,75.9728,41.7436,1.51143,0.201005,33128,8513,8513,1.00708,1.25319,108.31,2675574,7476,118.165,28.404,410,108.294,0,108.31,2300933,171607,11376.7,60.37,12.5352,51723.7,0.0662949,118.165,3.31776,0,latest,6942,2366334,0,706677,0,3,0
19,120,1,1,4,6,10,50,0.75,0,1,25,1,1000,0.1,53.0185,14.5793,10.3099,75.1108,41.2466,1.66085,0.235815,31142,7987,7987,1.00708,1.17954,109.808,2676112,7221,117.943,28.3168,484,109.776,0,109.808,2180233,180879,10878.9,61.9356,11.9635,54547.9,0.0601447,117.943,3.31597,0,latest,7038,1672270,0,678253,0,8,0
0,120,1,1,4,6,10,50,0.75,0,1,25,1,5000,0.1,53.0307,22.6951,14.4711,62.8339,9.94746,1.91324,0.135693,12025914,37114,37114,1.00692,0.409127,44408.6,915072,2849327,1.60539,48.4167,451500,44408.6,3475418,0,0,inf,inf,inf,inf,inf,0.346926,1.60539,1.74014,0,latest,0,0,97839405,0,0,0,0
1,120,1,1,4,6,10,50,0.75,0,1,25,1,5000,0.1,53.0307,14.1771,10.7044,75.1185,44.2084,2.21779,0.166357,343945,41917,41917,1.00708,1.02156,1122.48,1500389,77329,102.756,25.9772,2737,1115.27,1,1122.49,2786797,117294,9780.41,77.2821,16.0041,37161.4,0.0833834,102.756,3.15635,0,latest,71945,1796181,0,2444356,1,3,0
2,120,1,1,4,6,10,50,0.75,0,1,25,1,5000,0.1,53.0307,100,0,0,0,0,0,0,0,0,1.00708,1.0214,0,2798961,0,119.907,0,0,0,0,0,3772445,107132,7510.63,49.3266,12.3191,32070.6,0.0701061,119.907,3.34052,0,latest,0,850782,0,3567812,0,2,0
3,120,1,1,4,6,10,50,0.75,0,1,25,1,5000,0.1,53.0307,100,0,0,0,0,0,0,0,0,1.00708,1.0214,0,2798614,0,119.928,0,0,0,0,0,3751061,107809,7550.6,49.3548,12.3432,32234.3,0.0700365,119.928,3.34455,0,latest,0,876489,0,3543337,0,6,0
4,120,1,1,4,6,10,50,0.75,0,1,25,1,5000,0.1,53.0307,100,0,0,0,0,0,0,0,0,1.00708,1.0214,0,2799865,0,119.915,0,0,0,0,0,3740040,108115,7533.83,49.192,12.3171,32334.3,0.0696832,119.915,3.34368,0,latest,0,857973,0,3527167,0,10,0
5,120,1,1,4,6,10,50,0.75,0,1,25,1,5000,0.1,53.0307,13.2621,9.45358,77.2843,42.8235,1.38497,0.192301,32090,7042,7042,1.00708,0.979386,109.215,2679768,7201,117.827,29.1259,475,109.168,0,109.215,3810565,103608,7389.45,50.2607,12.2936,31091.6,0.0713212,117.827,3.33235,0,latest,7000,830377,0,3495760,0,7,0
6,120,1,1,4,6,10,50,0.75,0,1,25,1,5000,0.1,53.0307,74.3104,3.80418,21.8854,14.1255,1.0003,0.697181,1522,380,380,1.00708,0.991188,0.858116,2808981,342,119.911,6.41103,0,0.858116,0,0.858116,3809263,105924,7508.08,49.451,12.1394,31778.2,0.0708817,119.911,3.33323,0,latest,55,883290,0,3677875,0,6,0
7,120,1,1,4,6,10,50,0.75,0,1,25,1,5000,0.1,53.0307,100,0,0,0,0,0,0,0,0,1.00708,0.991188,0,2800862,0,119.92,0,0,0,0,0,3713725,108955,7634.7,50.1135,12.2972,32571.2,0.0700718,119.92,3.34514,0,latest,0,857848,0,3632871,0,1,0
8,120,1,1,4,6,10,50,0.75,0,1,25,1,5000,0.1,53.0307,100,0,0,0,0,0,0,0,0,1.00708,0.991188,0,2805904,0,119.923,0,0,0,0,0,3708528,109154,7645.76,49.9009,12.2902,32650.7,0.0700458,119.923,3.34307,0,latest,0,882362,0,3599112,0,2,0
9,120,1,1,4,6,10,50,0.75,0,1,25,1,5000,0.1,53.0307,92.2943,1.07232,6.63342,1.47132,0,0,0,1,1,1.00708,0.991031,0.0156021,2802117,0,119.906,4.78803,2,0.0156021,1,0,3698835,109342,7642.05,50.0538,12.2837,32698.8,0.0698911,119.906,3.34392,0,latest,0,871939,0,3588386,1,6,0
10,120,1,1,4,6,10,50,0.75,0,1,25,1,5000,0.1,53.0307,19.4114,9.02953,71.5591,38.3828,1.42442,0.225707,39557,8681,8681,1.00708,1.11928,108.669,2683531,8563,117.81,27.9162,379,108.638,0,108.669,3789021,104207,7786.07,51.2958,12.5609,31315.2,0.0747174,117.81,3.32767,0,latest,6965,1063420,0,3757861,0,11,0
11,120,1,1,4,6,10,50,0.75,0,1,25,1,5000,0.1,53.0307,81.3419,7.26305,11.3951,5.7934,0.681576,0.447284,158,44,44,1.00708,1.11676,0.234032,2789400,33,119.907,4.57934,3,0.234032,0,0.234032,3258981,123921,9928.91,54.9682,14.5153,37070.4,0.080123,119.907,3.34285,0,latest,15,1481596,0,4650302,0,9,0
12,120,1,1,4,6,10,50,0.75,0,1,25,1,5000,0.1,53.0307,95.7337,0.77101,3.49525,0.822411,0,0,0,1,1,1.00708,1.1166,0.0156021,2796400,0,119.916,2.49293,1,0.0156021,1,0,3299463,122400,9803.11,54.5601,14.3745,36637.9,0.0800905,119.916,3.34082,0,latest,0,1484005,0,4619988,1,6,0
13,120,1,1,4,6,10,50,0.75,0,1,25,1,5000,0.1,53.0307,100,0,0,0,0,0,0,0,0,1.00708,1.1166,0,2800948,0,119.92,0,0,0,0,0,3766412,107334,8102.71,49.4819,12.693,32097.3,0.0754908,119.92,3.34401,0,latest,0,1031565,0,4056153,0,9,0
14,120,1,1,4,6,10,50,0.75,0,1,25,1,5000,0.1,53.0307,100,0,0,0,0,0,0,0,0,1.00708,1.1166,0,2799531,0,119.907,0,0,0,0,0,3776112,107002,8085.86,49.5664,12.655,32020.7,0.0755674,119.907,3.34165,0,latest,0,1024785,0,4063058,0,3,0
15,120,1,1,4,6,10,50,0.75,0,1,25,1,5000,0.1,53.0307,14.495,9.76314,75.7419,39.4665,1.91333,0.299466,33619,7728,7728,1.00708,1.06861,109.979,2689403,7490,117.822,30.5137,456,109.917,0,109.979,3800965,103776,8340.92,51.3888,13.0505,31233.3,0.0803743,117.822,3.32261,0,latest,7049,1281421,0,4207188,0,6,0
16,120,1,1,4,6,10,50,0.75,0,1,25,1,5000,0.1,53.0307,96.6214,1.11732,2.26124,1.46316,0,0,0,2,2,1.00708,1.06625,0.0312042,2787852,0,119.923,0.66507,0,0.0312042,0,0.0312042,3257860,123989,10237.2,55.4938,14.6776,37080.7,0.0825658,119.923,3.34376,0,latest,2,1692536,0,4740470,0,7,0
17,120,1,1,4,6,10,50,0.75,0,1,25,1,5000,0.1,53.0307,100,0,0,0,0,0,0,0,0,1.00708,1.06625,0,2796448,0,119.95,0,0,0,0,0,3269567,123591,10201.5,55.3322,14.6283,36974.3,0.0825421,119.95,3.34263,0,latest,0,1694245,0,4729084,0,11,0
18,120,1,1,4,6,10,50,0.75,0,1,25,1,5000,0.1,53.0307,100,0,0,0,0,0,0,0,0,1.00708,1.06625,0,2794855,0,119.924,0,0,0,0,0,3264205,123747,10200.3,55.4731,14.6175,37012.5,0.0824286,119.924,3.34338,0,latest,0,1682028,0,4725631,0,6,0
19,120,1,1,4,6,10,50,0.75,0,1,25,1,5000,0.1,53.0307,100,0,0,0,0,0,0,0,0,1.00708,1.06625,0,2793181,0,119.912,0,0,0,0,0,3244275,124473,10224.5,55.4987,14.6324,37233.2,0.082142,119.912,3.34306,0,latest,0,1672365,0,4698418,0,5,0
0,120,1,1,4,6,10,50,0.75,0,1,25,1,10000,0.1,53.0279,22.088,14.4246,63.4874,9.94132,2.01577,0.136844,12210452,36279,36277,1.00692,0.277577,44405.8,958849,2848348,1.7887,49.1027,449774,44405.8,3475237,0.0624084,1,888897,314658,15574,2400,731191,0.353987,1.7887,1.21568,0,latest,4,0,96684271,0,0,0,0
1,120,1,1,4,6,10,50,0.75,0,1,25,1,10000,0.1,53.0279,13.9569,10.1345,75.9086,46.7335,2.25669,0.161024,312399,44858,44860,1.00708,0.907789,925.424,1715583,64802,103.838,24.7644,2524,919.729,0,925.439,1828143,181824,12460.6,86.9054,15.3286,57237.2,0.0685312,103.838,3.17668,0,latest,59315,1887899,0,775726,0,3,0
2,120,1,1,4,6,10,50,0.75,0,1,25,1,10000,0.1,53.0279,87.9183,4.63429,7.44744,4.33817,0.155463,0.0222091,104,46,46,1.00708,0.90181,0.468063,2792986,20,119.914,2.57625,3,0.468063,1,0.452461,2096819,192361,10722.4,60.0472,11.4779,57638.8,0.0557413,119.914,3.33735,0,latest,29,1268299,0,636343,1,4,0
3,120,1,1,4,6,10,50,0.75,0,1,25,1,10000,0.1,53.0279,100,0,0,0,0,0,0,0,0,1.00708,0.90181,0,2787335,0,119.915,0,0,0,0,0,2082490,193948,10791.8,60.2271,11.4887,58011.4,0.0556429,119.915,3.34328,0,latest,0,1254678,0,653311,0,3,0
4,120,1,1,4,6,10,50,0.75,0,1,25,1,10000,0.1,53.0279,100,0,0,0,0,0,0,0,0,1.00708,0.90181,0,2800292,0,119.921,0,0,0,0,0,2082454,194319,10793.7,60.2484,11.459,58149.2,0.0555466,119.921,3.34172,0,latest,0,1244690,0,657345,0,3,0
5,120,1,1,4,6,10,50,0.75,0,1,25,1,10000,0.1,53.0279,100,0,0,0,0,0,0,0,0,1.00708,0.90181,0,2820698,0,119.916,0,0,0,0,0,2118037,191828,10705.3,59.9889,11.4896,57585.8,0.0558068,119.916,3.33116,0,latest,0,1282692,0,664422,0,5,0
6,120,1,1,4,6,10,50,0.75,0,1,25,1,10000,0.1,53.0279,100,0,0,0,0,0,0,0,0,1.00708,0.90181,0,2789827,0,119.92,0,0,0,0,0,2084556,193758,10794.5,60.3606,11.5219,57949.7,0.0557115,119.92,3.34355,0,latest,0,1254953,0,657360,0,7,0
7,120,1,1,4,6,10,50,0.75,0,1,25,1,10000,0.1,53.0279,100,0,0,0,0,0,0,0,0,1.00708,0.90181,0,2791500,0,119.918,0,0,0,0,0,2087162,193488,10760.1,60.2262,11.4664,57870,0.0556114,119.918,3.34349,0,latest,0,1241974,0,652195,0,2,0
8,120,1,1,4,6,10,50,0.75,0,1,25,1,10000,0.1,53.0279,96.978,0.441523,2.58046,0.578885,0,0,0,1,1,1.00708,0.901652,0.0156021,2785933,0,119.917,1.8544,2,0.0156021,1,0,2096988,192595,10759.8,60.3324,11.5074,57603.2,0.0558677,119.917,3.34348,0,latest,0,1262513,0,668534,1,0,0
9,120,1,1,4,6,10,50,0.75,0,1,25,1,10000,0.1,53.028,97.8001,0.405007,1.79492,0.386598,0,0,0,1,1,1.00708,0.901495,0.0156021,2792416,0,119.911,1.29786,2,0.0156021,1,0,2101160,192219,10701.5,60.259,11.4586,57501.5,0.0556735,119.911,3.34286,0,latest,0,1243903,0,659624,1,1,0
10,120,1,1,4,6,10,50,0.75,0,1,25,1,10000,0.1,53.028,19.5259,10.8572,69.6169,44.3696,2.50179,0.278409,26323,7358,7358,1.00692,0.960976,67.1359,2711832,5192,119.274,20.3269,86,67.1047,0,67.1359,2062772,194859,11120.6,62.6275,11.9845,58396.3,0.0570701,119.274,3.33684,0,latest,4303,1296745,0,797356,0,2,0
11,120,1,1,4,6,10,50,0.75,0,1,25,1,10000,0.1,53.028,88.0314,4.67052,7.29812,4.1959,1.25189,0.309534,1253,275,275,1.00708,0.970574,0.483665,2830194,259,119.914,2.60696,0,0.483665,1,0.468063,1871188,216793,12278.9,63.8482,12.5733,64591.1,0.0566389,119.914,3.35639,0,latest,30,994256,0,1364397,1,2,0
12,120,1,1,4,6,10,50,0.75,0,1,25,1,10000,0.1,53.028,100,0,0,0,0,0,0,0,0,1.00708,0.970574,0,2791627,0,119.918,0,0,0,0,0,1845207,218942,12244.9,64.453,12.6097,65499.8,0.0559273,119.918,3.34264,0,latest,0,901271,0,1311995,0,0,0
13,120,1,1,4,6,10,50,0.75,0,1,25,1,10000,0.1,53.028,97.9692,0.33419,1.69666,0.454156,0,0,0,1,1,1.00708,0.970417,0.0156021,2793758,0,119.922,1.16538,1,0.0156021,1,0,1843251,219229,12189.2,64.5601,12.582,65587.2,0.0556001,119.922,3.34256,0,latest,0,891265,0,1302910,1,6,0
14,120,1,1,4,6,10,50,0.75,0,1,25,1,10000,0.1,53.028,100,0,0,0,0,0,0,0,0,1.00708,0.970417,0,2788513,0,119.928,0,0,0,0,0,1846398,218791,12181.1,64.4231,12.5557,65480.6,0.0556747,119.928,3.34131,0,latest,0,887519,0,1301914,0,1,0
15,120,1,1,4,6,10,50,0.75,0,1,25,1,10000,0.1,53.028,100,0,0,0,0,0,0,0,0,1.00708,0.970417,0,2791211,0,119.925,0,0,0,0,0,1849941,218373,12163.1,64.395,12.5668,65324.2,0.0556988,119.925,3.34291,0,latest,0,881671,0,1312165,0,1,0
16,120,1,1,4,6,10,50,0.75,0,1,25,1,10000,0.1,53.028,100,0,0,0,0,0,0,0,0,1.00708,0.970417,0,2788627,0,119.918,0,0,0,0,0,1836965,219910,12266,64.5668,12.5858,65804.3,0.0557771,119.918,3.34188,0,latest,0,881133,0,1313280,0,1,0
17,120,1,1,4,6,10,50,0.75,0,1,25,1,10000,0.1,53.028,100,0,0,0,0,0,0,0,0,1.00708,0.970417,0,2791199,0,119.918,0,0,0,0,0,1844201,219240,12229.4,64.5242,12.5756,65536,0.0557808,119.918,3.34534,0,latest,0,888683,0,1311007,0,3,0
18,120,1,1,4,6,10,50,0.75,0,1,25,1,10000,0.1,53.028,100,0,0,0,0,0,0,0,0,1.00708,0.970417,0,2790829,0,119.926,0,0,0,0,0,1842036,219388,12253.4,64.5793,12.6116,65649.5,0.0558524,119.926,3.34181,0,latest,0,895540,0,1316898,0,3,0
19,120,1,1,4,6,10,50,0.75,0,1,25,1,10000,0.1,53.028,100,0,0,0,0,0,0,0,0,1.00708,0.970417,0,2789304,0,119.911,0,0,0,0,0,1848857,218538,12211.2,64.4534,12.5736,65375.7,0.0558769,119.911,3.34279,0,latest,0,896486,0,1311168,0,5,0
0,120,1,1,4,6,100,50,0.75,0,1,25,1,1000,0.1,53.0286,100,0,0,0,0,0,0,0,0,45.3143,0,0,2336045,0,1.84294,0,0,0,3475281,0,124,2778.79,1810.48,113.032,16.2419,4981.52,0.651537,1.84294,0.55782,0,latest,0,0,630087,0,0,0,0
1,120,1,1,4,6,100,50,0.75,0,1,25,1,1000,0.1,53.0286,100,0,0,0,0,0,0,0,0,45.3143,0,0,2755183,0,119.539,0,0,0,1,0,4392907,89326.5,7583.62,46.0193,12.2245,27397.3,0.0848978,119.539,3.26041,0,latest,0,3812054,0,1222403,1,12,0
2,120,1,1,4,6,100,50,0.75,0,1,25,1,1000,0.1,53.0286,100,0,0,0,0,0,0,0,0,45.3143,0,0,2780579,0,119.907,0,0,0,0,0,4482316,90089.4,7093.38,44.434,11.7278,26943.1,0.0787372,119.907,3.34369,0,latest,0,2759772,0,1647503,0,4,0
3,120,1,1,4,6,100,50,0.75,0,1,25,1,1000,0.1,53.0286,100,0,0,0,0,0,0,0,0,45.3143,0,0,2777215,0,119.92,0,0,0,0,0,4617142,87439,7100.27,43.9759,11.5842,26136.9,0.0812025,119.92,3.34543,0,latest,0,3103647,0,1293674,0,9,0
4,120,1,1,4,6,100,50,0.75,0,1,25,1,1000,0.1,53.0286,100,0,0,0,0,0,0,0,0,45.3143,0,0,2776183,0,119.911,0,0,0,0,0,4196700,96165.7,8553.81,47.3591,12.8991,28766.2,0.0889487,119.911,3.34301,0,latest,0,4352892,0,1551854,0,10,0
5,120,1,1,4,6,100,50,0.75,0,1,25,1,1000,0.1,53.0286,100,0,0,0,0,0,0,0,0,45.3143,0,0,2786845,0,119.911,0,0,0,0,0,4310832,93629.4,7741.17,45.8875,12.3684,28031,0.0826788,119.911,3.34021,0,latest,0,3393242,0,1470997,0,10,0
6,120,1,1,4,6,100,50,0.75,0,1,25,1,1000,0.1,53.0286,100,0,0,0,0,0,0,0,0,45.3142,0,0,2779061,0,119.908,0,0,0,1,0,4680608,86322.7,6692.45,42.1437,11.1693,25791.2,0.0775283,119.908,3.34699,0,latest,0,2304028,0,1502394,1,4,0
7,120,1,1,4,6,100,50,0.75,0,1,25,1,1000,0.1,53.0286,100,0,0,0,0,0,0,0,0,45.3142,0,0,2772592,0,119.919,0,0,0,0,0,4231483,95403.5,8173.43,46.9569,12.9717,28527.8,0.0856722,119.919,3.34423,0,latest,0,4160216,0,1536425,0,11,0
8,120,1,1,4,6,100,50,0.75,0,1,25,1,1000,0.1,53.0286,100,0,0,0,0,0,0,0,0,45.3142,0,0,2783175,0,119.919,0,0,0,0,0,4143622,97392.7,8524.37,46.9905,12.7595,29133.7,0.0875258,119.919,3.34295,0,latest,0,4334899,0,1425623,0,14,0
9,120,1,1,4,6,100,50,0.75,0,1,25,1,1000,0.1,53.0286,100,0,0,0,0,0,0,0,0,45.3142,0,0,2786009,0,119.908,0,0,0,0,0,4079289,98913,8503.71,47.6515,12.9548,29602,0.0859717,119.908,3.34142,0,latest,0,4186438,0,1622485,0,6,0
10,120,1,1,4,6,100,50,0.75,0,1,25,1,1000,0.1,53.0286,100,0,0,0,0,0,0,0,0,45.3142,0,0,2782020,0,119.917,0,0,0,0,0,4228919,95430.2,8082.66,46.8046,12.5136,28539,0.0846971,119.917,3.34385,0,latest,0,3673984,0,1526547,0,8,0
11,120,1,1,4,6,100,50,0.75,0,1,25,1,1000,0.1,53.0286,100,0,0,0,0,0,0,0,0,45.3142,0,0,2783266,0,119.908,0,0,0,0,0,4201261,96019.8,8118.67,46.9316,12.536,28740.4,0.0845521,119.908,3.34094,0,latest,0,3741428,0,1571635,0,8,0
12,120,1,1,4,6,100,50,0.75,0,1,25,1,1000,0.1,53.0286,100,0,0,0,0,0,0,0,0,45.3142,0,0,2781150,0,119.907,0,0,0,0,0,4253773,94464.3,7941.64,47.1386,12.3625,28396.6,0.0840703,119.907,3.3266,0,latest,0,3402553,0,1594390,0,10,0
13,120,1,1,4,6,100,50,0.75,0,1,25,1,1000,0.1,53.0286,100,0,0,0,0,0,0,0,0,45.3142,0,0,2781975,0,119.919,0,0,0,2,0,4404216,91391.7,7638.95,45.5304,12.1052,27418.2,0.0835848,119.919,3.33324,0,latest,0,3441236,0,1457045,2,11,0
14,120,1,1,4,6,100,50,0.75,0,1,25,1,1000,0.1,53.0286,100,0,0,0,0,0,0,0,0,45.3142,0,0,2788103,0,119.907,0,0,0,0,0,4349702,92802.8,7696.55,45.4573,11.9533,27776.7,0.0829344,119.907,3.34104,0,latest,0,3323206,0,1447345,0,4,0
15,120,1,1,4,6,100,50,0.75,0,1,25,1,1000,0.1,53.0286,100,0,0,0,0,0,0,0,0,45.3142,0,0,2791978,0,119.905,0,0,0,0,0,4737494,85252.9,6693.13,42.2923,11.1514,25504.5,0.0785092,119.905,3.34266,0,latest,0,2947499,0,977258,0,6,0
16,120,1,1,4,6,100,50,0.75,0,1,25,1,1000,0.1,53.0286,100,0,0,0,0,0,0,0,0,45.3142,0,0,2782480,0,119.907,0,0,0,0,0,4601989,87755.9,7032.03,43.5969,11.3376,26263.2,0.0801318,119.907,3.3414,0,latest,0,2680602,0,1502203,0,5,0
17,120,1,1,4,6,100,50,0.75,0,1,25,1,1000,0.1,53.0286,100,0,0,0,0,0,0,0,0,45.3142,0,0,2781249,0,119.927,0,0,0,0,0,4422539,91356.1,7507.75,45.0686,11.7187,27298.3,0.0821811,119.927,3.34659,0,latest,0,3174035,0,1570007,0,6,0
18,120,1,1,4,6,100,50,0.75,0,1,25,1,1000,0.1,53.0286,100,0,0,0,0,0,0,0,0,45.3142,0,0,2772431,0,119.918,0,0,0,0,0,4154214,97140.6,8638.66,48.5003,13.0145,29061.1,0.0889294,119.918,3.34264,0,latest,0,4493563,0,1590452,0,6,0
19,120,1,1,4,6,100,50,0.75,0,1,25,1,1000,0.1,53.0286,100,0,0,0,0,0,0,0,0,45.3142,0,0,2776265,0,119.918,0,0,0,0,0,4266683,94573.9,8290.54,47.7932,12.9555,28298.9,0.0876621,119.918,3.34196,0,latest,0,4431527,0,1370140,0,13,0
0,120,1,1,4,6,100,50,0.75,0,1,25,1,5000,0.1,53.0278,100,0,0,0,0,0,0,0,0,45.3151,0,0,2535647,0,2.37702,0,0,0,3475227,0,279,2618.43,1360.81,66.3226,11.2796,3243.15,0.519706,2.37702,0.807373,0,latest,0,1,705183,0,0,0,0
1,120,1,1,4,6,100,50,0.75,0,1,25,1,5000,0.1,53.0278,100,0,0,0,0,0,0,0,0,45.3151,0,0,2738706,0,119.383,0,0,0,0,0,4697696,82955.5,6464.98,41.4921,10.8657,25603.2,0.0779331,119.383,3.24005,0,latest,0,2320642,0,1073117,0,4,0
2,120,1,1,4,6,100,50,0.75,0,1,25,1,5000,0.1,53.0278,100,0,0,0,0,0,0,0,0,45.3151,0,0,2783668,0,119.904,0,0,0,0,0,4747251,85043.7,6516.92,41.1885,10.8042,25454.8,0.0766302,119.904,3.34097,0,latest,0,2395570,0,1099870,0,6,0
3,120,1,1,4,6,100,50,0.75,0,1,25,1,5000,0.1,53.0278,100,0,0,0,0,0,0,0,0,45.3151,0,0,2788503,0,119.915,0,0,0,1,0,4738974,85247.9,6532.18,41.328,10.812,25496.5,0.0766257,119.915,3.34351,0,latest,0,2401495,0,1115138,1,8,0
4,120,1,1,4,6,100,50,0.75,0,1,25,1,5000,0.1,53.0278,100,0,0,0,0,0,0,0,0,45.3151,0,0,2787934,0,119.891,0,0,0,0,0,4737886,85234.2,6534.39,41.3015,10.8029,25495.4,0.0766639,119.891,3.34312,0,latest,0,2408939,0,1104933,0,7,0
5,120,1,1,4,6,100,50,0.75,0,1,25,1,5000,0.1,53.0278,100,0,0,0,0,0,0,0,0,45.3151,0,0,2782927,0,119.911,0,0,0,0,0,4751623,85001.9,6542.14,41.4681,10.825,25427.7,0.0769646,119.911,3.34289,0,latest,0,2424050,0,1136215,0,5,0
6,120,1,1,4,6,100,50,0.75,0,1,25,1,5000,0.1,53.0278,100,0,0,0,0,0,0,0,0,45.3151,0,0,2788862,0,119.912,0,0,0,1,0,4479461,90133.5,7124.83,44.161,11.2669,26965.8,0.0790476,119.912,3.34252,0,latest,0,2664359,0,1514459,1,6,0
7,120,1,1,4,6,100,50,0.75,0,1,25,1,5000,0.1,53.0278,100,0,0,0,0,0,0,0,0,45.3151,0,0,2799741,0,119.92,0,0,0,1,0,4472229,90292,7087.85,44.0282,11.2369,27103.7,0.0784992,119.92,3.33136,0,latest,0,2599334,0,1508479,1,7,0
8,120,1,1,4,6,100,50,0.75,0,1,25,1,5000,0.1,53.0278,100,0,0,0,0,0,0,0,0,45.3151,0,0,2788438,0,119.912,0,0,0,0,0,4465409,90425,7107.3,44.0718,11.2417,27050.1,0.0785989,119.912,3.34288,0,latest,0,2590428,0,1501894,0,7,0
9,120,1,1,4,6,100,50,0.75,0,1,25,1,5000,0.1,53.0278,100,0,0,0,0,0,0,0,0,45.3151,0,0,2788023,0,119.906,0,0,0,0,0,4462044,90506.9,7106.61,44.0947,11.2362,27079.4,0.0785201,119.906,3.34228,0,latest,0,2594957,0,1480222,0,4,0
10,120,1,1,4,6,100,50,0.75,0,1,25,1,5000,0.1,53.0278,100,0,0,0,0,0,0,0,0,45.3151,0,0,2782971,0,119.922,0,0,0,0,0,4434452,91069.2,7277.11,44.6651,11.4221,27230.3,0.0799075,119.922,3.34441,0,latest,0,2830699,0,1491531,0,10,0
11,120,1,1,4,6,100,50,0.75,0,1,25,1,5000,0.1,53.0278,100,0,0,0,0,0,0,0,0,45.3151,0,0,2798271,0,119.912,0,0,0,0,0,4106849,98308.7,8471.62,48.0509,12.6547,29409.1,0.0861737,119.912,3.3428,0,latest,0,3991058,0,1568130,0,10,0
12,120,1,1,4,6,100,50,0.75,0,1,25,1,5000,0.1,53.0278,100,0,0,0,0,0,0,0,0,45.3151,0,0,2784103,0,119.907,0,0,0,0,0,4053588,99507.4,8595.87,48.4807,12.7984,29790.2,0.0863842,119.907,3.34027,0,latest,0,3995619,0,1587221,0,9,0
13,120,1,1,4,6,100,50,0.75,0,1,25,1,5000,0.1,53.0278,100,0,0,0,0,0,0,0,0,45.3151,0,0,2784963,0,119.916,0,0,0,0,0,4046694,99768.3,8583.03,48.2915,12.75,29839.6,0.0860296,119.916,3.34348,0,latest,0,3931151,0,1608353,0,7,0
14,120,1,1,4,6,100,50,0.75,0,1,25,1,5000,0.1,53.0278,100,0,0,0,0,0,0,0,0,45.315,0,0,2785918,0,119.902,0,0,0,2,0,4198216,96167.3,8124.66,46.9627,12.2766,28777.2,0.0844846,119.902,3.34179,0,latest,0,3690522,0,1448860,2,13,0
15,120,1,1,4,6,100,50,0.75,0,1,25,1,5000,0.1,53.0278,100,0,0,0,0,0,0,0,0,45.315,0,0,2785945,0,119.91,0,0,0,0,0,4483900,90081.9,7407.78,44.7934,11.5109,26929.1,0.0822338,119.91,3.34516,0,latest,0,3329507,0,1178567,0,8,0
16,120,1,1,4,6,100,50,0.75,0,1,25,1,5000,0.1,53.0278,100,0,0,0,0,0,0,0,0,45.315,0,0,2820323,0,119.918,0,0,0,0,0,4221021,95590.9,8564.26,47.7261,12.7634,28600.3,0.0895929,119.918,3.3423,0,latest,0,4512002,0,1642401,0,14,0
17,120,1,1,4,6,100,50,0.75,0,1,25,1,5000,0.1,53.0278,100,0,0,0,0,0,0,0,0,45.315,0,0,2784793,0,119.919,0,0,0,1,0,4148378,97264.8,8701.42,48.4849,12.9745,29099.9,0.0894611,119.919,3.34244,0,latest,0,4413362,0,1643873,1,5,0
18,120,1,1,4,6,100,50,0.75,0,1,25,1,5000,0.1,53.0278,100,0,0,0,0,0,0,0,0,45.315,0,0,2784684,0,119.911,0,0,0,0,0,4147443,97280.5,8700.44,48.538,13.0288,29107.5,0.0894366,119.911,3.34211,0,latest,0,4457981,0,1621377,0,10,0
19,120,1,1,4,6,100,50,0.75,0,1,25,1,5000,0.1,53.0279,100,0,0,0,0,0,0,0,0,45.315,0,0,2785555,0,119.918,0,0,0,1,0,4136758,97526,8700.25,48.4753,13.0225,29168.5,0.0892095,119.918,3.34354,0,latest,0,4391418,0,1645816,1,4,0
0,120,1,1,4,6,100,50,0.75,0,1,25,1,10000,0.1,53.0346,100,0,0,0,0,0,0,0,0,45.308,0,0,1219006,0,3.31659,0,0,0,3475677,0,601,1453.67,1102.52,50.1098,9.78702,2951.98,0.758436,3.31659,0.49244,0,latest,0,0,677963,3,0,0,0
1,120,1,1,4,6,100,50,0.75,0,1,25,1,10000,0.1,53.0346,100,0,0,0,0,0,0,0,0,45.308,0,0,2756833,0,119.439,0,0,0,0,0,2003293,195356,11967.9,66.011,12.4721,60052.6,0.0612623,119.439,3.25308,0,latest,0,1884268,0,693158,0,7,0
2,120,1,1,4,6,100,50,0.75,0,1,25,1,10000,0.1,53.0346,100,0,0,0,0,0,0,0,0,45.308,0,0,2786358,0,119.921,0,0,0,0,0,1984358,203465,12263.6,66.2164,12.4028,60866,0.0602737,119.921,3.34283,0,latest,0,1882152,0,698944,0,6,0
3,120,1,1,4,6,100,50,0.75,0,1,25,1,10000,0.1,53.0346,100,0,0,0,0,0,0,0,0,45.308,0,0,2790256,0,119.91,0,0,0,0,0,1986601,203179,12234,66.0914,12.3853,60788.4,0.0602128,119.91,3.3424,0,latest,0,1878531,0,695318,0,7,0
4,120,1,1,4,6,100,50,0.75,0,1,25,1,10000,0.1,53.0346,100,0,0,0,0,0,0,0,0,45.308,0,0,2792059,0,119.924,0,0,0,0,0,1985559,203331,12267.3,66.169,12.4245,60818.2,0.0603315,119.924,3.34327,0,latest,0,1892752,0,702033,0,3,0
5,120,1,1,4,6,100,50,0.75,0,1,25,1,10000,0.1,53.0346,100,0,0,0,0,0,0,0,0,45.308,0,0,2790615,0,119.921,0,0,0,0,0,1990797,202722,12241.9,66.1625,12.4213,60634.3,0.0603877,119.921,3.34335,0,latest,0,1900524,0,704307,0,2,0
6,120,1,1,4,6,100,50,0.75,0,1,25,1,10000,0.1,53.0346,100,0,0,0,0,0,0,0,0,45.308,0,0,2787422,0,119.913,0,0,0,1,0,1984729,203365,12251.7,66.2493,12.4265,60833.7,0.060245,119.913,3.34296,0,latest,0,1879214,0,695864,1,4,0
7,120,1,1,4,6,100,50,0.75,0,1,25,1,10000,0.1,53.0346,100,0,0,0,0,0,0,0,0,45.308,0,0,2787671,0,119.914,0,0,0,0,0,1984153,203439,12256.3,66.2477,12.4087,60863.3,0.0602456,119.914,3.34256,0,latest,0,1872581,0,701472,0,3,0
8,120,1,1,4,6,100,50,0.75,0,1,25,1,10000,0.1,53.0346,100,0,0,0,0,0,0,0,0,45.308,0,0,2785537,0,119.913,0,0,0,0,0,1979498,203901,12289.9,66.2755,12.4178,60994.7,0.0602738,119.913,3.34294,0,latest,0,1867994,0,714764,0,1,0
9,120,1,1,4,6,100,50,0.75,0,1,25,1,10000,0.1,53.0346,100,0,0,0,0,0,0,0,0,45.308,0,0,2791091,0,119.926,0,0,0,0,0,1992206,202640,12218.3,66.0994,12.3792,60634,0.0602956,119.926,3.34202,0,latest,0,1879566,0,704701,0,6,0
10,120,1,1,4,6,100,50,0.75,0,1,25,1,10000,0.1,53.0346,100,0,0,0,0,0,0,0,0,45.308,0,0,2791680,0,119.914,0,0,0,0,0,1985613,203227,12265.8,66.001,12.4876,60806.5,0.0603553,119.914,3.3422,0,latest,0,1878284,0,713305,0,1,0
11,120,1,1,4,6,100,50,0.75,0,1,25,1,10000,0.1,53.0346,100,0,0,0,0,0,0,0,0,45.308,0,0,2795004,0,119.918,0,0,0,0,0,1965325,205450,12466.4,64.5181,13.0662,61453,0.0606784,119.918,3.34321,0,latest,0,1898228,0,744879,0,2,0
12,120,1,1,4,6,100,50,0.75,0,1,25,1,10000,0.1,53.0346,100,0,0,0,0,0,0,0,0,45.308,0,0,2788575,0,119.922,0,0,0,0,0,1960547,205871,12510.8,64.6322,13.1099,61600.8,0.0607703,119.922,3.34201,0,latest,0,1914214,0,734091,0,4,0
13,120,1,1,4,6,100,50,0.75,0,1,25,1,10000,0.1,53.0347,100,0,0,0,0,0,0,0,0,45.308,0,0,2787948,0,119.913,0,0,0,1,0,1957685,206245,12551.9,64.7178,13.1395,61687.2,0.0608593,119.913,3.3434,0,latest,0,1932322,0,739777,1,7,0
14,120,1,1,4,6,100,50,0.75,0,1,25,1,10000,0.1,53.0347,100,0,0,0,0,0,0,0,0,45.308,0,0,2786802,0,119.924,0,0,0,0,0,1960137,205941,12462.8,64.6086,13.0182,61614.3,0.0605162,119.924,3.34243,0,latest,0,1876027,0,739802,0,7,0
15,120,1,1,4,6,100,50,0.75,0,1,25,1,10000,0.1,53.0347,100,0,0,0,0,0,0,0,0,45.308,0,0,2787236,0,119.922,0,0,0,0,0,1963595,205509,12471.9,64.6172,13.0547,61465.7,0.0606876,119.922,3.34348,0,latest,0,1893517,0,737294,0,11,0
16,120,1,1,4,6,100,50,0.75,0,1,25,1,10000,0.1,53.0347,100,0,0,0,0,0,0,0,0,45.308,0,0,2814254,0,119.915,0,0,0,0,0,1971861,204650,12436.3,64.6023,13.0519,61219.1,0.0607687,119.915,3.34292,0,latest,0,1906720,0,732391,0,5,0
17,120,1,1,4,6,100,50,0.75,0,1,25,1,10000,0.1,53.0347,100,0,0,0,0,0,0,0,0,45.308,0,0,3022943,0,119.918,0,0,0,0,0,1972491,204648,12432,64.6373,13.057,61230.6,0.0607481,119.918,3.34225,0,latest,0,1893996,0,739136,0,3,0
18,120,1,1,4,6,100,50,0.75,0,1,25,1,10000,0.1,53.0347,100,0,0,0,0,0,0,0,0,45.308,0,0,3020286,0,119.913,0,0,0,0,0,1970578,204788,12457.5,64.6128,13.071,61269,0.0608311,119.913,3.34244,0,latest,0,1915324,0,739085,0,5,0
19,120,1,1,4,6,100,50,0.75,0,1,25,1,10000,0.1,53.0347,100,0,0,0,0,0,0,0,0,45.308,0,0,2786179,0,119.919,0,0,0,0,0,1959454,206003,12489,64.7232,13.0612,61626.8,0.0606252,119.919,3.34276,0,latest,0,1886993,0,741899,0,6,0
