t,c_worker_threads,c_free_pct,c_cool_pct,c_pp_threads,c_partition_bits,c_dram_gib,c_target_gib,c_zipf_factor,c_fs,c_cm_split,latest_read_ratio,latest_window_gib,latest_window_ms,latest_window_offset_gib,space_usage_gib,p1_pct,p2_pct,p3_pct,poll_pct,find_parent_pct,iterate_children_pct,pc1,pc2,pc3,free_pct,cool_pct,evicted_mib,rounds,unswizzled,cpus,submit_ms,async_mb_ws,w_mib,allocate_ops,r_mib,tx,cycle,instr,L1-miss,br-miss,task,IPC,CPU,GHz,dt_id,dt_name,dt_misses_counter,dt_restarts_update_same_size,dt_restarts_structural_change,dt_restarts_read,dt_researchy_0,dt_researchy_1,dt_researchy_2
0,54,1,1,4,6,200,150,0.75,0,0,0,10,100000,0.1,159.21,100,0,0,0,0,0,0,0,0,17.9073,0,0,7641923,0,2.61942,0,0,0,10433990,0,822,835.109,1588.42,52.073,11.8297,3374.65,1.90205,2.61942,0.247466,0,latest,0,1,384120,0,0,0,0
1,54,1,1,4,6,200,150,0.75,0,0,0,10,100000,0.1,159.21,100,0,0,0,0,0,0,0,0,17.9073,0,0,3687842,0,53.8682,0,0,0,0,0,43084446,2266.27,2304.69,31.3034,9.45032,1253.39,1.01695,53.8682,1.80812,0,latest,0,1895038,0,0,0,0,0
2,54,1,1,4,6,200,150,0.75,0,0,0,10,100000,0.1,159.21,100,0,0,0,0,0,0,0,0,17.9073,0,0,3660871,0,53.9457,0,0,0,0,0,49468396,2696.68,2331.11,29.927,9.48598,1092.64,0.864439,53.9457,2.46805,0,latest,0,2973018,0,0,0,0,0
3,54,1,1,4,6,200,150,0.75,0,0,0,10,100000,0.1,159.21,100,0,0,0,0,0,0,0,0,17.9073,0,0,3537651,0,53.9504,0,0,0,0,0,51486697,3297.17,2386.9,28.8163,9.59473,1049.94,0.723925,53.9504,3.14034,0,latest,0,4702878,0,0,0,0,0
4,54,1,1,4,6,200,150,0.75,0,0,0,10,100000,0.1,159.21,100,0,0,0,0,0,0,0,0,17.9073,0,0,3557309,0,53.9514,0,0,0,0,0,50047794,3372.01,2400.61,29.0045,9.61901,1080.04,0.711924,53.9514,3.12213,0,latest,0,4949210,0,0,0,0,0
5,54,1,1,4,6,200,150,0.75,0,0,0,10,100000,0.1,159.21,100,0,0,0,0,0,0,0,0,17.9073,0,0,3545239,0,53.9516,0,0,0,0,0,50681614,3371.66,2400.66,29.1166,9.61905,1066.48,0.71201,53.9516,3.1615,0,latest,0,5016780,0,0,0,0,0
6,54,1,1,4,6,200,150,0.75,0,0,0,10,100000,0.1,159.21,100,0,0,0,0,0,0,0,0,17.9073,0,0,3522902,0,53.9513,0,0,0,0,0,50560966,3393.76,2403.21,29.0601,9.62422,1069.11,0.708126,53.9513,3.17437,0,latest,0,5076384,0,0,0,0,0
7,54,1,1,4,6,200,150,0.75,0,0,0,10,100000,0.1,159.21,100,0,0,0,0,0,0,0,0,17.9073,0,0,3511881,0,53.9512,0,0,0,0,0,50916725,3351.13,2395.68,29.0178,9.61134,1061.59,0.714888,53.9512,3.15671,0,latest,0,4902504,0,0,0,0,0
8,54,1,1,4,6,200,150,0.75,0,0,0,10,100000,0.1,159.21,100,0,0,0,0,0,0,0,0,17.9073,0,0,3500984,0,53.9518,0,0,0,0,0,50855674,3371.65,2398.9,29.0386,9.61604,1062.81,0.71149,53.9518,3.17239,0,latest,0,4992771,0,0,0,0,0
9,54,1,1,4,6,200,150,0.75,0,0,0,10,100000,0.1,159.21,100,0,0,0,0,0,0,0,0,17.9073,0,0,3510689,0,53.9519,0,0,0,0,0,50856716,3382.52,2400.59,29.0567,9.62142,1062.79,0.709703,53.9519,3.18269,0,latest,0,5034028,0,0,0,0,0
10,54,1,1,4,6,200,150,0.75,0,0,0,10,100000,0.1,159.21,100,0,0,0,0,0,0,0,0,17.9073,0,0,3514433,0,53.9512,0,0,0,0,0,50483728,3413.56,2406.22,29.1171,9.6318,1070.64,0.704901,53.9512,3.18834,0,latest,0,5158708,0,0,0,0,0
11,54,1,1,4,6,200,150,0.75,0,0,0,10,100000,0.1,159.21,100,0,0,0,0,0,0,0,0,17.9073,0,0,3512161,0,53.9517,0,0,0,0,0,50905991,3381.99,2399.92,29.0366,9.61894,1061.78,0.709619,53.9517,3.1852,0,latest,0,5021498,0,0,0,0,0
12,54,1,1,4,6,200,150,0.75,0,0,0,10,100000,0.1,159.21,100,0,0,0,0,0,0,0,0,17.9073,0,0,3515686,0,53.9517,0,0,0,0,0,50428476,3418.97,2407.33,29.1282,9.63197,1071.81,0.704108,53.9517,3.18992,0,latest,0,5186966,0,0,0,0,0
13,54,1,1,4,6,200,150,0.75,0,0,0,10,100000,0.1,159.21,100,0,0,0,0,0,0,0,0,17.9073,0,0,3510135,0,53.9516,0,0,0,0,0,50691862,3399.71,2404.09,29.1188,9.62627,1066.24,0.707145,53.9516,3.18852,0,latest,0,5112635,0,0,0,0,0
14,54,1,1,4,6,200,150,0.75,0,0,0,10,100000,0.1,159.21,100,0,0,0,0,0,0,0,0,17.9073,0,0,3518639,0,53.9515,0,0,0,0,0,50416475,3421.21,2408.41,29.1373,9.63141,1072.11,0.703963,53.9515,3.1911,0,latest,0,5216713,0,0,0,0,0
15,54,1,1,4,6,200,150,0.75,0,0,0,10,100000,0.1,159.21,100,0,0,0,0,0,0,0,0,17.9073,0,0,3517484,0,53.9516,0,0,0,0,0,50358094,3424.58,2409.01,29.1547,9.63456,1073.42,0.703446,53.9516,3.19035,0,latest,0,5223103,0,0,0,0,0
16,54,1,1,4,6,200,150,0.75,0,0,0,10,100000,0.1,159.21,100,0,0,0,0,0,0,0,0,17.9073,0,0,3513547,0,53.9515,0,0,0,0,0,50663570,3377.98,2401.51,29.1078,9.62135,1066.86,0.710932,53.9515,3.16628,0,latest,0,5048034,0,0,0,0,0
17,54,1,1,4,6,200,150,0.75,0,0,0,10,100000,0.1,159.21,100,0,0,0,0,0,0,0,0,17.9073,0,0,3515789,0,53.9516,0,0,0,0,0,50707341,3368.61,2399.72,29.1204,9.61671,1065.94,0.712378,53.9516,3.16022,0,latest,0,5010110,0,0,0,0,0
18,54,1,1,4,6,200,150,0.75,0,0,0,10,100000,0.1,159.21,100,0,0,0,0,0,0,0,0,17.9073,0,0,3510665,0,53.9515,0,0,0,0,0,50487813,3401.62,2405.33,29.1107,9.62809,1070.58,0.707112,53.9515,3.17736,0,latest,0,5135690,0,0,0,0,0
19,54,1,1,4,6,200,150,0.75,0,0,0,10,100000,0.1,159.21,100,0,0,0,0,0,0,0,0,17.9073,0,0,3513905,0,53.9517,0,0,0,0,0,50561511,3402.5,2405.19,29.1128,9.62671,1069.03,0.706889,53.9517,3.18279,0,latest,0,5137357,0,0,0,0,0
20,54,1,1,4,6,200,150,0.75,0,0,0,10,100000,0.1,159.21,100,0,0,0,0,0,0,0,0,17.9073,0,0,3511313,0,53.9518,0,0,0,0,0,50555084,3401.74,2404.73,29.1039,9.62518,1069.19,0.706912,53.9518,3.18161,0,latest,0,5129759,0,0,0,0,0
21,54,1,1,4,6,200,150,0.75,0,0,0,10,100000,0.1,159.21,100,0,0,0,0,0,0,0,0,17.9073,0,0,3504381,0,53.9522,0,0,0,0,0,50544558,3397.73,2404.58,29.1038,9.62534,1069.35,0.707703,53.9522,3.17738,0,latest,0,5123063,0,0,0,0,0
22,54,1,1,4,6,200,150,0.75,0,0,0,10,100000,0.1,159.21,100,0,0,0,0,0,0,0,0,17.9073,0,0,3501594,0,53.952,0,0,0,0,0,50628121,3388.73,2403.03,29.0834,9.62265,1067.63,0.709126,53.952,3.17406,0,latest,0,5090732,0,0,0,0,0
23,54,1,1,4,6,200,150,0.75,0,0,0,10,100000,0.1,159.21,100,0,0,0,0,0,0,0,0,17.9073,0,0,3500996,0,53.9518,0,0,0,0,0,50683460,3384.96,2402.82,29.1038,9.62322,1066.45,0.709852,53.9518,3.17404,0,latest,0,5085007,0,0,0,0,0
24,54,1,1,4,6,200,150,0.75,0,0,0,10,100000,0.1,159.21,100,0,0,0,0,0,0,0,0,17.9073,0,0,3497542,0,53.9516,0,0,0,0,0,50915862,3366.71,2399.21,29.0932,9.61635,1061.58,0.712628,53.9516,3.17141,0,latest,0,5005368,0,0,0,0,0
25,54,1,1,4,6,200,150,0.75,0,0,0,10,100000,0.1,159.21,100,0,0,0,0,0,0,0,0,17.9073,0,0,3499019,0,53.9522,0,0,0,0,0,50551141,3390.64,2404.1,29.124,9.62411,1069.2,0.70904,53.9522,3.1712,0,latest,0,5101244,0,0,0,0,0
26,54,1,1,4,6,200,150,0.75,0,0,0,10,100000,0.1,159.21,100,0,0,0,0,0,0,0,0,17.9073,0,0,3474706,0,53.9515,0,0,0,0,0,50833078,3361.22,2399.05,29.0822,9.61729,1063.29,0.713743,53.9515,3.16115,0,latest,0,4993378,0,0,0,0,0
27,54,1,1,4,6,200,150,0.75,0,0,0,10,100000,0.1,159.21,100,0,0,0,0,0,0,0,0,17.9073,0,0,3482588,0,53.9512,0,0,0,0,0,50638693,3375.45,2402.09,29.1126,9.62341,1067.37,0.711635,53.9512,3.16239,0,latest,0,5050006,0,0,0,0,0
28,54,1,1,4,6,200,150,0.75,0,0,0,10,100000,0.1,159.21,100,0,0,0,0,0,0,0,0,17.9073,0,0,3488616,0,53.9519,0,0,0,0,0,50808954,3367.1,2399.51,29.0842,9.61624,1063.79,0.712633,53.9519,3.1652,0,latest,0,5009055,0,0,0,0,0
29,54,1,1,4,6,200,150,0.75,0,0,0,10,100000,0.1,159.21,100,0,0,0,0,0,0,0,0,17.9073,0,0,3489428,0,53.9513,0,0,0,0,0,50541459,3388.56,2404.64,29.1305,9.6281,1069.5,0.709637,53.9513,3.16836,0,latest,0,5103786,0,0,0,0,0
0,54,1,1,4,6,201,150,0.75,0,0,0,10,100000,0.1,159.197,100,0,0,0,0,0,0,0,0,18.3222,0,0,7390016,0,2.69055,0,0,0,10433164,0,741,455.96,580.65,44.0486,11.973,3171.48,1.27347,2.69055,0.143769,0,latest,0,0,309907,0,0,0,0
1,54,1,1,4,6,201,150,0.75,0,0,0,10,100000,0.1,159.197,100,0,0,0,0,0,0,0,0,18.3222,0,0,3680990,0,53.9088,0,0,0,0,0,23389953,4174.58,2524.57,25.9175,9.93432,2311.86,0.60475,53.9088,1.80572,0,latest,0,4609264,0,0,0,0,0
2,54,1,1,4,6,201,150,0.75,0,0,0,10,100000,0.1,159.197,100,0,0,0,0,0,0,0,0,18.3222,0,0,3688057,0,53.962,0,0,0,0,0,30131508,4327.37,2514.87,28.0163,9.89146,1794.25,0.581155,53.962,2.4118,0,latest,0,5791817,0,0,0,0,0
3,54,1,1,4,6,201,150,0.75,0,0,0,10,100000,0.1,159.197,100,0,0,0,0,0,0,0,0,18.3222,0,0,3635512,0,53.958,0,0,0,0,0,40013808,4241.34,2503.24,29.7981,9.88081,1350.92,0.5902,53.958,3.1396,0,latest,0,7485352,0,0,0,0,0
4,54,1,1,4,6,201,150,0.75,0,0,0,10,100000,0.1,159.197,100,0,0,0,0,0,0,0,0,18.3222,0,0,3660232,0,53.9647,0,0,0,0,0,28661848,6097.89,2624.71,26.9608,10.0463,1887.53,0.430429,53.9647,3.23062,0,latest,0,6966667,0,0,0,0,0
5,54,1,1,4,6,201,150,0.75,0,0,0,10,100000,0.1,159.197,100,0,0,0,0,0,0,0,0,18.3222,0,0,3688681,0,53.9703,0,0,0,0,0,22651232,7713.43,2730.8,24.7396,10.1937,2388.56,0.354032,53.9703,3.22932,0,latest,0,6600747,0,0,0,0,0
6,54,1,1,4,6,201,150,0.75,0,0,0,10,100000,0.1,159.197,100,0,0,0,0,0,0,0,0,18.3222,0,0,3688098,0,53.97,0,0,0,0,0,22722898,7660.35,2726,25.0092,10.1854,2381.12,0.355858,53.97,3.21712,0,latest,0,6580667,0,0,0,0,0
7,54,1,1,4,6,201,150,0.75,0,0,0,10,100000,0.1,159.197,100,0,0,0,0,0,0,0,0,18.3222,0,0,3691147,0,53.9694,0,0,0,0,0,22614653,7638.03,2727,25.145,10.1903,2392.4,0.357029,53.9694,3.19262,0,latest,0,6552732,0,0,0,0,0
8,54,1,1,4,6,201,150,0.75,0,0,0,10,100000,0.1,159.197,100,0,0,0,0,0,0,0,0,18.3222,0,0,3690825,0,53.9697,0,0,0,0,0,22604173,7731.28,2732.96,25.402,10.1959,2393.63,0.353494,53.9697,3.22994,0,latest,0,6607918,0,0,0,0,0
9,54,1,1,4,6,201,150,0.75,0,0,0,10,100000,0.1,159.197,100,0,0,0,0,0,0,0,0,18.3222,0,0,3689412,0,53.97,0,0,0,0,0,22628509,7719.46,2731.11,25.2637,10.1949,2390.99,0.353796,53.97,3.22857,0,latest,0,6594338,0,0,0,0,0
10,54,1,1,4,6,201,150,0.75,0,0,0,10,100000,0.1,159.197,100,0,0,0,0,0,0,0,0,18.3222,0,0,3693277,0,53.9698,0,0,0,0,0,22620493,7743.6,2732.39,25.5216,10.1939,2391.83,0.352858,53.9698,3.23752,0,latest,0,6609480,0,0,0,0,0
11,54,1,1,4,6,201,150,0.75,0,0,0,10,100000,0.1,159.197,100,0,0,0,0,0,0,0,0,18.3222,0,0,3692652,0,53.9696,0,0,0,0,0,22640189,7690.76,2728.67,25.5689,10.1896,2389.77,0.354798,53.9696,3.2182,0,latest,0,6587751,0,0,0,0,0
12,54,1,1,4,6,201,150,0.75,0,0,0,10,100000,0.1,159.197,100,0,0,0,0,0,0,0,0,18.3222,0,0,3685341,0,53.9695,0,0,0,0,0,22682760,7722.52,2730.5,25.7315,10.193,2385.38,0.353576,53.9695,3.23743,0,latest,0,6610125,0,0,0,0,0
13,54,1,1,4,6,201,150,0.75,0,0,0,10,100000,0.1,159.197,100,0,0,0,0,0,0,0,0,18.3222,0,0,3637255,0,53.9591,0,0,0,0,0,37595840,4582.3,2523.14,29.2419,9.91074,1438.81,0.550627,53.9591,3.18479,0,latest,0,7360782,0,0,0,0,0
14,54,1,1,4,6,201,150,0.75,0,0,0,10,100000,0.1,159.197,100,0,0,0,0,0,0,0,0,18.3222,0,0,3695540,0,53.971,0,0,0,0,0,22603049,7869.26,2740.31,24.5379,10.2089,2393.79,0.348229,53.971,3.28736,0,latest,0,6681762,0,0,0,0,0
15,54,1,1,4,6,201,150,0.75,0,0,0,10,100000,0.1,159.197,100,0,0,0,0,0,0,0,0,18.3222,0,0,3695629,0,53.971,0,0,0,0,0,22646458,7834.89,2737.05,24.6655,10.2048,2389.17,0.349341,53.971,3.27934,0,latest,0,6660332,0,0,0,0,0
16,54,1,1,4,6,201,150,0.75,0,0,0,10,100000,0.1,159.197,100,0,0,0,0,0,0,0,0,18.3222,0,0,3690825,0,53.9702,0,0,0,0,0,22708452,7700.44,2728.3,25.0319,10.1896,2382.71,0.354304,53.9702,3.23179,0,latest,0,6596981,0,0,0,0,0
17,54,1,1,4,6,201,150,0.75,0,0,0,10,100000,0.1,159.197,100,0,0,0,0,0,0,0,0,18.3222,0,0,3687408,0,53.9698,0,0,0,0,0,22644791,7703.98,2730.16,25.2637,10.1936,2389.25,0.354384,53.9698,3.22444,0,latest,0,6595541,0,0,0,0,0
18,54,1,1,4,6,201,150,0.75,0,0,0,10,100000,0.1,159.197,100,0,0,0,0,0,0,0,0,18.3222,0,0,3667310,0,53.9687,0,0,0,0,0,28427594,6159.93,2628.87,27.4493,10.0551,1901.89,0.42677,53.9687,3.23885,0,latest,0,6962348,0,0,0,0,0
19,54,1,1,4,6,201,150,0.75,0,0,0,10,100000,0.1,159.197,100,0,0,0,0,0,0,0,0,18.3222,0,0,3608291,0,53.9581,0,0,0,0,0,40350720,4315.14,2506.55,29.6072,9.88711,1339.61,0.580874,53.9581,3.2212,0,latest,0,7626115,0,0,0,0,0
20,54,1,1,4,6,201,150,0.75,0,0,0,10,100000,0.1,159.197,100,0,0,0,0,0,0,0,0,18.3222,0,0,3606937,0,53.9581,0,0,0,0,0,40172903,4303.56,2506.42,29.668,9.88528,1345.55,0.582407,53.9581,3.19836,0,latest,0,7581985,0,0,0,0,0
21,54,1,1,4,6,201,150,0.75,0,0,0,10,100000,0.1,159.197,100,0,0,0,0,0,0,0,0,18.3222,0,0,3667188,0,53.9642,0,0,0,0,0,26480213,6606.95,2657.4,26.1541,10.0898,2042.82,0.402213,53.9642,3.23423,0,latest,0,6829273,0,0,0,0,0
22,54,1,1,4,6,201,150,0.75,0,0,0,10,100000,0.1,159.197,100,0,0,0,0,0,0,0,0,18.3222,0,0,3690568,0,53.9708,0,0,0,0,0,22665618,7725.54,2731.82,24.7687,10.1972,2386.77,0.353609,53.9708,3.23682,0,latest,0,6621382,0,0,0,0,0
23,54,1,1,4,6,201,150,0.75,0,0,0,10,100000,0.1,159.197,100,0,0,0,0,0,0,0,0,18.3222,0,0,3689969,0,53.9697,0,0,0,0,0,22657452,7602.23,2723.65,25.2443,10.1869,2387.68,0.35827,53.9697,3.18394,0,latest,0,6536434,0,0,0,0,0
24,54,1,1,4,6,201,150,0.75,0,0,0,10,100000,0.1,159.197,100,0,0,0,0,0,0,0,0,18.3222,0,0,3650916,0,53.9634,0,0,0,0,0,31670254,5450.13,2580.02,27.8839,9.98941,1707.99,0.473388,53.9634,3.19095,0,latest,0,7023270,0,0,0,0,0
25,54,1,1,4,6,201,150,0.75,0,0,0,10,100000,0.1,159.197,100,0,0,0,0,0,0,0,0,18.3222,0,0,3680967,0,53.9716,0,0,0,0,0,22745310,7796.66,2733.7,24.5168,10.1984,2378.5,0.350624,53.9716,3.27797,0,latest,0,6652619,0,0,0,0,0
26,54,1,1,4,6,201,150,0.75,0,0,0,10,100000,0.1,159.197,100,0,0,0,0,0,0,0,0,18.3222,0,0,3688955,0,53.9693,0,0,0,0,0,22672769,7753.02,2732.39,24.6749,10.195,2385.99,0.35243,53.9693,3.24939,0,latest,0,6627649,0,0,0,0,0
27,54,1,1,4,6,201,150,0.75,0,0,0,10,100000,0.1,159.197,100,0,0,0,0,0,0,0,0,18.3222,0,0,3689509,0,53.9704,0,0,0,0,0,22648710,7700.96,2729.9,24.8634,10.1939,2388.55,0.354489,53.9704,3.22411,0,latest,0,6598921,0,0,0,0,0
28,54,1,1,4,6,201,150,0.75,0,0,0,10,100000,0.1,159.197,100,0,0,0,0,0,0,0,0,18.3222,0,0,3684418,0,53.97,0,0,0,0,0,22728856,7658.29,2725.89,24.9654,10.186,2380.12,0.355939,53.97,3.2176,0,latest,0,6576034,0,0,0,0,0
29,54,1,1,4,6,201,150,0.75,0,0,0,10,100000,0.1,159.197,100,0,0,0,0,0,0,0,0,18.3222,0,0,3688909,0,53.9704,0,0,0,0,0,22668566,7697.56,2729.47,25.2058,10.1924,2386.45,0.354589,53.9704,3.22553,0,latest,0,6589722,0,0,0,0,0
0,54,1,1,4,6,202,150,0.75,0,0,0,10,100000,0.1,159.215,100,0,0,0,0,0,0,0,0,18.7178,0,0,7435994,0,2.5452,0,0,0,10434290,0,550,684.118,1355.87,51.3618,11.5345,3690.72,1.98193,2.5452,0.185362,0,latest,0,0,337097,0,0,0,0
1,54,1,1,4,6,202,150,0.75,0,0,0,10,100000,0.1,159.215,100,0,0,0,0,0,0,0,0,18.7178,0,0,3679644,0,53.9034,0,0,0,0,0,28662494,3408.94,2450.1,26.7192,9.67605,1886.25,0.718729,53.9034,1.80726,0,latest,0,3793657,0,0,0,0,0
2,54,1,1,4,6,202,150,0.75,0,0,0,10,100000,0.1,159.215,100,0,0,0,0,0,0,0,0,18.7178,0,0,3675543,0,53.9655,0,0,0,0,0,27249048,4816.84,2552.34,24.77,9.80508,1983.85,0.52988,53.9655,2.42802,0,latest,0,5064351,0,0,0,0,0
3,54,1,1,4,6,202,150,0.75,0,0,0,10,100000,0.1,159.215,100,0,0,0,0,0,0,0,0,18.7178,0,0,3535391,0,53.9543,0,0,0,0,0,45671555,3727.46,2453.58,29.6187,9.65881,1183.34,0.658244,53.9543,3.14995,0,latest,0,6170955,0,0,0,0,0
4,54,1,1,4,6,202,150,0.75,0,0,0,10,100000,0.1,159.215,100,0,0,0,0,0,0,0,0,18.7178,0,0,3516113,0,53.9544,0,0,0,0,0,45794699,3767.34,2456.33,29.5706,9.66514,1180.15,0.652006,53.9544,3.19226,0,latest,0,6245192,0,0,0,0,0
5,54,1,1,4,6,202,150,0.75,0,0,0,10,100000,0.1,159.215,100,0,0,0,0,0,0,0,0,18.7178,0,0,3511881,0,53.9546,0,0,0,0,0,45672912,3777.61,2457.77,29.5789,9.66324,1183.37,0.650615,53.9546,3.19225,0,latest,0,6278973,0,0,0,0,0
6,54,1,1,4,6,202,150,0.75,0,0,0,10,100000,0.1,159.215,100,0,0,0,0,0,0,0,0,18.7178,0,0,3510304,0,53.9547,0,0,0,0,0,45684720,3773.13,2457.33,29.5495,9.66734,1183.09,0.65127,53.9547,3.18921,0,latest,0,6252075,0,0,0,0,0
7,54,1,1,4,6,202,150,0.75,0,0,0,10,100000,0.1,159.215,100,0,0,0,0,0,0,0,0,18.7178,0,0,3490151,0,53.9541,0,0,0,0,0,45605850,3780.88,2458.53,29.5557,9.66776,1185.12,0.650254,53.9541,3.19028,0,latest,0,6285010,0,0,0,0,0
8,54,1,1,4,6,202,150,0.75,0,0,0,10,100000,0.1,159.215,100,0,0,0,0,0,0,0,0,18.7178,0,0,3481928,0,53.9541,0,0,0,0,0,45799422,3760.97,2454.69,29.5494,9.66281,1180.11,0.652675,53.9541,3.18697,0,latest,0,6208824,0,0,0,0,0
9,54,1,1,4,6,202,150,0.75,0,0,0,10,100000,0.1,159.215,100,0,0,0,0,0,0,0,0,18.7178,0,0,3508454,0,53.9543,0,0,0,0,0,45728212,3767.76,2456.49,29.568,9.66579,1181.95,0.651975,53.9543,3.18775,0,latest,0,6242991,0,0,0,0,0
10,54,1,1,4,6,202,150,0.75,0,0,0,10,100000,0.1,159.215,100,0,0,0,0,0,0,0,0,18.7178,0,0,3498869,0,53.9538,0,0,0,0,0,45642998,3774.26,2457.52,29.5976,9.66584,1184.15,0.651128,53.9538,3.18732,0,latest,0,6262615,0,0,0,0,0
11,54,1,1,4,6,202,150,0.75,0,0,0,10,100000,0.1,159.215,100,0,0,0,0,0,0,0,0,18.7178,0,0,3483206,0,53.9538,0,0,0,0,0,45604088,3754.13,2455.39,29.5897,9.66162,1185.16,0.65405,53.9538,3.16762,0,latest,0,6208121,0,0,0,0,0
12,54,1,1,4,6,202,150,0.75,0,0,0,10,100000,0.1,159.215,100,0,0,0,0,0,0,0,0,18.7178,0,0,3454490,0,53.9545,0,0,0,0,0,45637742,3742.36,2454.66,29.6005,9.66029,1184.23,0.655914,53.9545,3.16016,0,latest,0,6184963,0,0,0,0,0
13,54,1,1,4,6,202,150,0.75,0,0,0,10,100000,0.1,159.215,100,0,0,0,0,0,0,0,0,18.7178,0,0,3446276,0,53.9552,0,0,0,0,0,45631026,3758.8,2455.75,29.6025,9.66256,1184.43,0.653334,53.9552,3.1735,0,latest,0,6219502,0,0,0,0,0
14,54,1,1,4,6,202,150,0.75,0,0,0,10,100000,0.1,159.215,100,0,0,0,0,0,0,0,0,18.7178,0,0,3464542,0,53.9549,0,0,0,0,0,45654345,3769.35,2456.85,29.586,9.66463,1183.91,0.651796,53.9549,3.18381,0,latest,0,6250400,0,0,0,0,0
15,54,1,1,4,6,202,150,0.75,0,0,0,10,100000,0.1,159.215,100,0,0,0,0,0,0,0,0,18.7178,0,0,3474272,0,53.9547,0,0,0,0,0,45728619,3760.21,2455.8,29.5925,9.66231,1181.92,0.653102,53.9547,3.18146,0,latest,0,6221321,0,0,0,0,0
16,54,1,1,4,6,202,150,0.75,0,0,0,10,100000,0.1,159.215,100,0,0,0,0,0,0,0,0,18.7178,0,0,3430827,0,53.9546,0,0,0,0,0,45745610,3754.49,2454.4,29.5536,9.65963,1181.49,0.653724,53.9546,3.17775,0,latest,0,6199471,0,0,0,0,0
17,54,1,1,4,6,202,150,0.75,0,0,0,10,100000,0.1,159.215,100,0,0,0,0,0,0,0,0,18.7178,0,0,3465446,0,53.9537,0,0,0,0,0,45536950,3759.52,2456.43,29.5264,9.6622,1186.89,0.653388,53.9537,3.16754,0,latest,0,6225155,0,0,0,0,0
18,54,1,1,4,6,202,150,0.75,0,0,0,10,100000,0.1,159.215,100,0,0,0,0,0,0,0,0,18.7178,0,0,3488328,0,53.9546,0,0,0,0,0,45517420,3759.19,2456.48,29.5921,9.66291,1187.4,0.653459,53.9546,3.16592,0,latest,0,6226788,0,0,0,0,0
19,54,1,1,4,6,202,150,0.75,0,0,0,10,100000,0.1,159.215,100,0,0,0,0,0,0,0,0,18.7178,0,0,3494786,0,53.955,0,0,0,0,0,45577575,3755.44,2456.19,29.598,9.66322,1185.81,0.654035,53.955,3.16698,0,latest,0,6216666,0,0,0,0,0
20,54,1,1,4,6,202,150,0.75,0,0,0,10,100000,0.1,159.215,100,0,0,0,0,0,0,0,0,18.7178,0,0,3500162,0,53.9546,0,0,0,0,0,45735856,3752.6,2455.23,29.5877,9.6627,1181.69,0.654273,53.9546,3.17562,0,latest,0,6212374,0,0,0,0,0
21,54,1,1,4,6,202,150,0.75,0,0,0,10,100000,0.1,159.215,100,0,0,0,0,0,0,0,0,18.7178,0,0,3498901,0,53.9551,0,0,0,0,0,45676708,3750.91,2454.97,29.5517,9.66258,1183.23,0.6545,53.9551,3.17006,0,latest,0,6204185,0,0,0,0,0
22,54,1,1,4,6,202,150,0.75,0,0,0,10,100000,0.1,159.215,100,0,0,0,0,0,0,0,0,18.7178,0,0,3498776,0,53.9543,0,0,0,0,0,45562365,3766.65,2457.48,29.607,9.66511,1186.24,0.652432,53.9543,3.17529,0,latest,0,6246095,0,0,0,0,0
23,54,1,1,4,6,202,150,0.75,0,0,0,10,100000,0.1,159.215,100,0,0,0,0,0,0,0,0,18.7178,0,0,3500074,0,53.9547,0,0,0,0,0,45523357,3767.87,2457.85,29.6064,9.66666,1187.29,0.65232,53.9547,3.1735,0,latest,0,6255912,0,0,0,0,0
24,54,1,1,4,6,202,150,0.75,0,0,0,10,100000,0.1,159.215,100,0,0,0,0,0,0,0,0,18.7178,0,0,3498339,0,53.9545,0,0,0,0,0,45583306,3761.01,2456.84,29.6127,9.66403,1185.69,0.65324,53.9545,3.17201,0,latest,0,6240591,0,0,0,0,0
25,54,1,1,4,6,202,150,0.75,0,0,0,10,100000,0.1,159.215,100,0,0,0,0,0,0,0,0,18.7178,0,0,3498815,0,53.9544,0,0,0,0,0,45819479,3738.23,2452.72,29.5731,9.65765,1179.63,0.656118,53.9544,3.16898,0,latest,0,6165308,0,0,0,0,0
26,54,1,1,4,6,202,150,0.75,0,0,0,10,100000,0.1,159.215,100,0,0,0,0,0,0,0,0,18.7178,0,0,3493206,0,53.9544,0,0,0,0,0,45679188,3746.52,2454.82,29.5646,9.66259,1183.23,0.655227,53.9544,3.16634,0,latest,0,6204422,0,0,0,0,0
27,54,1,1,4,6,202,150,0.75,0,0,0,10,100000,0.1,159.215,100,0,0,0,0,0,0,0,0,18.7178,0,0,3489242,0,53.9548,0,0,0,0,0,45615085,3754.9,2455.98,29.6087,9.66308,1184.87,0.654073,53.9548,3.16903,0,latest,0,6220718,0,0,0,0,0
28,54,1,1,4,6,202,150,0.75,0,0,0,10,100000,0.1,159.215,100,0,0,0,0,0,0,0,0,18.7178,0,0,3485683,0,53.9549,0,0,0,0,0,45737523,3740.93,2453.46,29.5728,9.65981,1181.73,0.655841,53.9549,3.16564,0,latest,0,6168467,0,0,0,0,0
29,54,1,1,4,6,202,150,0.75,0,0,0,10,100000,0.1,159.215,100,0,0,0,0,0,0,0,0,18.7178,0,0,3484059,0,53.9542,0,0,0,0,0,45703208,3741.66,2453.41,29.6045,9.66229,1182.59,0.6557,53.9542,3.16394,0,latest,0,6167219,0,0,0,0,0
0,100,1,1,4,6,200,150,0.75,0,0,0,10,100000,0.1,159.147,100,0,0,0,0,0,0,0,0,17.9398,0,0,9429518,0,2.21853,0,0,0,10429867,0,230,1816.53,1133.04,76.8478,13.2478,4261.56,0.623739,2.21853,0.426261,0,latest,0,0,628311,0,0,0,0
1,100,1,1,4,6,200,150,0.75,0,0,0,10,100000,0.1,159.147,100,0,0,0,0,0,0,0,0,17.9398,0,0,3030686,0,99.6395,0,0,0,0,0,13081381,14106.8,3613.49,29.0019,11.769,7662.26,0.256153,99.6395,1.84107,0,latest,0,8203239,0,0,0,0,0
2,100,1,1,4,6,200,150,0.75,0,0,0,10,100000,0.1,159.147,100,0,0,0,0,0,0,0,0,17.9398,0,0,3056549,0,99.9381,0,0,0,0,0,14248363,18458.6,3863.43,27.9841,12.1121,7046.74,0.209302,99.9381,2.61946,0,latest,0,10560605,0,0,0,0,0
3,100,1,1,4,6,200,150,0.75,0,0,0,10,100000,0.1,159.147,100,0,0,0,0,0,0,0,0,17.9398,0,0,3067561,0,99.9437,0,0,0,0,0,15262888,21947.5,4050.33,28.455,12.4033,6578.16,0.184546,99.9437,3.33642,0,latest,0,12600704,0,0,0,0,0
4,100,1,1,4,6,200,150,0.75,0,0,0,10,100000,0.1,159.147,100,0,0,0,0,0,0,0,0,17.9398,0,0,3064714,0,99.9435,0,0,0,0,0,15190573,21991.6,4049.64,28.4335,12.3968,6609.68,0.184145,99.9435,3.32718,0,latest,0,12550065,0,0,0,0,0
5,100,1,1,4,6,200,150,0.75,0,0,0,10,100000,0.1,159.147,100,0,0,0,0,0,0,0,0,17.9398,0,0,3058772,0,99.9426,0,0,0,0,0,15176507,22009.8,4052.49,28.3713,12.4031,6615.94,0.184122,99.9426,3.32679,0,latest,0,12556674,0,0,0,0,0
6,100,1,1,4,6,200,150,0.75,0,0,0,10,100000,0.1,159.147,100,0,0,0,0,0,0,0,0,17.9398,0,0,3065854,0,99.9414,0,0,0,0,0,15149080,22049.9,4055.25,28.3999,12.4099,6627.97,0.183912,99.9414,3.3268,0,latest,0,12555224,0,0,0,0,0
7,100,1,1,4,6,200,150,0.75,0,0,0,10,100000,0.1,159.147,100,0,0,0,0,0,0,0,0,17.9398,0,0,3065676,0,99.9437,0,0,0,0,0,15136048,22068.5,4058.55,28.4042,12.4086,6633.37,0.183907,99.9437,3.32689,0,latest,0,12564857,0,0,0,0,0
8,100,1,1,4,6,200,150,0.75,0,0,0,10,100000,0.1,159.147,100,0,0,0,0,0,0,0,0,17.9398,0,0,3067001,0,99.9434,0,0,0,0,0,15103546,22072.1,4059.09,28.6321,12.4039,6647.75,0.183901,99.9434,3.32024,0,latest,0,12545431,0,0,0,0,0
9,100,1,1,4,6,200,150,0.75,0,0,0,10,100000,0.1,159.147,100,0,0,0,0,0,0,0,0,17.9398,0,0,3064624,0,99.9428,0,0,0,0,0,14998612,22170.2,4068.84,28.5081,12.4104,6694.11,0.183527,99.9428,3.3119,0,latest,0,12529811,0,0,0,0,0
10,100,1,1,4,6,200,150,0.75,0,0,0,10,100000,0.1,159.147,100,0,0,0,0,0,0,0,0,17.9398,0,0,3062676,0,99.9422,0,0,0,0,0,15005177,22106,4065.22,28.4138,12.4073,6691.79,0.183896,99.9422,3.30346,0,latest,0,12523408,0,0,0,0,0
11,100,1,1,4,6,200,150,0.75,0,0,0,10,100000,0.1,159.147,100,0,0,0,0,0,0,0,0,17.9398,0,0,3060865,0,99.9414,0,0,0,0,0,14870831,22165.5,4073.61,28.4226,12.4203,6752.12,0.183781,99.9414,3.28275,0,latest,0,12485016,0,0,0,0,0
12,100,1,1,4,6,200,150,0.75,0,0,0,10,100000,0.1,159.147,100,0,0,0,0,0,0,0,0,17.9398,0,0,3065086,0,99.9438,0,0,0,0,0,14851394,22471.1,4099.73,28.4404,12.4487,6760.9,0.182444,99.9438,3.32369,0,latest,0,12639699,0,0,0,0,0
13,100,1,1,4,6,200,150,0.75,0,0,0,10,100000,0.1,159.147,100,0,0,0,0,0,0,0,0,17.9398,0,0,3067975,0,99.9424,0,0,0,0,0,14854949,22592.6,4107.03,28.4741,12.4648,6758.78,0.181787,99.9424,3.34271,0,latest,0,12699765,0,0,0,0,0
14,100,1,1,4,6,200,150,0.75,0,0,0,10,100000,0.1,159.147,100,0,0,0,0,0,0,0,0,17.9398,0,0,3066077,0,99.9426,0,0,0,0,0,14857396,22589.2,4105.22,28.4921,12.4655,6757.79,0.181734,99.9426,3.34269,0,latest,0,12696199,0,0,0,0,0
15,100,1,1,4,6,200,150,0.75,0,0,0,10,100000,0.1,159.147,100,0,0,0,0,0,0,0,0,17.9398,0,0,3065329,0,99.9432,0,0,0,0,0,14833452,22626.4,4108.9,28.5118,12.4704,6768.67,0.181598,99.9432,3.34281,0,latest,0,12697154,0,0,0,0,0
16,100,1,1,4,6,200,150,0.75,0,0,0,10,100000,0.1,159.147,100,0,0,0,0,0,0,0,0,17.9398,0,0,3059678,0,99.9432,0,0,0,0,0,14859471,22587.3,4106.11,28.4682,12.4632,6757.17,0.181789,99.9432,3.34271,0,latest,0,12709066,0,0,0,0,0
17,100,1,1,4,6,200,150,0.75,0,0,0,10,100000,0.1,159.147,100,0,0,0,0,0,0,0,0,17.9398,0,0,3062604,0,99.9438,0,0,0,0,0,14848221,22603.9,4109.01,28.4521,12.4623,6762.04,0.181783,99.9438,3.34277,0,latest,0,12714877,0,0,0,0,0
18,100,1,1,4,6,200,150,0.75,0,0,0,10,100000,0.1,159.147,100,0,0,0,0,0,0,0,0,17.9398,0,0,3065309,0,99.9392,0,0,0,0,0,14861658,22582.5,4104.38,28.4981,12.4658,6756.05,0.181751,99.9392,3.34256,0,latest,0,12681367,0,0,0,0,0
19,100,1,1,4,6,200,150,0.75,0,0,0,10,100000,0.1,159.147,100,0,0,0,0,0,0,0,0,17.9398,0,0,3066077,0,99.9423,0,0,0,0,0,14933235,22473.1,4092.77,28.4395,12.4403,6723.69,0.182119,99.9423,3.34237,0,latest,0,12661618,0,0,0,0,0
20,100,1,1,4,6,200,150,0.75,0,0,0,10,100000,0.1,159.147,100,0,0,0,0,0,0,0,0,17.9398,0,0,3065465,0,99.9387,0,0,0,0,0,14843984,22605.6,4106.69,28.4703,12.4483,6763.61,0.181667,99.9387,3.34223,0,latest,0,12691912,0,0,0,0,0
21,100,1,1,4,6,200,150,0.75,0,0,0,10,100000,0.1,159.147,100,0,0,0,0,0,0,0,0,17.9398,0,0,3064684,0,99.9423,0,0,0,0,0,14879488,22542.2,4099.35,28.4774,12.4415,6748.05,0.181852,99.9423,3.34055,0,latest,0,12659869,0,0,0,0,0
22,100,1,1,4,6,200,150,0.75,0,0,0,10,100000,0.1,159.147,100,0,0,0,0,0,0,0,0,17.9398,0,0,3057090,0,99.9429,0,0,0,0,0,14870400,22572.1,4103.88,28.4866,12.4493,6752.32,0.181812,99.9429,3.34287,0,latest,0,12693510,0,0,0,0,0
23,100,1,1,4,6,200,150,0.75,0,0,0,10,100000,0.1,159.147,100,0,0,0,0,0,0,0,0,17.9398,0,0,3067852,0,99.9428,0,0,0,0,0,14887990,22544.8,4101.87,28.4788,12.4447,6744.12,0.181943,99.9428,3.34288,0,latest,0,12699976,0,0,0,0,0
24,100,1,1,4,6,200,150,0.75,0,0,0,10,100000,0.1,159.147,100,0,0,0,0,0,0,0,0,17.9398,0,0,3064565,0,99.9437,0,0,0,0,0,14839419,22617,4109.05,28.4833,12.4473,6765.98,0.18168,99.9437,3.34275,0,latest,0,12703610,0,0,0,0,0
25,100,1,1,4,6,200,150,0.75,0,0,0,10,100000,0.1,159.147,100,0,0,0,0,0,0,0,0,17.9398,0,0,3065542,0,99.9439,0,0,0,0,0,14856057,22590.3,4105.34,28.4755,12.4531,6758.31,0.18173,99.9439,3.3426,0,latest,0,12691070,0,0,0,0,0
26,100,1,1,4,6,200,150,0.75,0,0,0,10,100000,0.1,159.147,100,0,0,0,0,0,0,0,0,17.9398,0,0,3067267,0,99.9437,0,0,0,0,0,14855559,22591.6,4105.61,28.4959,12.4592,6758.91,0.181732,99.9437,3.34249,0,latest,0,12689708,0,0,0,0,0
27,100,1,1,4,6,200,150,0.75,0,0,0,10,100000,0.1,159.147,100,0,0,0,0,0,0,0,0,17.9398,0,0,3062199,0,99.9409,0,0,0,0,0,14857005,22589.5,4105.55,28.4627,12.4495,6757.84,0.181745,99.9409,3.34272,0,latest,0,12688396,0,0,0,0,0
28,100,1,1,4,6,200,150,0.75,0,0,0,10,100000,0.1,159.147,100,0,0,0,0,0,0,0,0,17.9398,0,0,3064757,0,99.943,0,0,0,0,0,14856524,22590.1,4105.94,28.4738,12.4466,6758.27,0.181758,99.943,3.34259,0,latest,0,12703261,0,0,0,0,0
29,100,1,1,4,6,200,150,0.75,0,0,0,10,100000,0.1,159.147,100,0,0,0,0,0,0,0,0,17.9398,0,0,3056862,0,99.9471,0,0,0,0,0,15236963,22016.5,4076.18,28.6952,12.4014,6581.12,0.185142,99.9471,3.34541,0,latest,0,12799615,0,0,0,0,0
0,100,1,1,4,6,201,150,0.75,0,0,0,10,100000,0.1,159.144,100,0,0,0,0,0,0,0,0,18.3498,0,0,9943258,0,2.57077,0,0,0,10429643,0,337,1318.18,1096.45,75.7804,14.9288,3803.99,0.831789,2.57077,0.346527,0,latest,0,0,748790,0,0,0,0
1,100,1,1,4,6,201,150,0.75,0,0,0,10,100000,0.1,159.144,100,0,0,0,0,0,0,0,0,18.3498,0,0,2828576,0,99.5941,0,0,0,0,0,12690509,14689.6,3600.58,28.5007,11.671,7895.98,0.24511,99.5941,1.86039,0,latest,0,8264434,0,0,0,0,0
2,100,1,1,4,6,201,150,0.75,0,0,0,10,100000,0.1,159.144,100,0,0,0,0,0,0,0,0,18.3498,0,0,2914829,0,99.9257,0,0,0,0,0,13388163,17224.7,3743.16,28.2169,11.8476,7500.29,0.217313,99.9257,2.29654,0,latest,0,9660468,0,0,0,0,0
3,100,1,1,4,6,201,150,0.75,0,0,0,10,100000,0.1,159.144,100,0,0,0,0,0,0,0,0,18.3498,0,0,3068404,0,99.9384,0,0,0,0,0,14930554,22033.6,3997.18,28.6442,12.2447,6726.04,0.181413,99.9384,3.27587,0,latest,0,12518303,0,0,0,0,0
4,100,1,1,4,6,201,150,0.75,0,0,0,10,100000,0.1,159.144,100,0,0,0,0,0,0,0,0,18.3498,0,0,3062807,0,99.9409,0,0,0,0,0,14833676,22407.2,4027.22,29.2877,12.2831,6769.8,0.179729,99.9409,3.30987,0,latest,0,12654493,0,0,0,0,0
5,100,1,1,4,6,201,150,0.75,0,0,0,10,100000,0.1,159.144,100,0,0,0,0,0,0,0,0,18.3498,0,0,3061410,0,99.9412,0,0,0,0,0,14752014,22672.1,4048.69,29.9137,12.3094,6807.31,0.178576,99.9412,3.33055,0,latest,0,12728418,0,0,0,0,0
6,100,1,1,4,6,201,150,0.75,0,0,0,10,100000,0.1,159.144,100,0,0,0,0,0,0,0,0,18.3498,0,0,3067596,0,99.9405,0,0,0,0,0,15521295,21625.9,3990.15,29.8359,12.226,6469.5,0.184508,99.9405,3.34275,0,latest,0,12984208,0,0,0,0,0
7,100,1,1,4,6,201,150,0.75,0,0,0,10,100000,0.1,159.144,100,0,0,0,0,0,0,0,0,18.3498,0,0,3068936,0,99.9413,0,0,0,0,0,14815781,22657.6,4047.61,28.2365,12.3133,6778.18,0.178642,99.9413,3.34273,0,latest,0,12782276,0,0,0,0,0
8,100,1,1,4,6,201,150,0.75,0,0,0,10,100000,0.1,159.144,100,0,0,0,0,0,0,0,0,18.3498,0,0,3072067,0,99.9425,0,0,0,0,0,14802429,22676.1,4051.29,28.2438,12.3217,6783.98,0.178659,99.9425,3.34259,0,latest,0,12803993,0,0,0,0,0
9,100,1,1,4,6,201,150,0.75,0,0,0,10,100000,0.1,159.144,100,0,0,0,0,0,0,0,0,18.3498,0,0,3070207,0,99.9422,0,0,0,0,0,14773914,22668.2,4049.39,28.2387,12.3126,6797.1,0.178638,99.9422,3.33498,0,latest,0,12771185,0,0,0,0,0
10,100,1,1,4,6,201,150,0.75,0,0,0,10,100000,0.1,159.144,100,0,0,0,0,0,0,0,0,18.3498,0,0,3064827,0,99.9395,0,0,0,0,0,14749842,22640.3,4048.1,28.2923,12.3214,6808.08,0.178801,99.9395,3.3255,0,latest,0,12743646,0,0,0,0,0
11,100,1,1,4,6,201,150,0.75,0,0,0,10,100000,0.1,159.144,100,0,0,0,0,0,0,0,0,18.3498,0,0,3066107,0,99.9365,0,0,0,0,0,14715325,22607.5,4047.08,28.2869,12.3128,6824.14,0.179015,99.9365,3.31287,0,latest,0,12705695,0,0,0,0,0
12,100,1,1,4,6,201,150,0.75,0,0,0,10,100000,0.1,159.144,100,0,0,0,0,0,0,0,0,18.3498,0,0,3069552,0,99.9407,0,0,0,0,0,14726154,22669.6,4055.76,28.2509,12.3227,6818.95,0.178907,99.9407,3.3245,0,latest,0,12798394,0,0,0,0,0
13,100,1,1,4,6,201,150,0.75,0,0,0,10,100000,0.1,159.144,100,0,0,0,0,0,0,0,0,18.3498,0,0,3069107,0,99.9417,0,0,0,0,0,14689540,22838.2,4067.84,28.2622,12.3346,6836.09,0.178116,99.9417,3.34082,0,latest,0,12858750,0,0,0,0,0
14,100,1,1,4,6,201,150,0.75,0,0,0,10,100000,0.1,159.144,100,0,0,0,0,0,0,0,0,18.3498,0,0,3069583,0,99.9422,0,0,0,0,0,14704198,22828.6,4066.01,28.2803,12.3385,6829.21,0.178111,99.9422,3.34278,0,latest,0,12848929,0,0,0,0,0
15,100,1,1,4,6,201,150,0.75,0,0,0,10,100000,0.1,159.144,100,0,0,0,0,0,0,0,0,18.3498,0,0,3072176,0,99.9417,0,0,0,0,0,14680121,22848.7,4067.41,28.2919,12.3399,6840.81,0.178015,99.9417,3.34006,0,latest,0,12824857,0,0,0,0,0
16,100,1,1,4,6,201,150,0.75,0,0,0,10,100000,0.1,159.144,100,0,0,0,0,0,0,0,0,18.3498,0,0,3070467,0,99.9425,0,0,0,0,0,14668149,22885.1,4070.48,28.2702,12.3425,6846.08,0.177866,99.9425,3.34281,0,latest,0,12842060,0,0,0,0,0
17,100,1,1,4,6,201,150,0.75,0,0,0,10,100000,0.1,159.144,100,0,0,0,0,0,0,0,0,18.3498,0,0,3073684,0,99.9425,0,0,0,0,0,14618601,22960.8,4078.47,28.297,12.3543,6869.18,0.177628,99.9425,3.34258,0,latest,0,12847958,0,0,0,0,0
18,100,1,1,4,6,201,150,0.75,0,0,0,10,100000,0.1,159.144,100,0,0,0,0,0,0,0,0,18.3498,0,0,3069858,0,99.9417,0,0,0,0,0,14617861,22962.6,4076.87,28.2929,12.3516,6870.43,0.177544,99.9417,3.34223,0,latest,0,12839134,0,0,0,0,0
19,100,1,1,4,6,201,150,0.75,0,0,0,10,100000,0.1,159.144,100,0,0,0,0,0,0,0,0,18.3498,0,0,3068059,0,99.9418,0,0,0,0,0,14665155,22893.9,4068.56,28.2757,12.3395,6849.61,0.177714,99.9418,3.34237,0,latest,0,12825425,0,0,0,0,0
20,100,1,1,4,6,201,150,0.75,0,0,0,10,100000,0.1,159.144,100,0,0,0,0,0,0,0,0,18.3498,0,0,3066442,0,99.9421,0,0,0,0,0,14649129,22920.1,4072.98,28.288,12.3464,6856.84,0.177703,99.9421,3.34267,0,latest,0,12845105,0,0,0,0,0
21,100,1,1,4,6,201,150,0.75,0,0,0,10,100000,0.1,159.144,100,0,0,0,0,0,0,0,0,18.3498,0,0,3064937,0,99.9428,0,0,0,0,0,14654163,22911.4,4071.99,28.2803,12.3439,6854.22,0.177728,99.9428,3.34267,0,latest,0,12848103,0,0,0,0,0
22,100,1,1,4,6,201,150,0.75,0,0,0,10,100000,0.1,159.144,100,0,0,0,0,0,0,0,0,18.3498,0,0,3066419,0,99.9409,0,0,0,0,0,14641577,22930.6,4073.27,28.2737,12.3426,6859.92,0.177634,99.9409,3.34269,0,latest,0,12842896,0,0,0,0,0
23,100,1,1,4,6,201,150,0.75,0,0,0,10,100000,0.1,159.144,100,0,0,0,0,0,0,0,0,18.3498,0,0,3069724,0,99.9417,0,0,0,0,0,14617539,22967.4,4075.88,28.2851,12.344,6870.78,0.177464,99.9417,3.34276,0,latest,0,12826822,0,0,0,0,0
24,100,1,1,4,6,201,150,0.75,0,0,0,10,100000,0.1,159.144,100,0,0,0,0,0,0,0,0,18.3498,0,0,3075738,0,99.942,0,0,0,0,0,14673472,22878.3,4067.37,28.2663,12.3357,6845.21,0.177783,99.942,3.34223,0,latest,0,12819979,0,0,0,0,0
25,100,1,1,4,6,201,150,0.75,0,0,0,10,100000,0.1,159.144,100,0,0,0,0,0,0,0,0,18.3498,0,0,3076976,0,99.9428,0,0,0,0,0,14646013,22922,4071.76,28.2807,12.3434,6858.31,0.177635,99.9428,3.34223,0,latest,0,12830151,0,0,0,0,0
26,100,1,1,4,6,201,150,0.75,0,0,0,10,100000,0.1,159.144,100,0,0,0,0,0,0,0,0,18.3498,0,0,3075239,0,99.944,0,0,0,0,0,14680825,22867.8,4068.64,28.2743,12.3392,6840.17,0.17792,99.944,3.34316,0,latest,0,12837174,0,0,0,0,0
27,100,1,1,4,6,201,150,0.75,0,0,0,10,100000,0.1,159.144,100,0,0,0,0,0,0,0,0,18.3498,0,0,3069968,0,99.9417,0,0,0,0,0,14664628,22889.4,4069.96,28.2858,12.3418,6848.18,0.17781,99.9417,3.3424,0,latest,0,12827312,0,0,0,0,0
28,100,1,1,4,6,201,150,0.75,0,0,0,10,100000,0.1,159.144,100,0,0,0,0,0,0,0,0,18.3498,0,0,3074722,0,99.9411,0,0,0,0,0,14653314,22907.2,4070.46,28.3042,12.3438,6854.22,0.177693,99.9411,3.34206,0,latest,0,12822446,0,0,0,0,0
29,100,1,1,4,6,201,150,0.75,0,0,0,10,100000,0.1,159.144,100,0,0,0,0,0,0,0,0,18.3498,0,0,3076537,0,99.941,0,0,0,0,0,14714146,22817.7,4060.99,28.2626,12.3292,6826.64,0.177975,99.941,3.34245,0,latest,0,12803224,0,0,0,0,0
0,100,1,1,4,6,202,150,0.75,0,0,0,10,100000,0.1,159.155,100,0,0,0,0,0,0,0,0,18.7482,0,0,4995328,0,2.43577,0,0,0,10430389,0,625,639.122,1310.74,46.9984,10.4624,3228.07,2.05085,2.43577,0.197989,0,latest,0,1,718187,0,0,0,0
1,100,1,1,4,6,202,150,0.75,0,0,0,10,100000,0.1,159.155,100,0,0,0,0,0,0,0,0,18.7482,0,0,3034514,0,99.5916,0,0,0,0,0,19580560,9507.57,3010.38,27.2683,10.6508,5117.38,0.31663,99.5916,1.8579,0,latest,0,7724034,0,0,0,0,0
2,100,1,1,4,6,202,150,0.75,0,0,0,10,100000,0.1,159.155,100,0,0,0,0,0,0,0,0,18.7482,0,0,3065859,0,99.9303,0,0,0,0,0,20560950,12764,3176.97,26.7416,10.8406,4884.31,0.248902,99.9303,2.61326,0,latest,0,9737361,0,0,0,0,0
3,100,1,1,4,6,202,150,0.75,0,0,0,10,100000,0.1,159.155,100,0,0,0,0,0,0,0,0,18.7482,0,0,3067672,0,99.9351,0,0,0,0,0,21570304,15403.8,3307.42,26.9416,11.0333,4655.9,0.214714,99.9351,3.30846,0,latest,0,11516568,0,0,0,0,0
4,100,1,1,4,6,202,150,0.75,0,0,0,10,100000,0.1,159.155,100,0,0,0,0,0,0,0,0,18.7482,0,0,3063655,0,99.9369,0,0,0,0,0,21478549,15614,3320.76,26.9505,11.0456,4675.98,0.212678,99.9369,3.33919,0,latest,0,11602523,0,0,0,0,0
5,100,1,1,4,6,202,150,0.75,0,0,0,10,100000,0.1,159.155,100,0,0,0,0,0,0,0,0,18.7482,0,0,3058184,0,99.9355,0,0,0,0,0,21500772,15613.2,3319.71,26.9521,11.0506,4670.93,0.212623,99.9355,3.34263,0,latest,0,11596226,0,0,0,0,0
6,100,1,1,4,6,202,150,0.75,0,0,0,10,100000,0.1,159.155,100,0,0,0,0,0,0,0,0,18.7482,0,0,3062078,0,99.9361,0,0,0,0,0,21514007,15587.5,3316.87,26.9575,11.0439,4668.27,0.21279,99.9361,3.33904,0,latest,0,11566805,0,0,0,0,0
7,100,1,1,4,6,202,150,0.75,0,0,0,10,100000,0.1,159.155,100,0,0,0,0,0,0,0,0,18.7482,0,0,3060254,0,99.9349,0,0,0,0,0,21475652,15632.3,3321.59,26.9546,11.054,4676.4,0.212482,99.9349,3.34281,0,latest,0,11600315,0,0,0,0,0
8,100,1,1,4,6,202,150,0.75,0,0,0,10,100000,0.1,159.155,100,0,0,0,0,0,0,0,0,18.7482,0,0,3065098,0,99.9357,0,0,0,0,0,21464529,15639.6,3321.89,26.9584,11.0536,4678.82,0.212403,99.9357,3.34263,0,latest,0,11585453,0,0,0,0,0
9,100,1,1,4,6,202,150,0.75,0,0,0,10,100000,0.1,159.155,100,0,0,0,0,0,0,0,0,18.7482,0,0,3067208,0,99.9368,0,0,0,0,0,21438790,15658.7,3322.66,26.9465,11.0491,4684.52,0.212192,99.9368,3.34265,0,latest,0,11582577,0,0,0,0,0
10,100,1,1,4,6,202,150,0.75,0,0,0,10,100000,0.1,159.155,100,0,0,0,0,0,0,0,0,18.7482,0,0,3067620,0,99.9377,0,0,0,0,0,21371710,15708.6,3326.94,26.9528,11.0478,4699.09,0.211791,99.9377,3.3429,0,latest,0,11579698,0,0,0,0,0
11,100,1,1,4,6,202,150,0.75,0,0,0,10,100000,0.1,159.155,100,0,0,0,0,0,0,0,0,18.7482,0,0,3072735,0,99.9364,0,0,0,0,0,21454352,15646.5,3322.66,26.9543,11.0559,4681.09,0.212357,99.9364,3.3425,0,latest,0,11591649,0,0,0,0,0
12,100,1,1,4,6,202,150,0.75,0,0,0,10,100000,0.1,159.155,100,0,0,0,0,0,0,0,0,18.7482,0,0,3070792,0,99.9381,0,0,0,0,0,21464921,15639.6,3321.35,26.9393,11.0514,4679.06,0.212368,99.9381,3.34247,0,latest,0,11589510,0,0,0,0,0
13,100,1,1,4,6,202,150,0.75,0,0,0,10,100000,0.1,159.155,100,0,0,0,0,0,0,0,0,18.7482,0,0,3074725,0,99.9364,0,0,0,0,0,21438916,15658,3323.67,26.9524,11.0566,4684.58,0.212267,99.9364,3.34246,0,latest,0,11587402,0,0,0,0,0
14,100,1,1,4,6,202,150,0.75,0,0,0,10,100000,0.1,159.155,100,0,0,0,0,0,0,0,0,18.7482,0,0,3072221,0,99.9363,0,0,0,0,0,21517806,15601.1,3318.17,26.9403,11.0493,4667.11,0.212688,99.9363,3.34278,0,latest,0,11575373,0,0,0,0,0
15,100,1,1,4,6,202,150,0.75,0,0,0,10,100000,0.1,159.155,100,0,0,0,0,0,0,0,0,18.7482,0,0,3072664,0,99.9365,0,0,0,0,0,21500485,15613.3,3319.25,26.9473,11.0498,4670.97,0.212591,99.9365,3.34264,0,latest,0,11578194,0,0,0,0,0
16,100,1,1,4,6,202,150,0.75,0,0,0,10,100000,0.1,159.155,100,0,0,0,0,0,0,0,0,18.7482,0,0,3071557,0,99.9383,0,0,0,0,0,21383191,15698.8,3325.62,26.9644,11.0593,4696.52,0.211839,99.9383,3.34265,0,latest,0,11570100,0,0,0,0,0
17,100,1,1,4,6,202,150,0.75,0,0,0,10,100000,0.1,159.155,100,0,0,0,0,0,0,0,0,18.7482,0,0,3073523,0,99.9358,0,0,0,0,0,21456963,15644.7,3321.7,26.947,11.0547,4680.53,0.212321,99.9358,3.3425,0,latest,0,11583498,0,0,0,0,0
18,100,1,1,4,6,202,150,0.75,0,0,0,10,100000,0.1,159.155,100,0,0,0,0,0,0,0,0,18.7482,0,0,3072861,0,99.936,0,0,0,0,0,21478526,15628,3320.09,26.9377,11.0503,4675.89,0.212445,99.936,3.34225,0,latest,0,11576484,0,0,0,0,0
19,100,1,1,4,6,202,150,0.75,0,0,0,10,100000,0.1,159.155,100,0,0,0,0,0,0,0,0,18.7482,0,0,3077019,0,99.9365,0,0,0,0,0,21427151,15665.3,3323.52,26.9501,11.0576,4686.76,0.212158,99.9365,3.34246,0,latest,0,11583914,0,0,0,0,0
